1875
     -5.9972095500000000      -0.0749087400000000       4.4641556299999996      -0.0396369565767607
     -7.4450675400000002       0.6673197900000000       4.3732960800000003      -0.0253011862255992
     -6.5114672000000002      -1.4807560900000001       4.2824365300000000      -0.0337114238807548
     -8.4798734800000002      -0.4012679700000000       4.1007174199999996      -0.0146280861754313
     -7.7318935000000000      -2.1872053299999998       3.8281387599999999      -0.0187646456866215
     -9.0837875599999993       0.9359783900000000       3.6464196599999998      -0.0064867724907280
     -9.2198185400000003      -1.5729526700000001       3.3738410000000001      -0.0031666475952008
    -10.0632935299999993       0.0668683000000000       2.9195432399999999       0.0087064175215517
     -8.9701500500000009      -2.8733824600000002       2.6469645800000001       0.0017408724827277
     -9.7291352100000008       2.0780165099999999       2.4652454700000002       0.0079146851805447
     -9.9998322700000006      -2.6809425899999999       1.4657903999999999       0.0172772222747852
     -9.7755909800000005      -3.2619569799999999      -0.4422602100000000       0.0208664327048957
    -10.0671638300000001       2.7610424800000000      -0.6239793100000000       0.0209150746420779
     -9.7834915099999993       1.8851152700000000      -2.5320299199999998       0.0072724259327117
     -9.9165375900000008      -1.3097962299999999      -2.8046085800000000       0.0072018287358144
     -9.6560564400000004       0.5584594800000000      -3.2589063399999998       0.0010027513039077
     -8.7351999199999995      -1.8804284899999999      -3.5314850000000000      -0.0086486432768709
     -8.4383703800000003       1.6851520900000001      -3.7132041000000000      -0.0128504682706918
     -8.6740976300000003      -0.3695706400000000      -3.9857827600000002      -0.0127084922400904
     -7.0152304599999997       1.5420931899999999      -4.1675018599999998      -0.0287285179665204
     -7.3245139999999997      -1.3061636000000001      -4.2583614200000000      -0.0259726336168242
     -5.5913364300000001       0.2692522500000000      -4.3492209700000002      -0.0439146017462626
     -7.2162700299999996       0.1868705500000000      -4.4400805200000004      -0.0281044785929225
     -4.7059219800000003       2.2224500400000000       4.4661965400000003      -0.0400454199550619
     -6.1537799800000004       2.9646785699999998       4.3753369800000002      -0.0250647684435794
     -5.2201796399999996       0.8166026900000000       4.2844774299999999      -0.0461755408378099
     -4.3328569999999997       3.5407321999999999       4.1936178799999997      -0.0332768653417546
     -7.1885859200000004       1.8960908100000000       4.1027583200000004      -0.0250133273367048
     -5.9219349699999997       4.3739787699999999       3.9210392199999999      -0.0139165807458905
     -7.7925000000000004       3.2333371700000000       3.6484605600000002      -0.0095802087512329
     -4.4809644700000000       4.9725382400000004       3.4667414600000002      -0.0168027265979038
     -7.1727059899999999       4.8242230099999999       3.1941628000000000       0.0029378197421437
     -5.5088060700000003       5.7960641400000004       2.7398650400000002       0.0051126459025816
     -8.4378476399999993       4.3753752900000000       2.4672863800000000       0.0117876783215252
     -9.3594214800000000       3.2810184300000000       1.7404099600000000       0.0132194533799002
     -9.3837161400000006       3.6533907000000001      -1.3488148300000000       0.0171560057191336
     -5.7206386399999998       6.0858793999999996      -2.2574103600000002       0.0137894747652343
     -8.4922039500000004       4.1824740599999997      -2.5299890100000000       0.0089335900340117
     -6.7939628499999998       5.2447127900000003      -2.9842867800000001       0.0055169825497998
     -8.3647688799999997       2.8558182599999999      -3.2568654300000000      -0.0067609788021681
     -5.0010706899999997       5.0842251000000003      -3.4385845399999999      -0.0118138607491254
     -7.1470828199999996       3.9825108800000000      -3.7111632000000001      -0.0087985686870748
     -7.3828100699999997       1.9277881400000001      -3.9837418599999999      -0.0235109475408279
     -5.7239428999999999       3.8394519699999998      -4.1654609599999999      -0.0211049784730744
     -4.3000488600000004       2.5666110299999998      -4.3471800700000003      -0.0409851123472968
     -5.9249824699999998       2.4842293299999998      -4.4380396199999996      -0.0305207570966051
     -2.0556379800000002       2.2824677400000000       4.4545180300000000      -0.0490432936124723
     -3.5034959699999999       3.0246962700000002       4.3636584799999998      -0.0409564355694396
     -2.5698956300000000       0.8766203900000000       4.2727989199999996      -0.0543552775209868
     -3.7903219300000002       0.1701711500000000       3.8185011599999998      -0.0585746641486509
     -3.0736588899999999       3.8994696700000002      -4.1771394700000002      -0.0370943310622618
     -3.3829424299999999       1.0512128800000000      -4.2679990200000004      -0.0524279624263677
     -1.6497648600000001       2.6266287300000002      -4.3588585699999998      -0.0495467136157117
     -3.2746984600000002       2.5442470300000002      -4.4497181200000000      -0.0443611394145513
     -0.7245338900000000       4.5725321799999996       4.4472803799999996      -0.0388459457165133
     -2.1723918800000002       5.3147607099999998       4.3564208300000002      -0.0267166937880372
     -1.2387915500000000       3.1666848299999999       4.2655612700000001      -0.0489719781611377
     -0.3514689000000000       5.8908143300000004       4.1747017199999998      -0.0280777226053406
     -3.2071978200000002       4.2461729500000001       4.0838421699999996      -0.0333343324653583
     -1.9405468699999999       6.7240609100000004       3.9021230600000001      -0.0130925525069348
     -3.8111119000000002       5.5834193100000000       3.6295443999999999      -0.0143765839014218
     -0.4995763700000000       7.3226203800000000       3.4478252999999999      -0.0107698892995582
     -3.1913178900000001       7.1743051500000004       3.1752466400000001       0.0022316708880723
     -1.5274179699999999       8.1461462800000000       2.7209488799999999       0.0058199034087671
     -4.4564595499999999       6.7254574299999996       2.4483702200000002       0.0112081761855567
     -0.6467275700000000       8.7354938299999993       1.5397746999999999       0.0152703960534311
     -0.3054550400000000       8.6622094599999997      -1.5494500899999999       0.0142881307056530
     -4.5108158500000002       6.5325561900000002      -2.5489051699999998       0.0082871251646530
     -2.8125747500000000       7.5947949299999999      -3.0032029300000000       0.0059438725312955
     -4.3833807800000004       5.2059004000000000      -3.2757815899999998      -0.0141599750939569
     -1.0196825899999999       7.4343072399999999      -3.4575007000000002      -0.0078551880486373
     -3.1656947199999999       6.3325930100000001      -3.7300793500000000      -0.0101960676811679
     -3.4014219799999998       4.2778702700000002      -4.0026580100000002      -0.0323343385602932
     -1.7425548099999999       6.1895341100000003      -4.1843771199999997      -0.0199361995655334
     -0.3186607700000000       4.9166931700000003      -4.3660962200000002      -0.0373284457474305
     -1.9435943700000000       4.8343114700000003      -4.4569557800000004      -0.0320968511777249
      1.9159235400000001       4.5997442299999998       4.4427072399999998      -0.0344733625740865
      0.4680655500000000       5.3419727699999999       4.3518476899999996      -0.0328267712258441
      1.4016658900000001       3.1938968800000000       4.2609881400000003      -0.0485113421964805
      2.2889885300000001       5.9180263899999996       4.1701285800000001      -0.0202371005863906
      0.6999105600000000       6.7512729599999997       3.8975499299999998      -0.0175701417332572
      0.1812395900000000       2.4874476500000000       3.8066903700000001      -0.0580201543761980
      3.6453966599999998       5.4642091600000002       3.7158308199999999      -0.0174525366578280
      2.1408810599999999       7.3498324300000002       3.4432521600000001      -0.0034947731338537
      3.8415993799999999       6.7601072599999998       2.9889543999999999       0.0026343045033759
      1.1130394600000000       8.1733583299999992       2.7163757400000001       0.0044751783509085
      4.9200370700000002       6.5137463999999996       1.8077802199999999       0.0190452557199947
      0.4867164100000000       8.9509121000000000       0.8083251400000000       0.0205790139511741
     -0.0681629100000000       8.7501930500000000      -1.0997254700000001       0.0177400614395147
      0.9012068900000000       8.4631735900000002      -2.2808996499999998       0.0097132255003274
      4.0143222400000003       6.2211964699999998      -3.1894951800000002      -0.0036901066077348
      1.6207748399999999       7.4615192900000000      -3.4620738300000000      -0.0046650836266444
      2.6889733300000001       6.3241445000000001      -3.9163716000000002      -0.0133465045886449
      0.8979026300000000       6.2167461599999996      -4.1889502500000004      -0.0226920591771229
      0.5886190900000000       3.3684893800000002      -4.2798098099999997      -0.0490722734192346
      2.3217966600000000       4.9439052200000004      -4.3706693599999999      -0.0296422221336528
      0.6968630600000000       4.8615235200000004      -4.4615289100000002      -0.0361841766271667
      3.2944030600000000       2.3383847300000000       4.4463922100000000      -0.0457487337647837
      1.8465450699999999       3.0806132599999998       4.3555326499999998      -0.0468785419766640
      2.7801454099999998       0.9325373800000000       4.2646731000000004      -0.0540294732828137
      3.6674680500000001       3.6566668800000000       4.1738135500000002      -0.0365699247536373
      0.8117391300000000       2.0120255000000000       4.0829540000000000      -0.0558105450723865
      0.6175149800000000       2.0437228300000001      -4.0035461799999998      -0.0567795443096912
      3.7002761799999999       2.6825457199999998      -4.3669843899999998      -0.0430383942071391
      2.0753425800000000       2.6001640199999998      -4.4578439500000000      -0.0476977555175804
      5.9453862700000002       2.3328856299999998       4.4504740099999998      -0.0318714739820596
      4.4975282700000001       3.0751141600000000       4.3596144600000004      -0.0360948231775762
      5.4311286100000000       0.9270382800000000       4.2687549100000002      -0.0449947249246616
      6.3184512599999998       3.6511677800000002       4.1778953599999999      -0.0190892232632898
      4.7293732899999998       4.4844143599999997       3.9053167000000002      -0.0219516976726748
      4.2107023100000003       0.2205890400000000       3.8144571500000000      -0.0577566347089586
      7.6748593800000000       3.1973505499999999       3.7235975899999998      -0.0120404006672494
      6.1703437900000004       5.0829738300000002       3.4510189400000000      -0.0040452887878413
      7.8710621099999996       4.4932486500000000       2.9967211699999998       0.0041679605413947
      5.1425021900000001       5.9064997300000002       2.7241425200000000       0.0032521526593783
      9.6017606299999994       3.5096962000000000       0.6343728100000000       0.0203984315686299
      9.2790486800000007       4.0177136600000001      -1.2736778000000000       0.0188124445642632
      4.9306696199999998       6.1963149900000003      -2.2731328799999999       0.0103261142688726
      9.0131191899999994       3.0256620200000000      -2.4548519799999999       0.0039121684472843
      8.0437849600000000       3.9543378599999999      -3.1817283999999999      -0.0009682855192672
      5.6502375599999999       5.1946606900000001      -3.4543070600000001      -0.0064384188102053
      6.7184360500000002       4.0572858900000002      -3.9086048199999999      -0.0123051563925358
      4.9273653499999996       3.9498875600000001      -4.1811834799999996      -0.0259252306788440
      4.6180818199999996       1.1016307700000001      -4.2720430299999999      -0.0486891162407144
      6.3512593900000001       2.6770466200000000      -4.3629025900000000      -0.0267435949386918
      4.7263257799999998       2.5946649200000000      -4.4537621400000003      -0.0379566212036906
      7.2840870600000001       0.0629089800000000       4.4525149199999996      -0.0273451751513623
      5.8362290600000000       0.8051375100000000       4.3616553700000003      -0.0412467306649109
      6.7698293999999999      -1.3429383699999999       4.2707958100000001      -0.0315279493455591
      7.6571520399999997       1.3811911299999999       4.1799362599999998      -0.0223132954467236
      4.8014231199999999      -0.2634502600000000       4.0890767099999996      -0.0519344834387070
      8.3849479999999996      -1.0429812999999999       3.9982171599999998      -0.0150937257599164
      9.0135601699999999       0.9273739000000000       3.7256385000000001      -0.0077636945922563
      9.6613361500000003      -0.5999053400000000       3.2713407399999999       0.0012674729694631
      9.2097628900000004       2.2232720000000001       2.9987620800000001      -0.0003701664860269
      9.1318488200000001      -2.4103950400000000       2.8170429700000001       0.0004403145159610
      9.5781451200000003       3.2946752199999998       1.0907114700000000       0.0178976206054813
     10.1551463500000008      -2.6000666400000001       0.9089923700000000       0.0206346552956607
      9.5905654100000000       2.8132685799999999      -1.9985133100000001       0.0106068272342146
      9.5727104799999996      -2.5657391299999999      -2.1802324199999998       0.0086959956764172
      9.8308505400000001      -1.2153472999999999      -2.9071088399999998       0.0052687660812207
      9.3824857500000007       1.6843612100000001      -3.1796875000000000      -0.0007083830027366
      8.3885147599999996      -2.3643165599999998      -3.3614066000000000      -0.0098620235477540
      9.2945072799999995      -0.0207259300000000      -3.6339852600000002      -0.0049197809521786
      8.0571368400000001       1.7873092399999999      -3.9065639200000000      -0.0170340100818720
      4.6071989699999998      -0.2317529300000000      -3.9974234700000002      -0.0540799279830626
      8.1948334500000009      -0.9921462800000000      -4.0882830200000004      -0.0174372167662344
      7.6899601799999999       0.4070699700000000      -4.3608616800000002      -0.0233411421166387
      6.0650265699999997       0.3246882700000000      -4.4517212300000004      -0.0392253850367990
      5.9913822000000003      -2.2336183200000002       4.4486220799999998      -0.0318198026386334
      4.5435242000000002      -1.4913897899999999       4.3577625299999996      -0.0462131117324827
      5.4771245400000002      -3.6394656799999998       4.2669029800000002      -0.0246052257402649
      7.0922431399999999      -3.3395085999999998       3.9943243200000000      -0.0153951732120525
      4.2566982400000004      -4.3459149100000003       3.8126052200000000      -0.0267489723964385
      6.5276823700000000      -4.7422544999999996       3.5400265599999998      -0.0050404706070246
      8.3686312899999997      -2.8964326400000000       3.2674479000000001      -0.0063379050663137
      4.9336775499999996      -5.4752491299999999       3.0857287900000001      -0.0058271550763020
      7.8391439600000004      -4.7069223500000001       2.8131501399999999       0.0083664053172168
      8.9690792800000008      -3.9039945100000000       2.0862737199999999       0.0124420165224226
      9.6481494300000001      -3.5576291400000000       0.1782231100000000       0.0219389100228309
      8.5381456799999995      -3.5118746000000001      -2.9110016800000000       0.0011683784358354
      7.0958098999999999      -4.6608438599999999      -3.3652994399999998      -0.0009026677580017
      8.0018024200000006      -2.3172532299999999      -3.6378781000000000      -0.0147863826794623
      5.4868815199999998      -4.6100826899999996      -3.8195972000000000      -0.0147684332377374
      6.9021285900000002      -3.2886735900000001      -4.0921758600000002      -0.0173819836469740
      4.9733612799999998      -0.6166164000000000      -4.1830354099999996      -0.0494329241008931
      4.6640777499999997      -3.4648731800000001      -4.2738949599999998      -0.0317509084942103
      6.3972553200000002      -1.8894573299999999      -4.3647545200000000      -0.0314709079368480
      4.7723217099999999      -1.9718390400000001      -4.4556140700000002      -0.0415584194796086
      3.3416462100000000      -2.2909715099999999       4.4454473400000003      -0.0457208406319562
      1.8937882200000000      -1.5487429800000001       4.3545877900000001      -0.0529645093963573
      2.8273885600000002      -3.6968188600000000       4.2637282399999998      -0.0396459878132553
      3.7147112000000000      -0.9726893599999999       4.1728686899999996      -0.0530583911168652
      0.8589822800000000      -2.6173307399999999       4.0820091300000003      -0.0540754028751671
      0.6647581299999999      -2.5856334099999998      -4.0044910500000004      -0.0553829368345760
      3.7475193299999998      -1.9468105200000001      -4.3679292600000004      -0.0471177008958836
      2.1225857299999999      -2.0291922200000001      -4.4587888099999997      -0.0499847131861664
      2.0110901399999999      -4.5807902800000004       4.4420080400000002      -0.0343769802619907
      0.5632321500000000      -3.8385617500000002       4.3511484899999999      -0.0457304765308937
      1.4968324900000001      -5.9866376399999996       4.2602889399999997      -0.0233036526984911
      3.1119510899999998      -5.6866805600000001       3.9877102799999999      -0.0184109667293715
      0.2764061900000000      -6.6930868700000001       3.8059911700000000      -0.0195181061704819
      2.5473903099999999      -7.0894264600000003       3.5334125200000002      -0.0049129979805809
      4.3883392299999997      -5.2436046000000003       3.2608338600000000      -0.0137343397125758
      0.9533854899999999      -7.8224210899999997       3.0791147500000000      -0.0025106088229396
      3.8588519099999998      -7.0540943100000000       2.8065361000000002       0.0075877357312297
      4.9887872299999998      -6.2511664600000003       2.0796596799999998       0.0136952477599870
      0.4291819800000000      -8.9780950500000003      -0.0101100300000000       0.0218541003367054
      1.0569901900000001      -8.6412251100000006      -1.9181606400000000       0.0137816253458816
      4.5578536200000004      -5.8590465600000003      -2.9176157200000001      -0.0024008997207492
      0.4256492900000000      -7.7090957800000002      -3.0993348200000002      -0.0050342795472265
      3.1155178499999998      -7.0080158199999998      -3.3719134799999999      -0.0014164924195654
      4.0215103699999997      -4.6644251900000002      -3.6444921400000001      -0.0247018782681874
      1.5065894700000000      -6.9572546500000003      -3.8262112400000001      -0.0124683315459269
      2.9218365300000002      -5.6358455400000000      -4.0987898999999999      -0.0199882110645184
      0.9930692300000000      -2.9637883500000002      -4.1896494500000001      -0.0514690431435039
      0.6837856900000000      -5.8120451400000004      -4.2805090100000003      -0.0279048060413167
      2.4169632600000002      -4.2366292899999998      -4.3713685599999996      -0.0361138846226261
      0.7920296600000000      -4.3190109999999997      -4.4622281099999999      -0.0408166000729988
     -0.6289893400000000      -4.6082858000000000       4.4414222299999997      -0.0388502577782877
     -2.0768473400000000      -3.8660572599999998       4.3505626700000004      -0.0409287450072942
     -1.1432469999999999      -6.0141331500000001       4.2597031200000002      -0.0241671739725486
     -0.2559243600000000      -3.2900036400000001       4.1688435699999999      -0.0511164610432715
     -3.1116532800000001      -4.9346450300000004       4.0779840199999997      -0.0267613704950396
     -2.3636732999999999      -6.7205823799999997       3.8054053600000000      -0.0107485816688602
     -0.0926891700000000      -7.1169219699999999       3.5328267000000002      -0.0141103942007064
     -3.8515983299999998      -6.1063297299999997       3.3511076000000002      -0.0073387943212850
     -1.6866939999999999      -7.8499166100000002       3.0785289400000000       0.0015826394983822
     -0.4266336500000000      -8.3421388499999996       2.3516525200000000       0.0060765173479904
     -0.2861052900000000      -8.1187948999999993      -2.6456228700000000       0.0019407567620249
     -4.5483173800000003      -5.8431732900000002      -2.8273419799999999      -0.0020407415534702
     -2.2144301999999998      -7.7365912999999997      -3.0999206400000001       0.0034891898485387
     -3.3669797099999998      -6.4138055500000002      -3.5542183999999999      -0.0074114212475873
     -1.1334900200000000      -6.9847501599999999      -3.8267970600000001      -0.0133256126738655
     -3.3058774299999998      -4.9029477000000004      -4.0085161600000001      -0.0260150282411864
     -1.9562938000000001      -5.8395406500000000      -4.2810948199999999      -0.0224940556591111
     -0.2231162200000000      -4.2641248100000002      -4.3719543700000001      -0.0430661686922331
     -1.8480498299999999      -4.3465065100000002      -4.4628139300000003      -0.0369245548504988
     -2.0067885599999999      -2.3466428399999999       4.4470158199999998      -0.0491200846649402
     -3.4546465600000000      -1.6044143000000000       4.3561562599999997      -0.0497794410719923
     -2.5210462200000001      -3.7524901900000001       4.2652967100000003      -0.0407116423860288
     -3.7414725199999999      -4.4589394200000001       3.8109989500000001      -0.0292949656529320
     -3.0248094800000001      -0.7296409100000000      -4.1846416800000004      -0.0548901139629940
     -3.3340930100000001      -3.5778976899999999      -4.2755012299999997      -0.0382625285040312
     -1.6009154400000001      -2.0024818500000001      -4.3663607799999999      -0.0519892030480307
     -3.2258490499999999      -2.0848635500000001      -4.4572203400000001      -0.0471848162660837
     -4.6572048500000003      -2.3437893500000002       4.4511732100000003      -0.0402055569682389
     -6.1050628500000004      -1.6015608200000000       4.3603136600000001      -0.0360529961748934
     -5.1714625099999996      -3.7496366999999999       4.2694541099999999      -0.0261705185319556
     -4.2841398599999998      -1.0255072000000001       4.1785945599999996      -0.0514173256869928
     -7.1398687799999996      -2.6701485800000002       4.0877350000000003      -0.0209618497899218
     -6.3918888100000002      -4.4560859400000004       3.8151563500000001      -0.0106244273852774
     -4.1209046799999998      -4.8524255199999997       3.5425776899999999      -0.0219939135954963
     -7.8798138399999997      -3.8418332799999999       3.3608585799999999      -0.0040137687094948
     -5.7149095000000001      -5.5854201600000000       3.0882799200000002       0.0003405573819908
     -9.0423040500000003      -3.5393319100000000       2.1796844000000002       0.0087910339230000
     -8.5765328899999993      -3.5786768400000000      -2.8175909899999998       0.0017746578636704
     -6.2426457099999997      -5.4720948500000004      -3.0901696500000000       0.0030083428746721
     -7.3951952199999997      -4.1493091000000000      -3.5444674100000002      -0.0053923003889018
     -5.1617055299999999      -4.7202537199999997      -3.8170460700000000      -0.0162204665720100
     -7.3340929399999997      -2.6384512600000001      -3.9987651799999999      -0.0195298840782208
     -5.9845093000000000      -3.5750442100000002      -4.2713438300000002      -0.0220716426015564
     -4.2513317300000004      -1.9996283600000000      -4.3622033900000003      -0.0451708035771361
     -5.8762653299999998      -2.0820100600000000      -4.4530629399999997      -0.0340852550877582
     -0.6953943100000000      -0.0178390100000000       4.4489433399999996      -0.0547484797321971
     -2.1432523099999998       0.7243895200000000       4.3580837800000003      -0.0541927077059015
     -1.2096519699999999      -1.4236863700000000       4.2672242300000001      -0.0550001923231100
     -0.3223293300000000       1.3004431400000001       4.1763646799999998      -0.0565268976000333
     -3.1780582499999999      -0.3441982500000000       4.0855051299999996      -0.0562122495469097
     -3.3722824000000000      -0.3125009200000000      -4.0009950500000002      -0.0568812050871976
     -0.2895211900000000       0.3263219800000000      -4.3644332600000002      -0.0557466489783280
     -1.9144547999999999       0.2439402700000000      -4.4552928200000004      -0.0537484819103753
      1.9822151299999999       0.0103179000000000       4.4467134599999998      -0.0537979931545216
      0.5343571400000000       0.7525464400000000       4.3558539100000004      -0.0553695188949632
      1.4679574700000000      -1.3955294499999999       4.2649943600000002      -0.0548375598967965
      0.2475311700000000      -2.1019786800000002       3.8106965900000001      -0.0588635257403070
      0.9641942100000001       1.6273198300000000      -4.1849440400000004      -0.0556118787842763
      0.6549106800000000      -1.2209369500000000      -4.2758035899999998      -0.0555930937771123
      2.3880882500000000       0.3544788900000000      -4.3666631400000000      -0.0541522534468761
      0.7631546500000000       0.2720971900000000      -4.4575226900000002      -0.0546121503481949
    -10.4779479099999993      -0.4137711200000000       2.6233176199999999       0.0140869944329562
    -10.9910782800000000       0.8531571400000000       1.9883696900000001       0.0200298463005311
    -11.0674361399999999      -1.4758368100000001       1.6074009300000001       0.0218085713522882
    -10.3456556899999992       2.2596986399999999       1.3534217500000001       0.0195952029793105
    -11.7145423799999993       0.0278672000000000       0.9724529900000000       0.0258205321948406
    -10.6894811799999996      -2.4949646699999999       0.5914842300000001       0.0230833914217428
    -11.2815686700000004       1.7068419900000000       0.3375050600000000       0.0249598125300725
    -11.7125665199999993      -1.0619856299999999      -0.0434637000000000       0.0265518016813751
    -11.6832855700000007       0.6921200500000000      -0.6784116300000000       0.0259585382396885
    -11.0491091800000003      -1.9253597400000000      -1.0593803900000001       0.0231294218453595
    -10.6451512800000003       2.0176888499999999      -1.3133595600000001       0.0206137461997731
    -11.3492847399999999      -0.3438540100000000      -1.6943283200000001       0.0225664210887757
    -10.5884131000000004       0.8776782900000000      -2.3292762499999999       0.0158386022825319
    -10.1525882500000009      -0.7910661000000000      -2.7102450100000000       0.0106884743621247
     -6.9785455799999996       6.0328146800000004       2.3751966000000002       0.0174883064437843
     -8.7266574299999995       4.9210946800000004       1.9942278400000000       0.0186703673845994
     -5.6244924599999999       6.5202641000000003       1.7402486600000000       0.0220256827013792
     -8.0812348299999996       6.3276361799999998       1.3592799000000000       0.0255779909092428
     -9.4501215199999997       4.0958047400000002       0.9783111400000000       0.0213735726657571
     -6.5672520600000004       7.0643258099999997       0.7243319700000000       0.0292770503319240
     -9.0171478100000009       5.7747795300000000       0.3433632100000000       0.0266223251657784
     -7.6436989000000004       6.8846058100000000      -0.2915847200000000       0.0288923975728128
     -9.4188647099999994       4.7600575999999997      -0.6725534800000000       0.0236799756628550
     -5.9112418900000003       6.9554244900000004      -0.9265326500000000       0.0293743716153205
     -8.3807304299999998       6.0856263999999998      -1.3075014100000000       0.0250279286663488
     -6.8700304499999998       6.4213568299999997      -1.9424493400000000       0.0214418429497290
     -8.3239922499999999       4.9456158300000004      -2.3234181000000000       0.0153558022194051
     -2.9266896000000000       8.4243196099999995       2.3416350600000002       0.0170337036405659
     -4.6748014500000004       7.3125996100000004       1.9606663000000000       0.0204409247617274
     -1.5726364799999999       8.9117690300000003       1.7066871299999999       0.0183607320927415
     -4.0293788599999996       8.7191411100000007       1.3257183699999999       0.0259620748853244
     -2.5153960799999999       9.4558307399999997       0.6907704400000000       0.0256203072606578
     -4.9652918300000000       8.1662844600000000       0.3098016800000000       0.0299808633519039
     -0.7942389800000000       9.1161803999999993       0.0558225100000000       0.0227690110426622
     -3.5918429199999999       9.2761107400000000      -0.3251462500000000       0.0280093948264906
     -5.3670087300000002       7.1515625299999996      -0.7061150100000000       0.0314925411490226
     -1.8593859100000001       9.3469294200000004      -0.9600941900000000       0.0234451262651252
     -4.3288744499999998       8.4771313300000006      -1.3410629500000000       0.0261081088585602
     -2.8181744800000001       8.8128617600000005      -1.9760108800000000       0.0204337645474624
     -4.2721362699999998       7.3371207600000004      -2.3569796400000000       0.0158501821311727
      3.2371591400000002       7.6964176899999996       2.7147236600000002       0.0113878891204546
      1.6971108399999999       8.4728855700000008       2.3337549000000002       0.0130812699854825
      4.4918069100000002       7.2289163099999998       2.0797757300000002       0.0182886124386208
      3.0511639700000002       8.9603349899999998       1.6988069699999999       0.0229625433369272
      4.5343979100000000       8.3348089699999992       1.0638590400000001       0.0275650643757768
      2.1084043600000002       9.5043966900000001       0.6828902800000000       0.0251559804474564
      3.8295614599999999       9.1647463600000005       0.0479423500000000       0.0287079174671785
      1.0319575200000000       9.3246766999999995      -0.3330264100000000       0.0233763692618840
      5.0158025100000003       7.8636065899999998      -0.5870055800000000       0.0302194362144874
      2.7644145400000002       9.3954953799999998      -0.9679743400000000       0.0258520005636704
      4.0987419100000002       8.4471058600000006      -1.6029222800000000       0.0247075674854145
      1.8056259699999999       8.8614277099999992      -1.9838910300000001       0.0179344313887047
      4.4380462500000002       7.0099976100000001      -2.2378702100000001       0.0156243834558794
      2.9365834899999999       8.0937395900000002      -2.6188389700000001       0.0138952445552558
      7.3375432800000002       5.3889677799999998       2.7316556099999998       0.0115710854379198
      5.7974949799999997       6.1654356500000000       2.3506868500000002       0.0136821927947892
      8.5921910500000003       4.9214663900000000       2.0967076800000002       0.0169378801106781
      7.1515481100000002       6.6528850700000000       1.7157389199999999       0.0237624356745290
      8.6347820500000001       6.0273590500000003       1.0807909800000000       0.0254097293319884
      6.2087885099999998       7.1969467800000002       0.6998222300000000       0.0296165027459985
      9.4672416699999999       4.5224670099999997       0.4458430500000000       0.0232404117293754
      7.9299456099999999       6.8572964399999998       0.0648742900000000       0.0286127662429472
      9.1161866499999995       5.5561566700000000      -0.5700736400000000       0.0253968889331180
      6.8647986799999998       7.0880454600000000      -0.9510424000000000       0.0279876925113207
      8.1991260500000003       6.1396559399999999      -1.5859903300000000       0.0237450724250117
      5.9060101100000004       6.5539778000000002      -1.9669590900000000       0.0199711800586435
      8.5384303900000003       4.7025476900000003      -2.2209382600000001       0.0147736699312180
      7.0369676400000003       5.7862896700000004      -2.6019070200000001       0.0139408304958479
     10.3765005699999993      -0.9830682400000000       2.4813803000000001       0.0138080233857423
     10.9405724400000004       0.9014145000000000       2.1004115400000001       0.0192705354116853
     11.4533853299999997      -0.5220326199999999       1.4654636100000000       0.0237030544541632
     10.9831634400000002       2.0073071599999999       1.0844948500000000       0.0228848153074992
     10.8731791100000006      -2.0791392599999998       0.8305156700000000       0.0229596145441491
     11.8156230499999992       0.5024151200000000       0.4495469200000000       0.0267078077589566
     10.2783269900000001       2.8372445499999999       0.0685781600000000       0.0227643180281643
     11.5770310999999992      -1.2459159399999999      -0.1854010200000000       0.0259506161456873
     11.4645680300000006       1.5361047800000001      -0.5663697800000000       0.0253953493156729
     10.3581912200000001      -2.4952793000000000      -0.8203489500000000       0.0214676653278847
     11.6267876700000006      -0.1592174800000000      -1.2013177100000001       0.0249514127098660
     10.5475074299999996       2.1196040500000000      -1.5822864699999999       0.0193760504192557
     10.7602810899999994      -1.4802683200000000      -1.8362656399999999       0.0191526951256407
     10.8868117800000004       0.6824958000000000      -2.2172344000000002       0.0183525353978968
      8.1091317400000005      -5.0490593700000002       2.4733678600000002       0.0145008070831842
      7.5290025199999997      -6.3251543500000000       1.8384199299999999       0.0227948320519449
      9.1860164999999991      -4.5880237399999997       1.4574511699999999       0.0204505060542495
      6.0554706600000001      -6.8949901300000001       1.2034720000000001       0.0273613911643498
      8.6058102800000000      -6.1451303900000003       0.8225032400000000       0.0266456657886938
      7.1283948800000001      -7.0744974799999998       0.1875553000000000       0.0295462224931899
      9.3096622700000005      -5.3119070700000002      -0.1934134500000000       0.0256315549290580
      8.0908223899999996      -6.5612704300000004      -0.8283613900000000       0.0274645921308156
      9.3594188400000000      -4.2252086100000001      -1.2093301500000000       0.0205207533531713
      6.4466054599999998      -6.8016265499999999      -1.4633093200000000       0.0254378920503555
      8.4929122600000007      -5.5462594500000000      -1.8442780800000000       0.0213356284827242
      7.1234598599999996      -5.8455393400000002      -2.4792260100000001       0.0158890436382446
      4.0598080000000003      -7.4370683000000000       2.4643538700000001       0.0146325438660515
      3.4796787800000000      -8.7131632900000007       1.8294059400000000       0.0224468661601342
      5.1366927499999999      -6.9760326800000003       1.4484371800000000       0.0253560452593948
      2.0061469199999999      -9.2829990700000007       1.1944580000000000       0.0227757639192365
      4.5564865299999999      -8.5331393299999991       0.8134892400000000       0.0282614255304310
      3.0790711300000000      -9.4625064200000004       0.1785413100000000       0.0272833942594559
      5.2603385200000004      -7.6999160099999999      -0.2024274500000000       0.0312445365370415
      1.3196146000000000      -9.3287142799999998      -0.4564066200000000       0.0233656075164692
      4.0414986400000004      -8.9492793699999993      -0.8373753800000000       0.0277081616395005
      2.3972817200000001      -9.1896354900000006      -1.4723233099999999       0.0226293191834497
      4.4435885099999997      -7.9342683799999998      -1.8532920700000000       0.0226108045477531
      3.0741361199999999      -8.2335482800000008      -2.4882399999999998       0.0156826147865559
     -3.2846230699999999      -8.4308709700000009       2.2092219599999998       0.0191169471442283
     -1.1434980600000000      -8.7612379199999992       1.8282532000000000       0.0160390953172982
     -4.6184627500000000      -7.7974048700000003       1.5742740300000000       0.0244729157064629
     -2.6170299199999998      -9.3310736999999992       1.1933052700000000       0.0246801391065716
     -4.2405077799999997      -8.8165327399999995       0.5583573400000000       0.0286931353611948
     -1.5441057100000000      -9.5105810500000008       0.1773885800000000       0.0246363333342092
     -5.2635931200000003      -7.3835537000000002      -0.0765905900000000       0.0331196972747030
     -3.3035622400000002      -9.3767888999999993      -0.4575593500000000       0.0277312116132773
     -0.5816781900000000      -8.9973539999999996      -0.8385281100000000       0.0209731980943797
     -4.6001357900000004      -8.2469278100000007      -1.0925072899999999       0.0276247740967701
     -2.2258951200000001      -9.2377101199999991      -1.4734760499999999       0.0227108131859506
     -4.9003113500000000      -6.6654220799999999      -1.7274552200000000       0.0212242734025221
     -3.5099496100000001      -8.4374708900000002      -2.1084239800000000       0.0205755337640614
     -7.3823993899999998      -6.1272383000000001       2.2167430700000001       0.0192156405782598
     -5.2412743800000001      -6.4576052500000003       1.8357743099999999       0.0192508902519926
     -8.7162390700000003      -5.4937722000000004       1.5817951400000001       0.0220483097048607
     -6.7148062399999997      -7.0274410300000003       1.2008263800000001       0.0268727789891816
     -8.3382840999999992      -6.5129000599999998       0.5658784500000000       0.0274754513786490
     -5.6418820299999997      -7.2069483800000000       0.1849096900000000       0.0326920006437010
     -9.3613694400000007      -5.0799210300000004      -0.0690694800000000       0.0247180063048642
     -7.4013385600000001      -7.0731562300000004      -0.4500382400000000       0.0288304786028828
     -8.6979121100000008      -5.9432951400000000      -1.0849861800000000       0.0251750743645172
     -6.3236714400000000      -6.9340774500000002      -1.4659549400000000       0.0254581700690739
     -8.9980876700000003      -4.3617894100000001      -1.7199341100000001       0.0172860037503764
     -7.6077259300000000      -6.1338382200000003      -2.1009028700000001       0.0205134846213699
     -5.9985287500000002      -0.0749087400000000       5.1125533599999997      -0.0325924165488249
     -7.4443832399999996       0.6666929200000000       5.0334756000000000      -0.0214997201057354
     -6.5114174100000000      -1.4813234200000001       4.9543978299999996      -0.0278215007627871
     -8.4853608999999999      -0.4022386200000000       4.7962423000000003      -0.0136936516175830
     -7.7396028899999996      -2.2020492800000002       4.5590090099999996      -0.0166792121043944
     -9.1079604500000002       0.9459566100000000       4.4008534800000003      -0.0079812037971632
     -9.2569541500000003      -1.5944735200000000       4.1636201899999996      -0.0056808753972621
    -10.1405783100000004       0.0700642600000000       3.7682313700000001       0.0014493995271483
     -9.0353335000000001      -2.9514940200000002       3.5309980699999999      -0.0021977375635309
     -9.8272526199999994       2.1462840500000002       3.3728425400000002       0.0019841634514179
    -10.5238248900000002      -1.3155988000000001       3.1356092499999999       0.0072587866379017
    -10.8472394899999998       1.0354644399999999       2.7402204299999999       0.0113592194594574
    -10.1896043800000005      -2.8279127800000001       2.5029871300000002       0.0089256433998148
    -10.1953372299999998      -3.6878915600000002       0.8423540800000000       0.0172219059509224
    -10.5632891900000008       3.1709659600000002       0.6841985500000000       0.0176350939903749
    -10.9170558799999995       2.5907564700000001      -0.9764345000000000       0.0178901848360447
    -10.2690189800000002      -3.1989404399999999      -1.8462899100000001       0.0126662133399797
    -10.0185689599999996       3.2272698200000001      -2.0044454400000000       0.0111631751254393
    -10.6513342899999994       1.7334697999999999      -2.6370675499999998       0.0099190980908563
    -10.3801986199999998      -2.0902382099999999      -2.8743008500000000       0.0074280972242473
    -10.5804009499999996       0.2132430400000000      -3.2696896700000000       0.0064869321634013
     -9.1249444600000000      -2.8742823999999998      -3.5069229599999998      -0.0019023647427883
     -9.5167498699999999       2.0683632300000001      -3.6650784900000000      -0.0018221978152919
     -9.8390009700000007      -0.9867353500000000      -3.9023117900000002      -0.0014062380512101
     -9.3195651099999992       0.7242201600000000      -4.2977006099999997      -0.0066614859282481
     -8.5752908699999999      -1.4819943000000000      -4.5349339000000004      -0.0119454519573754
     -7.9914044200000003       1.4876832700000000      -4.6930894299999997      -0.0165640074530398
     -8.0440549699999995      -0.1607548300000000      -4.9303227200000004      -0.0174362450178993
     -5.7817151000000004      -0.7659141100000000      -5.0094004900000000      -0.0343375101870276
     -6.7289178100000004       0.5544173800000000      -5.0884782499999996      -0.0271878826444176
     -4.7072411900000004       2.2224500400000000       5.1145942700000004      -0.0337317138357420
     -6.1530956799999998       2.9640517000000002       5.0355165000000000      -0.0219012130825398
     -5.2201298500000002       0.8160353600000000       4.9564387400000003      -0.0379014963294431
     -4.3311628300000002       3.5429419300000000       4.8773609699999998      -0.0288350245172388
     -7.1940733400000001       1.8951201600000001       4.7982832100000001      -0.0212815760764364
     -5.9252021800000003       4.3861326399999996       4.6401276800000000      -0.0141943718667008
     -7.8166728900000004       3.2433153899999998       4.4028943900000002      -0.0103010626462900
     -4.4698925799999998       5.0078371500000003       4.2447388600000000      -0.0171356708233841
     -7.2047675199999999       4.8698272400000002       4.0075055600000002      -0.0026708844777836
     -5.5131157599999998       5.8892651899999997       3.6121167399999998      -0.0018204178395482
     -8.5359650600000005       4.4436428299999999       3.3748834500000000       0.0036188845376017
     -6.9643938299999997       6.0953513499999996       2.9794946300000000       0.0098243040905821
     -9.5559519300000009       3.3328232299999998       2.7422613299999998       0.0061585426756157
     -9.6591869500000005       4.4371589100000000       1.7142503899999999       0.0154107437550159
    -10.1885518800000003       3.9384470000000000       0.0536173400000000       0.0185772998590217
     -9.3600467199999997       4.0308285799999997      -2.6350266499999999       0.0079232735973829
     -7.6172657399999997       5.6838771899999996      -3.0304154699999999       0.0088673415680312
     -5.3994529299999998       6.0413824500000004      -3.4258042899999999      -0.0004456337424781
     -8.2254623099999993       4.3657220099999998      -3.6630375900000001      -0.0000384732570282
     -6.4623429100000003       5.1521581300000001      -4.0584264100000000      -0.0050315116987161
     -8.0282775500000003       3.0215789399999999      -4.2956596999999999      -0.0103828467274631
     -4.8342787500000002       4.7121732200000004      -4.4538152300000000      -0.0179073424172707
     -6.7001168599999996       3.7850420599999999      -4.6910485299999998      -0.0143177764631588
     -4.1872461999999997       3.4189388500000000      -4.8492040500000000      -0.0307565290768181
     -6.7527674099999997       2.1366039500000000      -4.9282818199999996      -0.0231367184275406
     -4.4904275399999998       1.5314446700000000      -5.0073595800000001      -0.0387160607025177
     -5.4376302399999998       2.8517761600000000      -5.0864373499999997      -0.0266908421336005
     -2.0569571799999999       2.2824677400000000       5.1029157600000001      -0.0421547542938523
     -3.5028116699999998       3.0240693900000002       5.0238379899999996      -0.0350397949328141
     -2.5698458400000002       0.8760530600000001       4.9447602300000000      -0.0465856057853813
     -3.7980313200000002       0.1553272000000000       4.5493714100000000      -0.0490829886253294
     -4.0498328499999996       3.8450597499999999      -4.7027270300000001      -0.0289567259978867
     -1.8401435300000000       1.5914623699999999      -5.0190380899999996      -0.0455504674140137
     -2.7873462400000002       2.9117938600000000      -5.0981158500000001      -0.0375701830294535
     -0.7258531000000000       4.5725321799999996       5.0956781099999997      -0.0326965563603707
     -2.1717075800000001       5.3141338300000003       5.0166003400000001      -0.0236783800325391
     -1.2387417599999999       3.1661174999999999       4.9375225800000004      -0.0415957545771040
     -0.3497747400000000       5.8930240700000001       4.8584448099999999      -0.0239303939155171
     -3.2126852399999999       4.2452022999999999       4.7793670500000003      -0.0291659466567022
     -1.9438140800000001       6.7362147700000001       4.6212115200000001      -0.0133617984902088
     -3.8352847900000002       5.5933975299999998       4.3839782300000003      -0.0151416706275143
     -0.4885044900000000       7.3579192800000000       4.2258227000000002      -0.0112538213094577
     -3.2233794300000000       7.2199093799999998       3.9885894099999999      -0.0034384075336824
     -1.5317276600000000       8.2393473299999993       3.5932005800000000      -0.0002719195847707
     -4.5545769600000003       6.7937249700000004       3.3559672900000002       0.0021503338751447
     -2.9830057399999999       8.4454334800000002       2.9605784700000002       0.0095005431711126
     -0.6082070500000000       8.9596336999999995       2.5651896500000002       0.0072823191978983
     -0.7891437100000001       9.3606499999999997      -1.7840874000000000       0.0134820280911168
     -3.6358776399999999       8.0339593199999992      -3.0493316300000002       0.0089230481772997
     -1.4180648300000001       8.3914645900000000      -3.4447204500000002       0.0012463438576322
     -4.2440742100000000       6.7158041500000003      -3.6819537499999999      -0.0017565138959377
     -2.4809548200000000       7.5022402699999997      -4.0773425699999999      -0.0043808572718937
     -4.0468894500000001       5.3716610800000000      -4.3145758599999997      -0.0161876835200427
     -0.8528906500000000       7.0622553600000000      -4.4727313899999999      -0.0133482047186000
     -2.7187287599999999       6.1351241900000000      -4.7099646799999997      -0.0155418315301734
     -0.2058581100000000       5.7690209899999996      -4.8681202099999998      -0.0250933294026137
     -2.7713793099999999       4.4866860900000001      -4.9471979800000003      -0.0283053550554619
     -0.5090394400000000       3.8815268100000000      -5.0262757400000000      -0.0380656586592547
     -1.4562421500000000       5.2018582999999996      -5.1053535099999996      -0.0264227274990141
      1.9146043399999999       4.5997442299999998       5.0911049700000000      -0.0297426874258626
      0.4687498500000000       5.3413458900000004       5.0120272100000003      -0.0277229846615334
      1.4017156799999999       3.1933295500000001       4.9329494399999998      -0.0412443126489013
      2.2906827000000001       5.9202361200000002       4.8538716800000001      -0.0188169415112984
      0.6966433500000000       6.7634268300000002       4.6166383800000004      -0.0162134019704734
      0.1735302000000000       2.4726037000000001       4.5375606199999998      -0.0496141546330620
      3.6653617399999998       5.4715003800000002       4.4584828600000002      -0.0173676190284340
      2.1519529500000001       7.3851313400000000       4.2212495600000004      -0.0068446011450778
      3.8950011500000001       6.8051143300000003       3.8258607400000000      -0.0033854032058063
      1.1087297700000001       8.2665593800000003       3.5886274500000002      -0.0009796492919154
      3.2771264200000001       8.0879868599999991       3.1932386199999998       0.0069841653556182
      2.0322503799999998       8.9868457500000005       2.5606165100000000       0.0116492277346385
      0.4261547700000000       9.2838124600000000       1.9279943900000001       0.0120237829432241
      0.7843396600000000       9.6605563500000002      -0.7606496000000000       0.0184135977827040
      0.2388900500000000       9.0181932899999993      -2.4212826500000002       0.0083486529428694
      4.4326981800000000       7.0923099799999996      -3.2120603000000001       0.0046363183269627
      1.2223926000000001       8.4186766399999993      -3.4492935899999999       0.0011987023067856
      3.0725777000000001       7.5137401700000002      -3.8446824099999999      -0.0010343856386150
      0.1595026200000000       7.5294523199999999      -4.0819156999999997      -0.0096266714385891
      3.9039073300000000       5.8755924899999998      -4.2400712299999999      -0.0123420146248439
      1.7875667799999999       7.0894674100000001      -4.4773045299999996      -0.0106504264374134
      2.4345993199999998       5.7962330399999997      -4.8726933499999996      -0.0191931230699787
      2.1314179900000001       3.9087388600000001      -5.0308488799999997      -0.0343482731735385
      1.1842152800000001       5.2290703499999998      -5.1099266400000003      -0.0267981057893536
      3.2930838599999999       2.3383847300000000       5.0947899400000001      -0.0390137633008525
      1.8472293700000000       3.0799863900000002       5.0157121699999996      -0.0400609892192385
      2.7801952000000001       0.9319700500000000       4.9366344099999999      -0.0462145698923599
      3.6691622200000000       3.6588766200000000       4.8575566400000003      -0.0315422407744474
      0.8062517100000000       2.0110548499999998       4.7784788799999998      -0.0480687221703793
      3.8130788400000002       3.5348735400000000      -4.8690083800000004      -0.0317801631334955
      1.2475576399999999       2.2525386400000000      -4.9480861500000000      -0.0452064522971387
      3.5098975100000001       1.6473793600000000      -5.0271639099999996      -0.0417897175954050
      2.5626948000000001       2.9677108500000000      -5.1062416800000001      -0.0380050881767673
      5.9440670600000001       2.3328856299999998       5.0988717499999998      -0.0269176540045848
      4.4982125799999997       3.0744872800000000       5.0197939800000002      -0.0308433657099503
      5.4311784000000003       0.9264709500000000       4.9407162199999997      -0.0368312943380431
      6.3201454200000002       3.6533775199999998       4.8616384500000001      -0.0175627992823770
      4.7261060700000002       4.4965682200000003       4.6244051600000002      -0.0204328152371769
      4.2029929299999997       0.2057450900000000       4.5453273899999997      -0.0479170438199166
      7.6948244600000004       3.2046417699999998       4.4662496300000001      -0.0120171625911993
      6.1814156699999998       5.1182727300000002       4.2290163400000003      -0.0074677753927155
      7.9244638800000002       4.5382557200000004       3.8336275099999999      -0.0014352745466937
      5.1381924999999997       5.9997007800000004       3.5963942200000001      -0.0031985353681563
      7.3065891499999998       5.8211282500000001       3.2010054000000001       0.0072545908075732
      9.1191499900000004       4.3360511800000001       2.8056165800000001       0.0072956214060937
      6.0617131100000003       6.7199871499999997       2.5683832799999999       0.0126332158974840
      9.9585398400000003       3.6074745899999998       1.7776056400000000       0.0129309827992383
     10.0383148999999996       4.3398331399999996       0.1169725900000000       0.0188924609050662
      9.5351809599999999       3.7271382900000001      -2.5716714100000000       0.0075098425169546
      6.7254396700000001       6.3985470800000002      -2.8089046999999998       0.0112504826607847
      8.4621609000000007       4.8254513799999996      -3.2042935199999998       0.0053658258494824
      5.2518553299999997       6.1518180400000002      -3.4415268200000000      -0.0004651361246690
      7.1020404299999997       5.2468815700000002      -3.8369156400000000      -0.0007670971997236
      7.9333700499999997       3.6087338799999999      -4.2323044599999999      -0.0080819305868953
      5.8170295100000002       4.8226088100000002      -4.4695377499999998      -0.0120169831327903
      6.4640620499999999       3.5293744399999998      -4.8649265799999997      -0.0175767860497515
      6.1608807199999998       1.6418802600000000      -5.0230820999999999      -0.0292814676967748
      5.2136780099999998       2.9622117499999998      -5.1021598700000004      -0.0274989852057939
      7.2827678499999999       0.0629089800000000       5.1009126499999997      -0.0230747391728627
      5.8369133599999996       0.8045106300000000       5.0218348800000001      -0.0338081728275625
      6.7698791900000002      -1.3435057100000001       4.9427571199999996      -0.0261620061052650
      7.6588462100000001       1.3834008700000000       4.8636793599999999      -0.0192540571954360
      4.7959357000000002      -0.2644209000000000       4.7846015900000003      -0.0426922031602750
      8.3924203100000003      -1.0477345700000000       4.7055238299999997      -0.0139969753274531
      9.0335252500000003       0.9346651200000000       4.4682905300000000      -0.0088839066176867
      9.7093626499999992      -0.6104638300000000       4.0729017100000000      -0.0029864843161764
      9.2631646700000001       2.2682790700000002       3.8356684200000002      -0.0036386330070624
      9.1922212099999996      -2.4704736399999998       3.6775128900000000      -0.0030489092555683
     10.4316822100000000       0.5722066500000000       3.4402796000000002       0.0048829168930684
     10.4059787000000004      -1.6740887499999999       3.0448907699999999       0.0066008745152448
     10.4578507700000003       2.0660745299999999       2.8076574800000000       0.0083735342491469
     10.4125806599999997      -2.7954501000000000       2.0168798400000001       0.0120727808929857
     10.7312693100000001       2.9645734400000001       1.1470244300000001       0.0169498669570345
     10.3836833300000002       3.5541903800000001      -0.5136086300000000       0.0178493515821163
     10.4374249399999997      -3.3425086099999999      -0.6717641600000001       0.0175211845143064
     10.8646509699999996       2.5627342000000000      -1.5416195600000000       0.0162445864214931
     10.4314882099999995      -2.5161835099999998      -2.3323972099999999       0.0103940296049156
     10.8738817399999999       1.4571616400000000      -2.5696305000000002       0.0121387717938255
     10.7164132900000002      -0.9675598600000000      -2.9650193200000001       0.0089501481322891
      9.8008616899999996       2.5554747299999998      -3.2022526199999999       0.0028272418337796
      9.3151894300000002      -2.7660450000000001      -3.3604081500000000      -0.0002418392729115
     10.2980399400000007       0.4373043000000000      -3.5976414399999999       0.0030121808650954
      9.5398914300000008      -1.3864693299999999      -3.9930302599999998      -0.0036151840037100
      9.2720708399999996       1.3387572299999999      -4.2302635600000000      -0.0063086606504026
      8.8723454299999993      -0.1924717300000000      -4.6256523800000000      -0.0108736977948389
      7.8027628399999998       1.2593977900000000      -4.8628856699999998      -0.0184459506163464
      5.2372416399999997      -0.0229371100000000      -4.9419634400000003      -0.0389414242713926
      7.4995814999999997      -0.6280963899999999      -5.0210412000000000      -0.0213778027030571
      6.5523787999999996       0.6922351000000000      -5.1001189599999996      -0.0284230966508492
      5.9900629900000002      -2.2336183200000002       5.0970198099999999      -0.0268830413688512
      4.5442085099999998      -1.4920166699999999       5.0179420500000003      -0.0385798801918380
      5.4771743300000004      -3.6400330099999998       4.9388642799999998      -0.0219528295985967
      7.0997154599999996      -3.3442618700000000       4.7016309900000000      -0.0146403561500659
      4.2489888599999999      -4.3607588599999998       4.5434754599999998      -0.0242171647930949
      6.5409918700000000      -4.7706961300000001       4.3062421700000000      -0.0080053361498873
      8.4166577900000004      -2.9069911300000002       4.0690088800000002      -0.0078765020257130
      4.9256281399999997      -5.5373658199999998       3.9108533500000000      -0.0094246305513099
      7.8995163599999998      -4.7670009400000000       3.6736200499999998       0.0009556152110743
      6.2220268699999997      -6.0932187000000004       3.2782312299999998       0.0044228800359516
      9.1132738399999997      -3.9706160499999998       3.0409979400000000       0.0048506530256862
     10.0842781699999993      -3.6920922900000002       1.3803648799999999       0.0151510221129989
      9.9675936699999994      -4.0856719899999998      -1.3082791100000000       0.0160257050300050
      5.6162761799999998      -6.9197536900000003      -2.0990567499999999       0.0170398968849561
      9.1387833500000006      -4.8127108099999996      -2.3362900400000002       0.0127645277960351
      9.4237084299999996      -3.2640871599999999      -2.9689121599999999       0.0037864124711877
      8.0224845699999996      -5.0625723000000002      -3.3643009799999999       0.0048268368306630
      6.0153995699999996      -5.6793959400000000      -3.7596897999999999      -0.0020519130459213
      8.2471865700000002      -3.6829966299999999      -3.9969231000000001      -0.0048435067932040
      6.7290089799999997      -4.5286359100000002      -4.3923119200000000      -0.0088630740440330
      7.5796405699999996      -2.4889990300000000      -4.6295452099999999      -0.0162398915172108
      5.3035850800000004      -4.1121898899999998      -4.7877007400000000      -0.0198341702001557
      6.2068766499999999      -2.9246237000000002      -5.0249340399999998      -0.0221103192298511
      5.2596739399999999      -1.6042921999999999      -5.1040118000000003      -0.0339829783956063
      3.3403270100000002      -2.2909715099999999       5.0938450700000004      -0.0389900896502962
      1.8944725200000001      -1.5493698499999999       5.0147673099999999      -0.0456322355637067
      2.8274383500000000      -3.6973861900000000       4.9356895500000002      -0.0340754739701428
      3.7164053699999999      -0.9704796200000000       4.8566117799999997      -0.0446926027823462
      0.8534948600000000      -2.6183013900000001       4.7775340200000000      -0.0461499197736686
      4.0792729899999998      -4.5859890900000000      -4.3954866600000004      -0.0235099213218373
      3.8603219900000001      -1.0944826999999999      -4.8699532500000000      -0.0439053127075333
      1.2948007900000000      -2.3768175999999999      -4.9490310099999997      -0.0447646489652271
      3.5571406600000000      -2.9819768799999999      -5.0281087800000002      -0.0352317202849957
      2.6099379500000000      -1.6616453900000001      -5.1071865399999998      -0.0431472771646710
      2.0097709400000001      -4.5807902800000004       5.0904057700000003      -0.0296715824495841
      0.5639164500000000      -3.8391886300000002       5.0113280099999997      -0.0384340984670981
      1.4968822799999999      -5.9872049699999996       4.9322502400000001      -0.0207547232618008
      3.1194234000000001      -5.6914338300000002       4.6950169500000003      -0.0177664361818977
      0.2686968000000000      -6.7079308199999996       4.5368614200000001      -0.0175376190092216
      2.5606998200000000      -7.1178680900000000       4.2996281300000003      -0.0079222779222441
      4.4363657400000003      -5.2541630899999996       4.0623948299999997      -0.0151737245407091
      0.9453360900000000      -7.8845377699999997       3.9042393099999999      -0.0055826683522682
      3.9192243000000002      -7.1141728999999998       3.6670060100000001      -0.0002043495428694
      2.2417348100000001      -8.4403906600000003       3.2716171900000002       0.0047269931671376
      1.3959886500000001      -9.2003592300000001       2.2436062500000000       0.0117564782694206
      0.3254180000000000      -9.4613057800000000       1.2155953100000001       0.0156191460769186
      0.9754901900000000      -9.6869263799999992      -0.4450377400000000       0.0190132502152611
      1.6359841200000000      -9.2669256499999992      -2.1056707900000000       0.0137470978271903
      5.1584912999999997      -7.1598827700000003      -2.3429040900000002       0.0145182294671784
      0.7213281300000000      -8.6104547100000008      -3.1336817300000002       0.0025683027538062
      4.0421925200000004      -7.4097442600000001      -3.3709150200000000       0.0042289339599204
      2.0351075199999999      -8.0265678999999999      -3.7663038499999999      -0.0009484129227815
      4.2668945200000001      -6.0301685899999997      -4.0035371399999997      -0.0086510843902516
      0.2582281600000000      -7.3987323900000002      -4.1616926699999999      -0.0110406384622728
      2.7487169200000001      -6.8758078600000001      -4.3989259599999997      -0.0092291219617096
      3.5993485100000000      -4.8361709900000003      -4.6361592500000004      -0.0230315315392957
      1.3232930300000001      -6.4593618499999996      -4.7943147799999997      -0.0174615288383571
      2.2265845899999999      -5.2717956499999996      -5.0315480800000003      -0.0239273543588467
      1.2793818800000001      -3.9514641600000000      -5.1106258400000000      -0.0357975422924319
     -0.6303085500000000      -4.6082858000000000       5.0898199599999998      -0.0327023330223106
     -2.0761630400000000      -3.8666841399999998       5.0107421900000002      -0.0350190397097041
     -1.1431972100000001      -6.0147004800000001       4.9316644299999997      -0.0213198583845227
     -0.2542301900000000      -3.2877939100000000       4.8525866600000001      -0.0430881642012544
     -3.1171407000000002      -4.9356156799999997       4.7735089000000004      -0.0241263245792140
     -2.3713826800000000      -6.7354263300000001       4.5362756099999997      -0.0119456370342359
     -0.0793796700000000      -7.1453636100000004       4.2990423099999999      -0.0136403435426224
     -3.8887339399999998      -6.1278505799999996       4.1408867799999998      -0.0102140026118391
     -1.6947433999999999      -7.9120332900000001       3.9036534899999999      -0.0032893117575021
     -3.6671132900000001      -7.4848710799999996       3.5082646700000000       0.0023796327758703
     -0.3983446800000000      -8.4678861699999999       3.2710313800000002       0.0005178931044334
     -2.7061120800000000      -8.6104220399999996       2.8756425499999998       0.0101320223213346
     -4.8213841799999999      -7.3612898400000004       2.4802537299999998       0.0130005297100126
     -1.2440908300000000      -9.2278547399999997       2.2430204400000000       0.0119001547712596
     -0.5611171600000000      -9.6650308799999998       0.5823873800000000       0.0182285890837015
      0.0859675800000000      -9.4509078599999992      -1.0782456700000000       0.0163657454474198
     -1.0040953600000000      -9.2944211600000006      -2.1062566100000000       0.0124276679881774
     -5.0119784200000002      -6.6236152700000002      -2.8970342499999999       0.0062229511645295
     -1.9187513500000000      -8.6379502299999995      -3.1342675400000002       0.0061829028721512
     -3.7567242599999999      -7.4076594599999996      -3.5296563700000001       0.0022855636898065
     -0.6049719700000000      -8.0540634099999995      -3.7668896599999999      -0.0040585908778805
     -2.3818513299999999      -7.4262279099999997      -4.1622784800000003      -0.0054545503807599
     -3.2070706599999999      -6.0153713599999996      -4.5576673000000003      -0.0145882031601818
     -1.3167864600000001      -6.4868573600000001      -4.7949006000000001      -0.0170989571397495
     -0.1103135600000000      -3.4117969900000000      -4.8739783599999997      -0.0424115271919820
     -2.6758347599999999      -4.6941318900000004      -4.9530561300000002      -0.0271395842805759
     -0.4134949000000000      -5.2992911700000001      -5.0321338899999999      -0.0281022713781418
     -1.3606976000000000      -3.9789596800000000      -5.1112116600000004      -0.0353968294499651
     -2.0081077700000001      -2.3466428399999999       5.0954135500000000      -0.0422223975522265
     -3.4539622500000000      -1.6050411800000000       5.0163357800000004      -0.0422105559074044
     -2.5209964299999998      -3.7530575200000000       4.9372580199999998      -0.0349029726656251
     -3.7491819000000000      -4.4737833699999996       4.5418691999999998      -0.0261156710490464
     -1.7912941099999999      -3.0376482100000000      -5.0265402999999997      -0.0403837295789131
     -2.7384968199999999      -1.7173167199999999      -5.1056180700000002      -0.0427472801376059
     -4.6585240600000004      -2.3437893500000002       5.0995709400000004      -0.0338704406942689
     -6.1043785399999999      -1.6021877000000000       5.0204931799999999      -0.0297940731570474
     -5.1714127200000002      -3.7502040299999999       4.9414154100000003      -0.0231928499090213
     -4.2824457000000002      -1.0232974600000000       4.8623376499999997      -0.0428082958716693
     -7.1453562000000002      -2.6711192300000000       4.7832598900000001      -0.0184530083370795
     -6.3995981899999999      -4.4709298899999999       4.5460265900000003      -0.0117042815058017
     -4.1075951799999997      -4.8808671600000002       4.3087932999999996      -0.0209598236887256
     -7.9169494499999997      -3.8633541299999998       4.1506377700000003      -0.0065472142820777
     -5.7229589100000000      -5.6475368399999999       3.9134044800000001      -0.0048049327272448
     -7.6953288000000004      -5.2203746300000002       3.5180156500000002       0.0030607342143458
     -9.1838201900000005      -3.5844794200000001       3.1226268300000002       0.0027573795302001
     -6.7343275900000004      -6.3459255900000002       2.8853935399999999       0.0102869420259690
     -8.8495996800000007      -5.0967933900000002       2.4900047199999999       0.0119724763107598
     -5.2723063400000001      -6.9633582900000004       2.2527714200000002       0.0147811029186009
     -9.7475803800000005      -4.4540251000000000       1.4619937800000000       0.0157890527684152
     -9.9667920399999996      -4.1018259600000002      -1.2266502100000001       0.0159964790526015
     -9.0401939200000001      -4.3591188299999999      -2.8872832700000002       0.0066473540831868
     -5.9469668599999999      -6.3734537800000002      -3.1245165600000000       0.0060845705014572
     -7.7849397700000003      -5.1431630100000003      -3.5199053800000000       0.0030731673923228
     -4.6331874800000001      -5.7895669600000002      -3.7571386699999998      -0.0081973411380396
     -8.4989962699999992      -3.2556159700000000      -3.9152941999999999      -0.0057088298073484
     -6.4100668399999998      -5.1617314600000004      -4.1525274999999997      -0.0057634678200547
     -7.2352861700000002      -3.7508749099999998      -4.5479163199999997      -0.0117163978875379
     -5.3450019700000002      -4.2223609099999999      -4.7851496100000004      -0.0190404437252276
     -4.1385290699999997      -1.1473005400000000      -4.8642273800000000      -0.0429609250140768
     -6.7040502699999998      -2.4296354400000002      -4.9433051399999997      -0.0222651303008874
     -4.4417103999999998      -3.0347947199999998      -5.0223829100000001      -0.0313745534182424
     -5.3889131099999998      -1.7144632300000000      -5.1014606699999998      -0.0330137865853768
     -0.6967135200000000      -0.0178390100000000       5.0973410699999997      -0.0476456721614102
     -2.1425680100000002       0.7237626400000000       5.0182633000000001      -0.0467149919396928
     -1.2096021800000001      -1.4242537000000000       4.9391855400000004      -0.0475451696549456
     -0.3206351600000000       1.3026528799999999       4.8601077699999999      -0.0490187625968677
     -3.1835456700000000      -0.3451688900000000       4.7810300100000003      -0.0477831219073614
     -0.1767185300000000       1.1786498000000001      -4.8664572499999998      -0.0492401407750993
     -2.7422397300000001      -0.1036851100000000      -4.9455350200000003      -0.0469290541114518
     -0.4798998700000000      -0.7088443800000001      -5.0246127800000000      -0.0481717538925555
     -1.4271025700000000       0.6114871100000000      -5.1036905499999996      -0.0468228512330047
      1.9808959200000000       0.0103179000000000       5.0951111899999999      -0.0465508214832084
      0.5350414400000000       0.7519195600000000       5.0160334300000002      -0.0481356780842912
      1.4680072600000000      -1.3960967799999999       4.9369556599999997      -0.0473423706391429
      0.2398217900000000      -2.1168226300000001       4.5415668399999998      -0.0506431695392617
     -0.0119797400000000       1.5729099200000001      -4.7105316000000004      -0.0501616367206861
      2.1977095800000002      -0.6806874700000000      -5.0268426599999998      -0.0466597158673263
      1.2505068699999999       0.6396440200000000      -5.1059204200000003      -0.0469649733960313
    -11.0733789500000004       0.8871296500000000       2.5711611799999998       0.0131853655860024
    -11.1776540299999994      -1.5397103299999999       2.2310105000000000       0.0148876804685045
    -11.9202717699999994       0.0363747500000000       1.6640927100000000       0.0185731384690584
    -10.8579846399999997      -2.6968881300000001       1.3239420300000000       0.0171165616113544
    -11.5326462400000000       1.8815352200000000       1.0971749099999999       0.0187553203178865
    -12.0731892700000003      -1.1770341200000001       0.7570242300000000       0.0203020959564419
    -12.1931953800000006       0.8265306400000000       0.1901064300000000       0.0208116937113303
    -11.5540641100000006      -2.3164252099999998      -0.1500442400000000       0.0197911657384076
    -11.1377238700000003       2.5501453900000000      -0.3768113600000000       0.0191242817869757
    -12.2260943900000001      -0.4251165300000000      -0.7169620400000000       0.0205756503192482
    -11.7009915800000002       1.4486351900000001      -1.2838798400000000       0.0186035281698143
    -11.6114169599999997      -1.4824322500000000      -1.6240305100000001       0.0177526529083618
    -11.5433290999999993       0.2585127100000000      -2.1909483100000000       0.0159383091433227
     -8.1712367900000000       6.4556547100000001       2.0101015300000000       0.0180161169149358
     -6.5784788499999998       7.3071153999999998       1.4431837400000000       0.0218700928444928
     -9.2682253800000005       5.9494727699999999       1.1030330600000000       0.0199879105616656
     -7.8110152299999998       7.2843996300000002       0.5361152600000000       0.0229379592987016
     -9.9287745199999993       4.8944681900000004       0.1959645900000000       0.0197206838167503
     -5.8097309600000004       7.5460875100000004      -0.0308025300000000       0.0285331687560806
     -8.8733030100000008       6.6180829299999999      -0.3709532100000000       0.0218002172095524
     -7.0502717300000004       7.4121222700000002      -0.9378710099999999       0.0229967280349701
     -9.4365707200000006       5.5165727400000000      -1.2780216900000001       0.0187397925703099
     -7.9960562299999998       6.6527688899999999      -1.8449394800000001       0.0186796010367729
     -6.3262639800000002       6.6562220999999999      -2.4118572800000000       0.0143632006801120
     -4.1193808100000000       8.8471596399999992       1.9765400000000000       0.0182756565049491
     -2.5266228700000002       9.6986203300000007       1.4096222000000000       0.0186728025853835
     -5.2163693999999996       8.3409776999999998       1.0694715299999999       0.0231201595452575
     -3.7591592500000002       9.6759045599999993       0.5025537300000000       0.0219681091757806
     -1.7578749899999999       9.9375924399999995      -0.0643640700000000       0.0199232872835395
     -4.8214470399999998       9.0095878599999999      -0.4045147500000000       0.0233737350642595
     -2.9984157499999999       9.8036271999999993      -0.9714325400000000       0.0204407262364121
     -5.3847147399999997       7.9080776699999999      -1.3115832199999999       0.0227815313080786
     -3.9442002500000002       9.0442738200000008      -1.8785010200000001       0.0186410742387615
     -2.2744080000000002       9.0477270300000008      -2.4454188100000001       0.0130216930991693
      3.0852574700000002       9.0690304600000005       2.3088105200000002       0.0155071500718336
      4.6786317500000001       8.4563693999999998       1.7418927200000001       0.0198581027095450
      2.0971775799999999       9.7471862900000001       1.4017420500000000       0.0183172133585980
      4.0051201399999998       9.4711196599999994       0.8348242500000000       0.0219933954715827
      0.8646411899999999       9.7244705200000006       0.4946735700000000       0.0189762278868706
      5.4533507099999996       8.0935696600000000       0.2679064500000000       0.0261907176517706
      2.8659254600000001       9.9861584000000008      -0.0722442200000000       0.0214320831818213
      4.6529635300000001       9.0580543099999993      -0.6391620200000000       0.0231640437140168
      1.6253846900000000       9.8521931600000006      -0.9793127000000000       0.0189340571225109
      3.4917727300000001       9.4575481200000002      -1.5462305000000001       0.0197709851094601
      4.6649828700000002       8.1251997300000003      -2.1131482899999998       0.0177003353896286
      2.3493924499999999       9.0962929900000002      -2.4532989700000001       0.0136061952733328
      7.1856416100000002       6.7615805399999998       2.3257424699999998       0.0161401770885607
      8.7790158900000002       6.1489194899999999       1.7588246700000001       0.0181379318866881
      6.1975617200000004       7.4397363700000003       1.4186739900000001       0.0221812620313493
      8.1055042799999999       7.1636697399999996       0.8517561900000000       0.0219393439203461
      9.5537348499999997       5.7861197400000002       0.2848384000000000       0.0204565027541133
      6.9663095999999998       7.6787084800000001      -0.0553122800000000       0.0242101539601673
      8.7533476700000001       6.7506043900000003      -0.6222300800000000       0.0215465824749721
      5.7257688399999997       7.5447432399999999      -0.9623807500000000       0.0258826337149909
      9.6573457099999995       5.0091959900000003      -1.1891478700000000       0.0180220650789416
      7.5921568700000002       7.1500982000000004      -1.5292985500000000       0.0204467137245352
      8.7653670199999993       5.8177498099999996      -2.0962163500000002       0.0161266177633959
      6.4497765899999999       6.7888430700000004      -2.4363670300000000       0.0147572125139526
     11.0134602800000003       0.9280330300000000       2.6695970099999999       0.0124808653024040
     11.5916554699999992      -0.5524309200000000       2.1026792099999998       0.0164684618804731
     11.1273972800000003       2.1288676000000000       1.7625285300000000       0.0162464402522087
     11.0319803499999995      -2.2371677100000000       1.5357614100000001       0.0166341370802510
     12.0970062600000006       0.5402748300000000       1.1956107400000000       0.0197733744269879
     11.9449231999999999      -1.4158914199999999       0.6286929400000000       0.0200776852762043
     11.9021162300000007       1.7660678500000000       0.2885422600000000       0.0202757391520638
     12.3050569599999999      -0.2154107100000000      -0.2783755400000000       0.0209933275827421
     11.1017290499999994       2.7305524999999999      -0.6185262100000000       0.0188938897772761
     11.5098576099999992      -2.0491701800000000      -0.8452933300000000       0.0190327506032943
     12.0057270900000006       0.9891441000000000      -1.1854440100000001       0.0195464867737272
     11.7335608300000001      -0.8519680900000000      -1.7523618100000000       0.0177182455462219
     11.1137484000000004       1.7976979200000001      -2.0925124799999999       0.0149903316359215
     11.1596790099999996       0.2089960800000000      -2.6594302800000000       0.0129891916610454
      7.5718697300000004      -6.4167590900000002       2.4348174500000002       0.0152771700278151
      6.0333455000000002      -7.0657284699999998       1.8678996500000000       0.0193694328911231
      8.7646115200000008      -6.3031588400000000       1.5277489799999999       0.0193726585403287
      7.2005852299999997      -7.3953908500000001       0.9608311800000000       0.0227951347121458
      9.6775543699999993      -5.4818825499999999       0.6206805000000000       0.0200060839895819
      8.3949219300000006      -7.0342150800000001       0.0537627000000000       0.0225819407904950
      6.4503778699999996      -7.5749254500000003      -0.5131550900000000       0.0252867743793939
      9.2424887800000004      -6.1151612999999996      -0.8533057700000000       0.0205723069498944
      7.5938966900000002      -7.1144619300000000      -1.4202235700000001       0.0209823778758622
      9.4661919999999995      -4.9179592200000002      -1.7603742400000000       0.0161876430948151
      8.2386440099999998      -6.1042648599999998      -2.3272920400000001       0.0157349093214485
      3.5225459899999998      -8.8047680300000000       2.4258034600000000       0.0149701059022327
      1.9840217499999999      -9.4537374100000005       1.8588856600000001       0.0158691374408626
      4.7152877699999998      -8.6911677699999998       1.5187349800000001       0.0207240136866602
      3.1512614900000000      -9.7833997900000007       0.9518171900000000       0.0205899116408350
      5.6282306200000001      -7.8698914899999997       0.6116665100000001       0.0259472776040699
      1.1629000199999999      -9.7644207400000003       0.3848993900000000       0.0191539035171076
      4.3455981799999996      -9.4222240199999998       0.0447487100000000       0.0228536742826346
      2.4010541299999999      -9.9629343899999991      -0.5221690900000000       0.0203610508185346
      5.1931650400000002      -8.5031702399999993      -0.8623197600000000       0.0234913736251183
      3.5445729500000001      -9.5024708600000007      -1.4292375600000000       0.0199460939457570
      5.4168682600000002      -7.3059681500000000      -1.7693882400000001       0.0205351752130341
      1.7457699799999999      -9.3406961699999993      -1.9961553599999999       0.0147725998122397
      4.1893202699999996      -8.4922737999999995      -2.3363060299999998       0.0161276336036860
     -3.3154136799999998      -8.4901564100000009       2.7648014000000001       0.0119606361518763
     -4.7286806400000003      -7.8612783999999998       2.1978836099999999       0.0166255729182812
     -2.6391550800000001      -9.5018120400000008       1.8577329300000001       0.0173548145212479
     -4.4090112399999999      -9.0184561999999993       1.2908151299999999       0.0213695114974257
     -1.4719153500000000      -9.8314744199999993       0.9506644500000000       0.0186961557523553
     -3.4602768199999998      -9.8124953700000006       0.3837466600000000       0.0219355213773476
     -5.1050907099999998      -8.6379932799999999      -0.1831711400000000       0.0245788991587848
     -2.2221227099999998     -10.0110090199999995      -0.5233218200000000       0.0204083910397710
     -4.0849641200000004      -9.3512264700000003      -1.0902396100000000       0.0216313250969744
     -1.0786038899999999      -9.5505454899999993      -1.4303902900000001       0.0166896298382895
     -5.1624435599999998      -7.8040003100000002      -1.6571574099999999       0.0210911593294103
     -2.8774068599999998      -9.3887707900000006      -1.9973080900000000       0.0171949264108715
     -4.0505439599999997      -8.2564278000000009      -2.5642258899999999       0.0141781279723734
     -7.4131900000000002      -6.1865237300000002       2.7723225100000000       0.0120940888386869
     -8.8264569599999998      -5.5576457300000000       2.2054047099999998       0.0149952939268960
     -6.7369313999999996      -7.1981793700000001       1.8652540399999999       0.0191447951493728
     -8.5067875599999994      -6.7148235200000004       1.2983362400000000       0.0203109896839262
     -5.5696916700000001      -7.5278417500000003       0.9581855600000000       0.0264073201530195
     -9.7219921899999999      -5.1949695199999999       0.7314184400000000       0.0192443646058464
     -7.5580531400000002      -7.5088626999999999       0.3912677700000000       0.0231551918803827
     -9.2028670300000002      -6.3343606100000001      -0.1756500300000000       0.0212143757281584
     -6.3198990300000002      -7.7073763399999997      -0.5158007100000001       0.0251751750783118
     -8.1827404399999999      -7.0475937899999996      -1.0827185100000001       0.0213442781284652
     -9.2602198799999993      -5.5003676400000003      -1.6496363000000001       0.0173590627843083
     -6.9751831800000001      -7.0851381199999999      -1.9897869800000001       0.0184888390074356
     -8.1483202800000001      -5.9527951300000002      -2.5567047800000000       0.0137956188522139
     -5.9972439299999998      -0.0749087400000000       5.7593395599999999      -0.0272399779610577
     -7.4466739100000003       0.6687913500000000       5.6888205200000002      -0.0184692514471756
     -6.5109666400000004      -1.4864597900000001       5.6183014699999996      -0.0233736445084443
     -8.4952321299999998      -0.4039847000000000       5.4772633900000001      -0.0125160652296294
     -7.7483912500000001      -2.2189707300000001       5.2657062600000000      -0.0147814708827667
     -9.1321243899999995       0.9559311300000000       5.1246681699999996      -0.0082698784979609
     -9.2900017899999998      -1.6136253000000000       4.9131110400000004      -0.0065824211793473
    -10.2024227599999993       0.0726217300000000       4.5605158299999999      -0.0016687987898223
     -9.0854343400000008      -3.0115315800000002       4.3489586999999998      -0.0040934070729328
     -9.9010568299999999       2.1976350999999998       4.2079206100000004      -0.0010019818358380
    -10.6274326600000002      -1.3486525100000000       3.9963634799999999       0.0023627664522348
    -10.9860560500000002       1.0720560500000000       3.6437682699999998       0.0050787213976662
    -10.3212566199999998      -2.9298716800000002       3.4322111400000002       0.0041027208969791
    -11.5157636700000001      -0.5272710100000000       3.0796159200000002       0.0094376252368669
    -11.1772059499999994       2.2561549599999999       2.7270207100000001       0.0092192227961210
    -11.3452153800000008      -2.3072402900000002       2.5154635800000000       0.0106003491315096
    -10.8715981599999996       3.4257061800000002       1.8102731500000000       0.0120454740599438
    -11.4069950900000006      -3.1763695599999999       1.0345636800000000       0.0146079873430338
    -11.5365645000000008       2.9763991500000002       0.3293732500000000       0.0155257650373688
    -11.0061099700000007      -3.8325635899999999      -0.4463362200000000       0.0150673090486375
    -11.5809391799999997      -2.7363425000000001      -1.3630837800000000       0.0143558789741594
    -10.9642215699999994       3.1448482800000002      -2.0682742099999998       0.0108768161999304
    -11.5635890200000002       1.3921726800000001      -2.6324265599999999       0.0106888524099311
    -10.7053356300000004      -3.0265661499999998      -2.8439836900000000       0.0074936134783261
    -11.4366415999999997      -0.3674243100000000      -3.1965789000000000       0.0083675418384868
    -10.6204427100000007       2.1320835100000002      -3.5491741200000000       0.0038677395638214
    -10.6521759199999995      -1.8257086899999999      -3.7607312500000001       0.0032174370181117
    -10.6380010899999995       0.5529014400000000      -4.1133264599999997       0.0015175821340030
     -9.4041906199999996      -2.7130648800000001      -4.3248835899999998      -0.0032301229942089
     -9.3803477500000003       2.3433806800000001      -4.4659216800000001      -0.0043755591731927
     -9.9542567500000008      -0.7291044100000000      -4.6774788000000003      -0.0033858253842904
     -9.2723408700000007       0.9540489500000000      -5.0300740199999998      -0.0076372138304706
     -8.7011494599999999      -1.3268578000000000      -5.2416311499999999      -0.0107650405686108
     -7.8653326000000003       1.6046927799999999      -5.3826692300000003      -0.0153261557484683
     -8.0514862500000000      -0.0439978500000000      -5.5942263600000004      -0.0153624341739746
     -5.8394365400000003      -0.8361416000000000      -5.6647454100000001      -0.0282082724263795
     -6.6767206300000002       0.5613176800000000      -5.7352644499999998      -0.0232446330924443
     -4.7059563700000000       2.2224500400000000       5.7613804599999998      -0.0287042586831650
     -6.1553863499999997       2.9661501399999999       5.6908614200000001      -0.0192084818341147
     -5.2196790699999998       0.8108989900000000       5.6203423800000003      -0.0315578267332306
     -4.3266203000000001       3.5488668600000000       5.5498233299999997      -0.0250559217881889
     -7.2039445700000000       1.8933740800000001       5.4793042900000000      -0.0183066031852697
     -5.9293132699999997       4.4014256999999999       5.3382661999999996      -0.0136416143226477
     -7.8408368299999998       3.2532899099999999       5.1267090800000004      -0.0101638763675957
     -4.4597194800000004       5.0402706000000004       4.9856709900000000      -0.0163650874444965
     -7.2318836500000003       4.9083971499999999       4.7741138599999999      -0.0050604368519274
     -5.5164689200000003       5.9617803399999998       4.4215186500000003      -0.0050797211883555
     -8.6097692699999993       4.4949938800000000       4.2099615200000002      -0.0002420450418441
     -7.0115556699999999       6.2080421399999999       3.8573662999999998       0.0032801070698323
     -9.6947684899999995       3.3694148300000002       3.6458091700000002       0.0020514582599205
     -8.5779514199999998       5.7187331700000001       3.2932139600000001       0.0076984127549391
     -6.2362080200000003       7.1292369700000000       2.9406187400000001       0.0099361531811759
     -9.8859183900000005       4.5535137399999996       2.7290616100000000       0.0088142565324034
    -10.6687606600000002       4.1085270899999999       1.2481617100000000       0.0138573242728786
    -10.5084818299999991       4.5478986399999997      -1.1494857500000000       0.0141874550005170
     -9.6729339999999997       5.4422070600000003      -2.0662333099999999       0.0129552718880870
    -10.2723014599999996       3.6895314699999999      -2.6303856500000000       0.0079977763137045
     -8.5855178599999995       5.9567984100000002      -2.9829808700000000       0.0094773932691616
     -6.0403978299999999       6.8842359999999996      -3.3355760800000001       0.0060280275252165
     -9.3291551500000001       4.4294422899999999      -3.5471332100000001       0.0036731601212985
     -7.3788729399999999       5.9611171599999997      -3.8997284300000001       0.0026925952437580
     -5.0782440900000001       6.1167328699999999      -4.2523236400000002      -0.0054547915320349
     -8.0890601899999997       4.6407394599999998      -4.4638807700000003      -0.0026315875959959
     -6.2284862800000003       5.2754265800000004      -4.8164759899999998      -0.0074823125673635
     -7.9810533100000001       3.2514077299999999      -5.0280331199999999      -0.0097282131513960
     -4.6241382800000004       4.6832244799999998      -5.1690712000000003      -0.0180200544922986
     -6.5740450299999997       3.9020515599999999      -5.3806283300000004      -0.0135720602440301
     -4.0867922200000004       3.3243043999999999      -5.5216664199999999      -0.0275288660395834
     -6.7601986800000002       2.2533609299999999      -5.5921854599999996      -0.0194578300071502
     -4.5481489799999997       1.4612171800000000      -5.6627045000000003      -0.0326328565289433
     -5.3854330700000004       2.8586764599999999      -5.7332235499999999      -0.0233042342669005
     -2.0556723600000000       2.2824677400000000       5.7497019600000003      -0.0362454801499563
     -3.5051023400000001       3.0261678299999999       5.6791829099999998      -0.0300921016985622
     -2.5693950700000001       0.8709166900000000       5.6086638700000000      -0.0398620602699644
     -3.8068196799999998       0.1384057500000000       5.2560686499999996      -0.0410345279985300
     -3.9237610300000001       3.9620692599999998      -5.3923068399999998      -0.0250348003820324
     -1.8978649700000001       1.5212348800000000      -5.6743830099999997      -0.0392472095286038
     -2.7351490599999999       2.9186941599999998      -5.7449020500000003      -0.0324212249197178
     -0.7245682700000000       4.5725321799999996       5.7424643099999999      -0.0279348940167861
     -2.1739982499999999       5.3162322700000004       5.6719452600000002      -0.0209893318566579
     -1.2382909799999999       3.1609811300000001       5.6014262199999996      -0.0355100894767766
     -0.3452322000000000       5.8989490000000000       5.5309071799999998      -0.0207324197677607
     -3.2225564699999998       4.2434562199999997       5.4603881300000001      -0.0254765769446621
     -1.9479251799999999       6.7515078300000004       5.3193500499999997      -0.0128887669158306
     -3.8594487300000000       5.6033720499999999       5.1077929199999996      -0.0147659509242963
     -0.4783313800000000       7.3903527400000000       4.9667548300000002      -0.0110192227990762
     -3.2504955600000001       7.2584792800000004       4.7551977000000001      -0.0058766884356487
     -1.5350808199999999       8.3118624699999994       4.4026024899999996      -0.0031202544219706
     -4.6283811699999999       6.8450760199999996       4.1910453600000004      -0.0022863519845799
     -3.0301675700000001       8.5581242799999995       3.8384501400000000       0.0031857301317562
     -0.5813289800000000       9.1160295300000005       3.4858549299999999       0.0026544701129865
     -4.5965633199999996       8.0688153000000007       3.2742977999999998       0.0076472193069872
     -2.2548199300000000       9.4793191100000005       2.9217025900000002       0.0087432882842613
     -1.1645737899999999       9.9909919499999997       2.0049550300000001       0.0116291534188520
     -0.6765823700000000      10.3011929700000007      -0.3926924300000000       0.0152857890999520
     -1.4422544399999999      10.0442193599999996      -1.8735923400000001       0.0126596360361084
     -5.6915459100000003       7.7922891999999999      -2.0851494700000002       0.0161003175109933
     -0.3466380300000000       9.5371759399999991      -2.7903399000000002       0.0070780642545305
     -4.6041297700000001       8.3068805500000007      -3.0018970299999999       0.0098592244356901
     -2.0590097300000001       9.2343181300000001      -3.3544922399999999       0.0058226991017580
     -5.3477670499999999       6.7795244300000004      -3.5660493700000000       0.0025798586234131
     -3.3974848400000002       8.3111992899999994      -3.9186445800000000       0.0026830170968104
     -1.0968559899999999       8.4668150099999995      -4.2712398000000000      -0.0025071045772282
     -4.1076720900000003       6.9908215900000004      -4.4827969300000001      -0.0042242923508624
     -2.2470981800000001       7.6255087200000000      -4.8353921399999997      -0.0064602470955855
     -3.9996652099999999       5.6014898700000000      -5.0469492699999998      -0.0143806601094525
     -0.6427501799999999       7.0333066200000003      -5.1879873600000002      -0.0132109317878140
     -2.5926569399999999       6.2521336999999999      -5.3995444900000003      -0.0144494007853204
     -0.1054041200000000       5.6743865400000004      -5.5405825699999998      -0.0223485416173403
     -2.7788105900000000       4.6034430600000000      -5.6111016200000003      -0.0240469185909831
     -0.5667608800000000       3.8112993199999998      -5.6816206600000001      -0.0326548890581204
     -1.4040449699999999       5.2087586000000003      -5.7521396999999999      -0.0230744369377884
      1.9158891600000001       4.5997442299999998       5.7378911700000002      -0.0258227353144225
      0.4664591800000000       5.3434443299999996       5.6673721300000004      -0.0238170402434417
      1.4021664500000000       3.1881931799999998       5.5968530799999998      -0.0352312651744935
      2.2952252299999998       5.9261610600000001       5.5263340400000001      -0.0172155955528535
      0.6925322600000000       6.7787198899999996       5.3147769100000000      -0.0148199976237553
      0.1647418400000000       2.4556822399999998       5.2442578700000002      -0.0422393251167517
      3.6865011399999998       5.4792204499999997       5.1737388199999996      -0.0164427170174335
      2.1621260499999999       7.4175647900000001       4.9621817000000004      -0.0081053155850359
      3.9384386299999998       6.8417234699999998       4.6095864799999999      -0.0060811857016354
      1.1053766100000000       8.3390745299999995       4.3980293499999998      -0.0035614551037568
      3.3279894099999998       8.1767495500000003       4.0454341400000002       0.0013501996336593
      2.0591284600000002       9.1432415900000006       3.4812817900000002       0.0050165757794094
      4.5416265100000004       8.1971005899999998       3.1286865800000001       0.0086490721970502
      0.3856375000000000       9.5065311599999998       2.9171294500000000       0.0063376545874227
      5.6307911500000003       7.6915598400000000       2.2119390200000000       0.0153322335141226
      1.4758836500000001      10.0182040000000008       2.0003818899999999       0.0124023567444365
      0.7189189800000000      10.3308347400000002       0.5194819899999999       0.0153066718014170
     -0.0277910700000000      10.1518485500000004      -0.9614179200000000       0.0144844523272258
      5.6250428699999997       8.0344816500000000      -1.6666083500000000       0.0188831281908310
      1.1982029900000000      10.0714314100000006      -1.8781654699999999       0.0126043694012807
      2.2938193999999998       9.5643879999999992      -2.7949130300000000       0.0100162521548341
      4.6535605699999998       8.0922914000000006      -3.1475082500000000       0.0086162191822687
      0.5814477000000000       9.2615301900000002      -3.3590653800000001       0.0039710304775014
      3.0821498900000002       8.6589855999999994      -3.7116605900000001       0.0045107410312912
      4.7129575900000003       6.8799378200000003      -4.0642558099999997      -0.0014211870528058
      1.5436014400000000       8.4940270600000005      -4.2758129399999998      -0.0015551672088598
      3.3407231400000001       7.4013929699999998      -4.6284081500000003      -0.0044447419624714
      0.3933592500000000       7.6527207800000001      -4.8399652800000004      -0.0091163027414698
      4.0319784500000004       5.6667328599999998      -4.9810033699999998      -0.0139072993264850
      1.9977072499999999       7.0605186700000004      -5.1925604999999999      -0.0107306882988620
      0.0478004900000000       6.2793457500000001      -5.4041176200000001      -0.0185218459847665
      2.5350533099999999       5.7015985899999997      -5.5451557100000004      -0.0179395583740654
      2.0736965500000002       3.8385113799999999      -5.6861937999999999      -0.0300930466640992
      1.2364124599999999       5.2359706499999996      -5.7567128399999996      -0.0231520556877634
      3.2943686799999998       2.3383847300000000       5.7415761300000003      -0.0333881015275654
      1.8449386999999999       3.0820848299999999       5.6710570899999997      -0.0343310485958561
      2.7806459700000001       0.9268336800000000       5.6005380499999999      -0.0394843858653680
      3.6737047500000002       3.6648015500000000       5.5300190000000002      -0.0272532396996592
      0.7963804799999999       2.0093087700000001       5.4594999599999996      -0.0412247692331587
      3.9135328299999999       3.4402390899999999      -5.5414707400000003      -0.0276263162736132
      1.2401263700000000       2.3692956199999999      -5.6119897900000000      -0.0384395893957397
      3.4521760700000002       1.5771518700000000      -5.6825088299999997      -0.0358930385862486
      2.6148919799999999       2.9746111499999999      -5.7530278700000004      -0.0325257871894085
      5.9453518799999996       2.3328856299999998       5.7456579400000001      -0.0230135422151356
      4.4959219099999999       3.0765857200000002       5.6751389000000003      -0.0265454156666447
      5.4316291799999998       0.9213345800000000       5.6046198599999997      -0.0306237702581722
      6.3246879500000004       3.6593024500000002       5.5341008100000000      -0.0159392904557496
      4.7219949799999998       4.5118612799999998       5.3225436799999999      -0.0186262336857332
      4.1942045700000001       0.1888236400000000       5.2520246400000001      -0.0398489939499118
      7.7159638700000004       3.2123618500000002       5.1815056000000004      -0.0114264960877950
      6.1915887700000001       5.1507061900000002       4.9699484700000003      -0.0087263722738058
      7.9679013500000000       4.5748648699999999       4.6173532499999999      -0.0039161144967803
      5.1348393400000001       6.0722159199999997       4.4057961299999997      -0.0061880528220524
      7.3574521300000004       5.9098909400000004       4.0532009100000002       0.0016574075096987
      9.2397605100000000       4.3994406899999996       3.7006057000000001       0.0026429169137714
      6.0885911799999999       6.8763829899999998       3.4890485700000000       0.0051168789404521
      8.5710892399999992       5.9302419799999999       3.1364533500000000       0.0085070176887942
      9.6602538700000000       5.4247012300000002       2.2197057899999999       0.0120929305501836
     10.4938065500000004       4.5330759499999997       1.3029582300000000       0.0137397721705330
     10.2800473799999992       5.2796101599999998      -0.1779416700000000       0.0163172983156858
     10.7003438899999992       4.1114215900000000      -1.0946892300000000       0.0141303085239670
      9.9651201900000004       4.5960069099999998      -2.5755891300000000       0.0090881899186535
      6.3232821299999999       7.2975293900000002      -2.7871462600000001       0.0111734402074664
      8.6830232899999995       5.8254327899999998      -3.1397414700000001       0.0082841390293886
      7.1116126199999998       6.3921270000000003      -3.7038938199999998       0.0045188130727851
      8.7424203200000008       4.6130792200000004      -4.0564890299999998       0.0005155708094371
      5.5730641700000003       6.2271684599999997      -4.2680461599999999      -0.0031835372887379
      7.3701858700000003       5.1345343699999999      -4.6206413800000004      -0.0036791013200368
      4.4228219800000002       5.3858621700000002      -4.8321985099999996      -0.0144041421584724
      8.0614411799999992       3.3998742599999998      -4.9732365900000000      -0.0089568043569184
      6.0271699700000001       4.7936600699999996      -5.1847937200000001      -0.0115321749830226
      4.0772632199999999       4.0124871500000001      -5.3963508500000001      -0.0242817464630622
      6.5645160400000000       3.4347399900000002      -5.5373889399999996      -0.0159161769909240
      6.1031592699999999       1.5716527700000000      -5.6784270200000000      -0.0251663449806632
      5.2658751800000001       2.9691120500000001      -5.7489460699999997      -0.0235003811362358
      7.2840526700000003       0.0629089800000000       5.7476988499999999      -0.0197107990480792
      5.8346226999999997       0.8066090700000000       5.6771798000000002      -0.0281864120462050
      6.7703299699999997      -1.3486420699999999       5.6066607599999996      -0.0220798416427392
      7.6633887400000003       1.3893257999999999       5.5361417199999998      -0.0167325000225542
      4.7860644700000003      -0.2661669800000000       5.4656226700000001      -0.0354702606734527
      8.4032359099999994      -1.0546145700000000       5.3951036300000004      -0.0127376363811855
      9.0546646600000003       0.9423852000000000       5.1835465000000003      -0.0089441909413566
      9.7509518699999997      -0.6196071000000000       4.8309512899999998      -0.0047147545640929
      9.3066021400000007       2.3048882200000000       4.6193941599999997      -0.0050753247023252
      9.2398258500000008      -2.5178466099999999       4.4783560700000002      -0.0046652617333596
     10.5149011600000009       0.5834036400000000       4.2667989400000002       0.0006476353013944
     10.5107123700000002      -1.7224783600000000       3.9142037300000001       0.0021001856370688
     10.5784612899999999       2.1294640399999998       3.7026466000000000       0.0033998171830607
     11.3439356199999999      -0.3262681200000000       3.3500513800000000       0.0075412489566560
     10.5856478700000007      -2.9268019500000002       2.9974561700000000       0.0065616065233058
     11.5336817000000007       1.4022966299999999       2.7858990399999999       0.0103711425671165
     11.6594545099999998      -1.4826539599999999       2.4333038299999998       0.0118742773952469
     10.9989546600000008       3.1547245799999999       2.2217467000000002       0.0106436383488369
     11.5016200200000007      -2.6878364000000001       1.5165562699999999       0.0136705806059219
     10.8372330199999993       3.9778913899999999       0.7408467900000000       0.0148577563556405
     10.9250630300000005      -3.7805519200000002       0.5998087100000000       0.0150565277593380
     11.6187481699999999       3.0096335100000000      -0.1759007700000000       0.0158870199315118
     11.3692605600000007      -3.1551734900000001      -0.8810911900000000       0.0146184705814409
     10.9932063800000002       3.4976463899999999      -1.6568006700000000       0.0124835638644054
     11.3654894100000003      -2.3009450400000002      -2.3619911000000000       0.0108362822743384
     11.3038209799999994       2.3260302500000001      -2.5735482300000001       0.0100760984056869
     11.6012672699999992      -0.5055654600000000      -2.9261434400000002       0.0100433028917166
     10.0217240800000003       3.5554561400000000      -3.1377005699999998       0.0050898932809176
     10.3475996600000002      -2.9348864799999999      -3.2787386600000001       0.0046764554011194
     11.1288575200000004       1.1404540800000000      -3.4902957899999998       0.0060520872084169
     10.7329811700000004      -1.3397375800000000      -3.8428909999999998       0.0030651278980418
     10.0811211099999998       2.3431025600000002      -4.0544481299999999       0.0001574880947022
     10.3890630200000000       0.1359485600000000      -4.4070433400000004      -0.0005595349328846
      9.4506116900000006      -1.6449425000000000      -4.7596385600000000      -0.0055658321274965
      9.4001419700000000       1.1298976100000000      -4.9711956900000001      -0.0067047191926832
      8.8591899999999999      -0.3784789100000000      -5.3237908999999997      -0.0105467768672920
      7.9032168199999999       1.1647633399999999      -5.5353480299999998      -0.0156660940434161
      5.2298103600000001       0.0938198600000000      -5.6058670800000003      -0.0324045026460045
      7.4418600599999998      -0.6983238800000000      -5.6763861200000001      -0.0186980230950251
      6.6045759700000000       0.6991354000000000      -5.7469051599999998      -0.0235890650800794
      5.9913478099999997      -2.2336183200000002       5.7438060100000001      -0.0229898019622450
      4.5419178400000000      -1.4899182300000000       5.6732869700000004      -0.0325302137986299
      5.4776251100000000      -3.6451693800000000       5.6027679199999998      -0.0195180461214033
      7.1105310499999996      -3.3511418700000002       5.3912107999999996      -0.0135533170707536
      4.2402005000000003      -4.3776803099999997       5.2501727100000002      -0.0216292069842634
      6.5536954100000004      -4.7978428600000003       5.0386155800000001      -0.0090167022293333
      8.4582470099999991      -2.9161343999999998       4.8270584500000000      -0.0082678732694141
      4.9189597200000001      -5.5888256099999998       4.6860203699999996      -0.0107042775057469
      7.9471209900000002      -4.8143739099999996       4.4744632400000004      -0.0023508235902767
      6.2431019799999996      -6.1868996899999997       4.1218680200000000      -0.0005319812568221
      9.2180075099999996      -4.0190056600000004       3.9103108899999999       0.0009130931443053
      7.8177216999999999      -6.0656683700000000       3.5577156799999998       0.0058373801213882
      9.2929430199999992      -5.2233292499999999       2.9935633300000002       0.0083774227333873
      7.1413482100000003      -7.0553713000000000       2.6409681200000001       0.0124843843310991
     10.3667496499999991      -3.7791812700000000       2.4294109900000000       0.0092690035773355
      6.1162814799999996      -7.6991056100000002       1.7242205600000000       0.0184502912677829
     10.2089151600000001      -4.9843637000000003       1.5126634299999999       0.0140047648850636
     10.7200021400000001      -4.3876976799999996       0.0317635300000000       0.0154514348383827
      6.3659487800000001      -7.5049927099999998      -2.1543268000000002       0.0156630451092159
     10.0727845499999997      -4.5974723400000004      -2.3658839299999999       0.0103181570987694
      7.9780900399999997      -6.6130814000000004      -2.7184791499999998       0.0120497730632358
      9.0548947999999996      -5.2314137799999996      -3.2826314900000000       0.0067667894856296
      6.7839938899999996      -6.5001084100000002      -3.6352267100000000       0.0047011037491895
      9.4402763200000006      -3.6362648800000001      -3.8467838400000001       0.0007674977021317
      7.8358869899999997      -5.3435305199999998      -4.1993790500000001       0.0003929199472310
      5.7352530399999999      -5.7838034900000004      -4.5519742699999997      -0.0058835961846420
      8.1579068299999999      -3.9414698000000001      -4.7635313899999998      -0.0058167737998698
      6.5463649799999999      -4.6578054699999996      -5.1161266100000002      -0.0098332979969307
      7.5664851500000001      -2.6750062099999998      -5.3276837400000003      -0.0140221237779841
      4.1232591500000000      -0.5540168000000000      -5.3982027800000001      -0.0383865294237555
      5.1475578899999999      -4.1115989700000002      -5.4687218199999998      -0.0187507962784750
      6.1491552000000000      -2.9948511799999999      -5.6802789499999999      -0.0193523999140659
      5.3118711200000002      -1.5973919000000001      -5.7507979999999996      -0.0284376716442907
      3.3416118300000002      -2.2909715099999999       5.7406312699999997      -0.0333689120255336
      1.8921818500000001      -1.5472714200000000       5.6701122300000000      -0.0392478091701527
      2.8278891200000000      -3.7025225599999998       5.5995931800000003      -0.0293595700539875
      3.7209479000000001      -0.9645546900000000       5.5290741399999996      -0.0377429126362454
      0.8436236300000000      -2.6200474699999998       5.4585550999999999      -0.0393689854803281
      3.9607759800000002      -1.1891171500000000      -5.5424156099999999      -0.0365080829540450
      1.2873695199999999      -2.2600606200000000      -5.6129346499999997      -0.0387490534362094
      3.4994192200000001      -3.0522043700000001      -5.6834536900000003      -0.0301068207917048
      2.6621351299999998      -1.6547450900000000      -5.7539727400000000      -0.0369383998028017
      2.0110557600000001      -4.5807902800000004       5.7371919699999996      -0.0257702357495404
      0.5616257800000000      -3.8370901900000001       5.6666729299999998      -0.0326882934357737
      1.4973330499999999      -5.9923413300000004       5.5961538800000001      -0.0185096955348669
      3.1302390000000000      -5.6983138300000000       5.3845967500000000      -0.0165856507560544
      0.2599084400000000      -6.7248522700000004       5.2435586699999996      -0.0157619550372434
      2.5734033500000000      -7.1450148200000001       5.0320015400000004      -0.0089798254518580
      0.9386676600000000      -7.9359975699999996       4.6794063200000000      -0.0068710480489411
      3.9668289400000001      -7.1615458700000003       4.4678491999999999      -0.0037670193182873
      2.2628099200000000      -8.5340716499999996       4.1152539800000003       0.0001662816142147
      3.8374296499999998      -8.4128403299999999       3.5511016400000002       0.0056269935582876
      1.3969207600000000      -9.3914292699999997       3.1985064200000002       0.0056510715851381
      5.3126509600000000      -7.5705012099999998       2.9869492900000001       0.0091145607226153
      3.1610561499999998      -9.4025432599999998       2.6343540800000000       0.0116725311527759
      0.2588181600000000      -9.7714496099999995       2.2817588600000001       0.0095840154116527
      0.9285740900000000     -10.2888924199999998       0.8008589600000000       0.0148727292194284
      0.4851295000000000     -10.0699933999999995      -1.5967884999999999       0.0126465288208255
      2.3856567300000000      -9.8521646700000005      -2.1609408499999998       0.0130887725389641
      3.9977979900000000      -8.9602533599999994      -2.7250931899999999       0.0119929320091430
      1.2426153799999999      -9.4808782699999998      -3.0776884000000000       0.0063688829935344
      5.0746027500000004      -7.5785857400000003      -3.2892455300000001       0.0068732774069922
      2.8037018300000001      -8.8472803700000000      -3.6418407500000001       0.0046891440078483
      0.3646670800000000      -8.6484082499999992      -3.9944359600000001      -0.0014308010160065
      3.8555949300000001      -7.6907024699999997      -4.2059930899999998      -0.0002598929675219
      1.7549609900000001      -8.1309754499999993      -4.5585883100000002      -0.0040968137596131
      4.1776147699999999      -6.2886417600000000      -4.7701454400000003      -0.0089755373674976
      2.5660729199999999      -7.0049774300000003      -5.1227406499999999      -0.0098483112725702
      3.5861930900000001      -5.0221781700000001      -5.3342977800000000      -0.0195970575990358
      0.1429671000000000      -2.9011887600000001      -5.4048168199999997      -0.0392835687198954
      1.1672658300000001      -6.4587709300000000      -5.4753358700000003      -0.0162081883806007
      2.1688631500000000      -5.3420231400000002      -5.6868929899999996      -0.0209168802982767
      1.3315790599999999      -3.9445638600000001      -5.7574120400000002      -0.0305948028657621
     -0.6290237300000000      -4.6082858000000000       5.7366061500000001      -0.0279427899595568
     -2.0784536999999998      -3.8645857000000001       5.6660871100000003      -0.0301293365559392
     -1.1427464300000001      -6.0198368499999999       5.5955680699999997      -0.0189000211677399
     -0.2496876600000000      -3.2818689700000001       5.5250490299999999      -0.0365917670066374
     -3.1270119200000002      -4.9373617599999999       5.4545299800000002      -0.0215511567794522
     -2.3801710400000000      -6.7523477900000000       5.2429728500000001      -0.0119765728427623
     -0.0666761300000000      -7.1725103299999997       5.0314157200000000      -0.0128082106668650
     -3.9217815900000002      -6.1470023600000001       4.8903776399999996      -0.0111286195719593
     -1.7014118300000001      -7.9634930800000001       4.6788205100000004      -0.0054085794926593
     -3.7172141399999998      -7.5449086300000001       4.3262252900000000      -0.0019251474756032
     -0.3772695600000000      -8.5615671599999992       4.1146681699999998      -0.0023581786874765
     -2.7498137100000002      -8.7319236900000003       3.7620729499999999       0.0036230974562699
     -4.9530364200000001      -7.4632487300000001       3.4094777399999998       0.0052751096007597
     -1.2431587300000000      -9.4189247900000002       3.1979206100000002       0.0057220387819115
     -3.9445874999999999      -8.8638334800000003       2.8453253900000002       0.0110079918253696
     -2.3812613200000001      -9.7989451299999999       2.2811730500000000       0.0127229617407494
     -0.5040900699999999     -10.0737730800000005       1.7170207000000000       0.0122266408710630
     -0.9453555000000000     -10.3429170199999998      -0.6806267600000000       0.0153910563654094
     -0.2544227600000000      -9.8796601800000001      -2.1615266599999998       0.0103953618751422
     -5.3371154299999999      -7.5599432100000001      -2.8667170899999999       0.0101530023122063
     -1.3974641100000000      -9.5083737799999994      -3.0782742199999999       0.0069120746931102
     -3.8733256900000002      -8.4742333500000004      -3.4308694300000000       0.0068027077516106
     -2.2754124099999999      -8.6759037699999997      -3.9950217800000001       0.0016151195627572
     -4.0359704100000000      -7.2464419400000004      -4.3476169899999997      -0.0025529558168245
     -0.8851185000000000      -8.1584709600000007      -4.5591741199999998      -0.0051560830188162
     -2.6276473000000000      -7.3587619799999997      -4.9117693400000002      -0.0072076041967257
     -0.0740065600000000      -7.0324729399999999      -5.1233264700000003      -0.0136623181418791
     -3.3329292499999998      -5.8602348600000003      -5.2643645499999998      -0.0149452314901062
     -1.4728136500000000      -6.4862664399999996      -5.4759216799999999      -0.0154324959145757
     -0.0098595800000000      -3.5064314400000001      -5.5464407199999997      -0.0355073888913502
     -2.6832660399999999      -4.5773749099999996      -5.6169597700000002      -0.0245751774935759
     -0.4712163400000000      -5.3695186499999998      -5.6874788100000000      -0.0236205472584530
     -1.3085004300000000      -3.9720593800000001      -5.7579978499999998      -0.0304655255875534
     -2.0068229500000001      -2.3466428399999999       5.7421997400000002      -0.0363046637928530
     -3.4562529199999998      -1.6029427400000000       5.6716806999999996      -0.0359075824821744
     -2.5205456499999999      -3.7581938899999998       5.6011616599999998      -0.0300138493718851
     -3.7579702600000000      -4.4907048200000004       5.2485664400000003      -0.0230424076293634
     -3.8749116099999998      -0.6670413100000000      -5.3998090500000000      -0.0390122137984132
     -1.8490155600000000      -3.1078756900000002      -5.6818852199999998      -0.0341972881984276
     -2.6862996500000000      -1.7104164200000000      -5.7524042599999996      -0.0367805114885424
     -4.6572392300000001      -2.3437893500000002       5.7463571399999998      -0.0288226686247004
     -6.1066692099999997      -1.6000892600000001       5.6758381000000000      -0.0250363402433127
     -5.1709619399999998      -3.7553404000000001       5.6053190500000003      -0.0205184913290957
     -4.2779031600000001      -1.0173725300000001       5.5348000099999997      -0.0359065975598991
     -7.1552274300000001      -2.6728653100000002       5.4642809699999999      -0.0162717836481683
     -6.4083865500000003      -4.4878513399999997       5.2527238399999998      -0.0116568210613526
     -4.0948916400000002      -4.9080138800000004       5.0411667099999997      -0.0192596308878237
     -7.9499970900000001      -3.8825059099999999       4.9001286200000003      -0.0074542011266292
     -5.7296273299999996      -5.6989966399999998       4.6885715000000001      -0.0070245541824061
     -7.7454296400000002      -5.2804121899999998       4.3359762799999997      -0.0009807875484089
     -9.2874279600000005      -3.6175331200000000       3.9833810700000001      -0.0004801757332693
     -6.7780292199999996      -6.4674272400000001       3.7718239400000000       0.0035690298058668
     -8.9812519200000001      -5.1987522899999998       3.4192287200000000       0.0055516789511820
     -7.9728030099999998      -6.5993370300000000       2.8550763799999999       0.0109593719637608
    -10.0052106799999994      -4.5761209000000003       2.5024811599999999       0.0094159601159483
     -6.4094768300000000      -7.5344486799999997       2.2909240299999998       0.0146122281443333
    -10.0669903900000008      -5.4452501699999996       1.0215812600000000       0.0156581276348966
    -10.7060079500000001      -4.3799900400000000       0.1048337000000000       0.0153739490551281
    -10.2409344800000000      -5.0052231100000002      -1.3760661999999999       0.0140435301944937
     -9.3653309300000007      -5.2954467599999999      -2.8569661000000002       0.0088921418842798
     -5.4256796100000004      -7.2438773400000001      -3.0685232299999998       0.0080408662104254
     -7.9015411999999996      -6.2097369000000002      -3.4211184499999998       0.0069505333943507
     -9.3121712199999997      -4.0945893000000000      -3.7737136599999999       0.0016387744041655
     -6.3036279200000003      -6.4114073200000004      -3.9852707900000000       0.0012192967443116
     -8.0641859199999999      -4.9819454900000002      -4.3378660099999999      -0.0011222777996913
     -4.9133340099999998      -5.8939745200000004      -4.5494231400000000      -0.0084903655383002
     -8.6142520499999993      -2.9979850199999998      -4.6904612200000004      -0.0072759561640101
     -6.6558628000000004      -5.0942655300000004      -4.9020183499999996      -0.0070964801710112
     -4.1022220699999998      -4.7679764999999996      -5.1135754799999997      -0.0199862449668853
     -7.3611447600000002      -3.5957384200000000      -5.2546135700000001      -0.0115908092918318
     -5.5010291599999999      -4.2217700000000002      -5.4661706900000002      -0.0167683584399878
     -4.0380750799999996      -1.2419349900000001      -5.5366897399999999      -0.0362232951424044
     -6.7114815500000002      -2.3128784699999998      -5.6072087799999997      -0.0196658914430792
     -4.4994318499999997      -3.1050222100000000      -5.6777278200000003      -0.0263931249600322
     -5.3367159300000004      -1.7075629299999999      -5.7482468700000000      -0.0281010647547859
     -0.6954287000000000      -0.0178390100000000       5.7441272600000000      -0.0412938541149988
     -2.1448586700000001       0.7258610800000000       5.6736082200000002      -0.0401567640840383
     -1.2091514000000001      -1.4293900700000000       5.6030891799999996      -0.0409355280144528
     -0.3160926300000000       1.3085778100000001       5.5325701299999999      -0.0422592010620537
     -3.1934168999999999      -0.3469149800000000       5.4620510900000001      -0.0405080413664383
     -0.0762645500000000       1.0840153400000001      -5.5389196099999998      -0.0426284122431486
     -2.7496710100000001       0.0130718700000000      -5.6094386600000004      -0.0401255254944246
     -0.5376213100000000      -0.7790718700000000      -5.6799577000000001      -0.0416030036941386
     -1.3749054000000001       0.6183874100000000      -5.7504767399999999      -0.0405260111205763
      1.9821807499999999       0.0103179000000000       5.7418973900000001      -0.0401520993574760
      0.5327507700000000       0.7540180000000000       5.6713783400000004      -0.0416540728094876
      1.4684580400000000      -1.4012331499999999       5.6008592999999998      -0.0407233860677323
      0.2310334300000000      -2.1337440900000000       5.2482640900000002      -0.0431960175927788
      0.1140920800000000       1.6899194200000001      -5.4001114100000001      -0.0428513328410567
      2.1399881399999998      -0.7509149500000000      -5.6821875799999999      -0.0401259242515266
      1.3027040500000000       0.6465443200000000      -5.7527066199999997      -0.0405780192218739
    -12.0305441000000002       0.0409348600000000       2.3596040500000002       0.0132422404619899
    -12.2887311599999993      -1.2457978700000001       1.5631536800000001       0.0152653978071680
    -12.5039777000000001       0.9084518600000000       1.0653722000000001       0.0161637655798401
    -11.8613384600000007      -2.5543957499999999       0.7667033200000000       0.0159040570452511
    -12.7454470000000004      -0.4732500200000000       0.2689218400000000       0.0169378429865041
    -12.3133913899999996       1.7629086599999999      -0.2288596400000000       0.0164781509359884
    -12.3438309400000001      -1.8295368999999999      -0.5275285300000000       0.0164106902033918
    -12.6040135299999996       0.3907037600000000      -1.0253100100000001       0.0162542989223287
    -12.2385160499999994      -0.9140869900000000      -1.8217603800000000       0.0146243643691495
    -11.8414883199999998       1.0194170800000000      -2.3195418600000002       0.0127415942348588
     -8.2155068500000006       6.5186243099999999       2.6641310900000001       0.0124377260724930
     -9.4143057799999994       6.0511117099999998       1.8676807200000001       0.0147511867760510
     -7.9121525600000000       7.5260621099999998       1.3698992400000001       0.0176526504192722
     -9.1710172199999995       6.9399032600000004       0.5734488700000000       0.0176858818985117
     -7.1547213999999997       7.9862700599999998       0.0756673900000000       0.0203751285611649
    -10.0489705300000001       5.8308462099999998      -0.2230014900000000       0.0168086804384640
     -8.4532281600000001       7.4328517500000002      -0.7207829700000000       0.0181835895674975
     -6.2825268200000002       7.8555699499999996      -1.2185644499999999       0.0204853812000447
     -9.3373377099999999       6.3776535499999998      -1.5172333400000000       0.0157357666898346
     -7.5150097999999996       7.3331129800000001      -2.0150148200000002       0.0156674815186300
     -4.1636508699999997       8.9101292500000007       2.6305695600000001       0.0125521150924506
     -2.5328847099999998       9.8340385099999992       2.1327880800000001       0.0133444191280834
     -5.3624498000000003       8.4426166400000007       1.8341191900000000       0.0171518146331326
     -3.8602965800000000       9.9175670399999998       1.3363377100000000       0.0167868383923810
     -1.6960027200000001      10.2976094699999994       0.8385562300000000       0.0158957719324775
     -5.1191612400000004       9.3314081899999994       0.5398873400000000       0.0192651841476881
     -3.1028654300000000      10.3777749900000007       0.0421058600000000       0.0173945533269855
     -5.9971145500000000       8.2223511400000007      -0.2565630300000000       0.0225861064063011
     -4.4013721800000001       9.8243566799999993      -0.7543445100000000       0.0181410681605580
     -2.2306708500000001      10.2470748799999996      -1.2521259899999999       0.0155966043171265
     -5.2854817299999999       8.7691584799999998      -1.5507948800000000       0.0178313699477464
     -3.4631538200000000       9.7246179099999992      -2.0485763600000002       0.0146053741925041
      4.1092622600000004       9.6528615400000000       1.6271264400000001       0.0164909511561167
      5.7195892900000000       8.2334971899999996       1.1293449600000001       0.0208888283630397
      2.9277977300000000      10.3461754300000006       0.8306760700000000       0.0169308002919042
      4.9839526300000001       9.4229214900000002       0.3328945900000000       0.0194697125699026
      1.5209350200000000      10.4263409500000002       0.0342257000000000       0.0165060021774170
      3.7811752300000001      10.1684581499999993      -0.4635557800000000       0.0180020501687679
      5.4885783500000001       8.7102433799999996      -0.9613372600000000       0.0201079520343619
      2.3931296000000000      10.2956408400000008      -1.2600061400000000       0.0159046877682396
      4.3448759399999997       9.4510357999999997      -1.7577876200000000       0.0164334372631902
      3.0510718099999998       9.5053928499999998      -2.5542379899999998       0.0124109737522584
      8.8544532000000000       6.2124981300000002       2.4405087499999998       0.0127268092428920
      8.2096464000000005       7.3454116200000001       1.6440583799999999       0.0164804215981587
      9.8199734299999992       5.9260472799999997       1.1462768999999999       0.0158834618822503
      7.0281818700000001       8.0387255100000008       0.8476080200000000       0.0195710632585122
      9.0843367700000002       7.1154715700000004       0.3498265400000000       0.0177715056846157
      7.8815593699999997       7.8610082300000004      -0.4466238300000000       0.0189336595484271
      9.5889624900000001       6.4027934599999998      -0.9444053100000001       0.0165731864545577
      6.4935137400000000       7.9881909200000001      -1.2430741999999999       0.0196247056374386
      8.4452600800000006       7.1435858799999998      -1.7408556799999999       0.0159969776798370
      7.1514559499999999       7.1979429300000000      -2.5373060500000002       0.0132607042555577
     12.2587454000000005       0.5620366000000000       1.9464311299999999       0.0144927776594184
     12.1661872399999993      -1.5181210300000001       1.4486496499999999       0.0152052410538808
     12.1683548199999993       1.9059953900000000       1.1499807700000000       0.0156846872230236
     12.7166484299999993      -0.2495102200000000       0.6521992900000000       0.0167249611560489
     11.9494489599999998      -2.3828043299999999       0.1544178100000000       0.0162836169315099
     12.6342348500000003       1.1613920200000001      -0.1442510800000000       0.0168294477020279
     12.5515199499999994      -1.1041536199999999      -0.6420325600000000       0.0165179011708840
     11.9373438800000002       2.3827415699999999      -0.9407014500000001       0.0157143156074930
     12.5132614600000007       0.2782056600000000      -1.4384829299999999       0.0156711720126079
     11.8242574900000008      -1.6867106999999999      -1.9362644099999999       0.0137207550475900
     11.8414727600000003       1.4159209699999999      -2.2349332999999998       0.0130644270445934
      8.8515606200000008      -6.3896848100000003       2.2370875799999999       0.0138736340481422
      7.2430279500000001      -7.5840529700000001       1.7393061000000001       0.0170461149536543
      9.8988184100000005      -5.5841121500000002       1.4406372199999999       0.0151861770409241
      8.5803714000000006      -7.3226316200000001       0.9428557400000001       0.0177993447813183
      6.4526459300000001      -8.0398485199999996       0.4450742600000000       0.0218908502581776
      9.6820801299999992      -6.4487954600000004       0.1464053700000000       0.0173312524356000
      7.8465797200000003      -7.7960310100000001      -0.3513761100000000       0.0192222377635325
      8.9723525899999999      -6.9662558099999998      -1.1478264800000000       0.0170859740107172
      6.9491886400000000      -7.6835813499999999      -1.6456079600000000       0.0177524632722807
      9.5568886600000003      -5.7527018300000003      -1.9442768500000001       0.0140741903346697
      7.9696178099999999      -6.8724135999999998      -2.4420583300000001       0.0136171934535483
      4.8022368799999997      -8.7776937499999992       2.2280735900000002       0.0148100250626815
      3.1937042000000000      -9.9720619100000008       1.7302921099999999       0.0152461129834638
      5.8494946700000003      -7.9721210899999999       1.4316232200000001       0.0199819429929384
      4.5310476499999996      -9.7106405599999999       0.9338417400000000       0.0180280617832960
      2.4033221800000000     -10.4278574600000002       0.4360602600000000       0.0167122841134226
      5.6327563800000000      -8.8368044000000001       0.1373913800000000       0.0206544415370793
      3.7972559800000001     -10.1840399500000007      -0.3603901000000000       0.0178619728919251
      4.9230288499999997      -9.3542647399999996      -1.1568404699999999       0.0181840627830692
      2.8998648999999999     -10.0715902899999996      -1.6546219499999999       0.0152579237768133
      5.5075649200000001      -8.1407107700000001      -1.9532908400000000       0.0169002988460765
      3.9202940599999998      -9.2604225400000004      -2.4510723200000002       0.0133895721970507
     -4.5045210500000001      -9.1329088600000006       2.0278082700000000       0.0155556907606371
     -3.5553726600000002     -10.0768860399999998       1.2313578999999999       0.0168519160261020
     -5.4123650699999999      -8.8759638200000008       0.7335764200000000       0.0201589447723993
     -2.2198546600000002     -10.4759320900000006       0.4349075300000000       0.0167408348186324
     -4.4134787299999996      -9.8732690400000003      -0.0628739500000000       0.0187521686515417
     -5.8948575400000003      -8.1511049700000004      -0.5606554300000000       0.0230830852800192
     -3.0780128499999999     -10.3229578899999996      -0.8593243200000000       0.0170488185944730
     -4.9449565399999997      -9.1640267299999998      -1.3571058000000000       0.0181192280651334
     -3.6819701700000000      -9.5809976100000007      -2.1535561599999999       0.0146101757401560
     -8.6022973700000005      -6.8292761899999999       2.0353293799999999       0.0147894596696432
     -7.6531489800000001      -7.7732533699999999       1.2388790100000000       0.0179500114385789
     -9.5101413899999994      -6.5723311400000002       0.7410975300000000       0.0169268551848063
     -6.3176309799999997      -8.1722994100000008       0.4424286400000000       0.0217417784175726
     -8.5112550500000008      -7.5696363699999996      -0.0553528400000000       0.0184102917957887
     -9.9926338599999998      -5.8474722999999997      -0.5531343200000000       0.0165086379825841
     -7.1757891699999998      -8.0193252200000007      -0.8518032100000000       0.0193386285836983
     -9.0427328599999992      -6.8603940600000000      -1.3495846899999999       0.0164450939982803
     -7.7797464900000000      -7.2773649400000000      -2.1460350600000000       0.0150365926933578
     -5.9978911500000001      -0.0749087400000000       6.4054553299999997      -0.0230972398037732
     -7.4463302999999996       0.6684765800000000       6.3421541699999997      -0.0160806775701374
     -6.5109448900000002      -1.4867075599999999       6.2788529999999998      -0.0199696165723431
     -8.4978264800000005      -0.4044436000000000       6.1522506699999999      -0.0114219066001375
     -7.7520420200000002      -2.2260000600000001       5.9623471700000001      -0.0132201063064432
     -9.1435446799999998       0.9606452599999999       5.8357448400000003      -0.0081631483931712
     -9.3074614899999997      -1.6237435600000001       5.6458413399999996      -0.0068860633369905
    -10.2384061099999997       0.0741097500000000       5.3293355099999999      -0.0032518869258524
     -9.1155854099999996      -3.0476626300000000       5.1394320100000002      -0.0050951741174501
     -9.9462326700000006       2.2290672699999998       5.0128296800000003      -0.0026912965298553
    -10.6921163000000004      -1.3692883600000001       4.8229261799999996      -0.0002871389490231
    -11.0747058900000006       1.0954238599999999       4.5064203500000000       0.0016650122960140
    -10.4061244800000008      -2.9955981100000000       4.3165168500000002       0.0011347944079088
    -11.6509654400000002      -0.5398014799999999       4.0000110199999996       0.0046613455066744
    -11.3259349199999999       2.3324802099999999       3.6835051900000000       0.0049408249939482
    -11.5146064300000006      -2.3875178699999999       3.4936016900000002       0.0059111465158388
    -12.1833367700000004       0.6165888800000000       3.1770958600000001       0.0082526020410665
    -11.0745389599999999       3.5933859799999999       2.8605900300000000       0.0075295512479325
    -12.3350891100000002      -1.3865211600000000       2.6706865299999998       0.0098651771729905
    -12.2745297000000004       1.9225512000000000       2.3541807000000001       0.0102969874654431
    -11.7108889699999992      -3.3738728500000001       2.1642771999999999       0.0098624222776298
    -11.9347435100000006       3.2242646599999998       1.5312655399999999       0.0113183672389603
    -12.5181462299999993      -2.2887714600000000       1.3413620399999999       0.0125879423014919
    -11.4670091900000006      -4.2287649099999998       0.8349527100000000       0.0123155615057211
    -12.4909215600000003       2.5617233900000000       0.2019410500000000       0.0131992614828764
    -12.2928154400000000      -3.1193947000000000       0.0120375500000000       0.0129832331630055
    -11.7653666999999995       3.7406601099999999      -0.6209741100000000       0.0123658646007048
    -12.6952935100000008       1.7290340099999999      -1.1273834400000000       0.0130834216101903
    -11.7237683900000000      -3.7650682700000000      -1.3172869300000001       0.0115144023402411
    -11.9871147300000001       2.8888673499999999      -1.9502986000000000       0.0104097685204074
    -12.1845808099999999      -2.4935490200000001      -2.1402020899999998       0.0104798919236284
    -12.4950638999999999       0.8441425200000000      -2.4567079199999999       0.0105112915750851
    -10.9796984700000007       3.7521192100000000      -2.7732137500000000       0.0075407384530326
    -12.2221030800000001      -1.1760559200000000      -2.9631172499999998       0.0087164808800164
    -11.7753394100000008       1.9305363200000001      -3.2796230799999999       0.0067411763920830
    -11.2532843400000004      -2.8731670700000000      -3.4695265800000001       0.0054159352644216
    -11.8159073200000009       0.0381413100000000      -3.7860324099999998       0.0054486664398219
    -10.7397997000000007       2.6639106300000002      -4.1025382400000003       0.0021882200997716
    -11.1500445199999998      -1.6130736800000001      -4.2924417400000001       0.0023798286871113
    -10.9728570699999999       0.9784986800000000      -4.6089475699999998       0.0008010497236786
     -9.9503831300000005      -2.7477486600000001      -4.7988510700000004      -0.0019010663386325
     -9.4850920100000007       2.8879933800000002      -4.9254534000000003      -0.0036293245614178
    -10.4824824499999991      -0.5073781100000000      -5.1153569000000001      -0.0021047463383042
     -9.7007630799999998       1.4236274499999999      -5.4318627299999998      -0.0053178405165379
     -9.3998725800000003      -1.4520038799999999      -5.6217662300000004      -0.0067605976862559
     -9.0455359400000006       0.1778698000000000      -5.9382720600000001      -0.0091228048816827
     -7.9362517600000002      -1.4480917600000001      -6.1281755599999999      -0.0134846931870793
     -4.9663170699999997       0.0430845200000000      -6.1914767299999998      -0.0287825916424485
     -7.7447916399999999       0.8063121000000000      -6.2547778899999997      -0.0148395334701394
     -6.4615397500000000      -1.1616892000000001      -6.3180790599999996      -0.0205967138837302
     -6.2839212000000000       0.4566585200000000      -6.3813802199999996      -0.0218130119830047
     -4.7066035800000003       2.2224500400000000       6.4074962400000004      -0.0246549892983836
     -6.1550427299999999       2.9658353599999998       6.3441950699999996      -0.0169792769063299
     -5.2196573300000004       0.8106512200000000       6.2808938999999997      -0.0266233975777297
     -4.3258256499999996       3.5499033500000001       6.2175927399999997      -0.0218966934992419
     -7.2065389199999998       1.8929151799999999       6.1542915699999998      -0.0159832127319106
     -5.9308613799999996       4.4071845900000000       6.0276892399999999      -0.0128533534057684
     -7.8522571200000000       3.2580040399999999       5.8377857400000002      -0.0097807081147661
     -4.4545049099999998       5.0568954799999997       5.7111834100000003      -0.0152811024274744
     -7.2469019299999999       4.9297591100000000       5.5212799099999996      -0.0062052299972102
     -5.5184668500000003       6.0049875200000002       5.2047740800000000      -0.0067175698052200
     -8.6549451099999999       4.5264260600000004       5.0148705800000002      -0.0023693141315277
     -7.0413049900000004       6.2791266200000004       4.6983647499999996      -0.0002929603494231
     -9.7834183299999999       3.3927826400000001       4.5084612499999999      -0.0004701091677184
     -8.6583324499999996       5.8056227099999997       4.1919554200000002       0.0032263368510446
     -6.2626938599999997       7.2748265200000004       3.8754495900000001       0.0042806242049487
    -10.0346473500000002       4.6298389899999997       3.6855460899999999       0.0046166778088388
     -8.1141545500000003       6.9499796900000002       3.3690402599999998       0.0078976822394345
     -9.7832513999999993       5.8907447599999996       2.8626309299999999       0.0089595412611754
     -7.1657492999999999       7.8393768499999998       2.5461250999999998       0.0118807382356803
    -10.9832421399999998       4.2199099799999997       2.3562216100000000       0.0092498058273023
    -10.6434559499999999       5.5216234399999999       1.5333064500000000       0.0119389470280478
    -11.1996339999999996       4.8590821799999997       0.2039819600000000       0.0127986596436465
    -10.4740791400000006       6.0380188900000000      -0.6189332000000000       0.0136261174873482
    -10.6958271699999994       5.1862261399999996      -1.9482576899999999       0.0105679694228957
     -8.2158894500000006       7.4986325699999998      -2.2647635199999998       0.0124364309048737
     -9.6884109100000000       6.0494779899999997      -2.7711728500000001       0.0091585104997822
     -6.9100416500000001       7.6267760000000004      -3.0876786799999998       0.0090091964346453
    -10.4840518500000002       4.2278950999999996      -3.2775821800000000       0.0056953652664795
     -8.4853738599999993       6.5109975000000002      -3.5940880100000001       0.0062912318202688
     -5.6776474600000002       7.2985544400000002      -3.9105938400000002       0.0030761313167336
     -9.4485121299999992       4.9612694099999999      -4.1004973400000004       0.0026607220701909
     -7.2231628499999996       6.4785174100000003      -4.4170031700000001       0.0013361481289049
     -9.6815695099999992       3.2758574600000001      -4.6069066699999999      -0.0015575096649929
     -8.1938044500000000       5.1853521599999999      -4.9234125000000004      -0.0018215334504852
     -6.0763532700000003       5.8473685499999997      -5.2399183300000001      -0.0060082421776571
     -8.4094755200000009       3.7209862399999998      -5.4298218299999998      -0.0063607117260513
     -6.8301511200000000       4.6492317600000002      -5.7463276600000004      -0.0090160916915494
     -7.7542483799999999       2.4752285800000000      -5.9362311600000002      -0.0125422710069039
     -5.3082230099999999       4.3084500400000003      -6.0628334900000000      -0.0156003677711354
     -6.4535040800000001       3.1036708800000001      -6.2527369899999998      -0.0156979447160523
     -5.1702521800000003       1.1356695800000001      -6.3160381499999998      -0.0261466449413525
     -4.9926336400000002       2.7540173000000001      -6.3793393199999997      -0.0221315656637451
     -2.0563195799999998       2.2824677400000000       6.3958177300000001      -0.0312498568082962
     -3.5047587299999998       3.0258530600000002       6.3325165600000002      -0.0260151717426922
     -2.5693733200000000       0.8706689200000000       6.2692154000000002      -0.0341626434948772
     -3.8104704500000000       0.1313764200000000       5.9527095699999997      -0.0344796712526207
     -3.9946801900000000       0.9092847200000000      -6.1378131600000003      -0.0317954113961001
     -1.0247455000000001       2.4004609900000000      -6.2011143300000002      -0.0336652664799360
     -3.8032200700000001       3.1636885800000001      -6.2644154900000002      -0.0250465304619354
     -2.5199681799999998       1.1956872800000000      -6.3277166600000001      -0.0333711567254564
     -2.3423496300000002       2.8140350000000001      -6.3910178300000000      -0.0291834144455336
     -0.7252154900000000       4.5725321799999996       6.3885800799999997      -0.0241559735851506
     -2.1736546400000001       5.3159175000000003       6.3252789099999998      -0.0186939363287255
     -1.2382692300000000       3.1607333600000000       6.2619777499999998      -0.0304803584697826
     -0.3444375500000000       5.8999854799999998       6.1986765799999999      -0.0182417982744099
     -3.2251508200000001       4.2429973099999998       6.1353754199999999      -0.0223376362420211
     -1.9494732900000000       6.7572667300000004       6.0087730800000001      -0.0122248415074750
     -3.8708690200000002       5.6080861799999999       5.8188695800000003      -0.0140062675478987
     -0.4731168100000000       7.4069776200000002       5.6922672499999996      -0.0106119955472224
     -3.2655138400000001       7.2798412399999997       5.5023637499999998      -0.0070377937733994
     -1.5370787600000000       8.3550696599999998       5.1858579200000001      -0.0046550058796360
     -4.6735570199999996       6.8765081900000000       4.9959544200000003      -0.0046769689664998
     -3.0599168899999998       8.6292087599999991       4.6794485899999998      -0.0002311906150325
     -0.5640517300000000       9.2165608900000002       4.3629427600000001      -0.0002056235047458
     -4.6769443500000003       8.1557048499999993       4.1730392700000003       0.0027405362916202
     -2.2813057600000000       9.6249086599999991       3.8565334299999998       0.0040852108429608
     -4.1327664600000000       9.3000618300000006       3.3501241099999999       0.0077009165151409
     -1.1558584800000000      10.2299807000000005       3.0336182799999998       0.0068093086635415
     -5.8018632999999999       8.2408269000000001       2.8437147800000000       0.0104864241937701
     -3.1843612000000001      10.1894589900000003       2.5272089499999999       0.0105068663007302
     -5.1191006799999998       9.3750083899999996       2.0207996200000000       0.0136443157926998
     -1.9638190700000000      10.7368158200000003       1.7042937899999999       0.0116032687521805
     -0.6059840300000000      10.8911004600000005       0.8813786300000001       0.0122193004506830
     -1.4559741200000000      10.9816163299999996      -0.4479458600000000       0.0129793611184166
     -2.2751728899999999      10.6804298400000004      -1.7772703500000000       0.0118030875811446
     -4.2345013600000003       9.8487147099999994      -2.2836796800000001       0.0122220622098421
     -0.9626628200000000      10.4364955399999992      -2.6001855100000002       0.0083767980135772
     -5.7070228199999997       8.3995601299999993      -2.7900890100000000       0.0106201303657105
     -2.9286535599999999       9.9768581399999992      -3.1065948400000001       0.0081164695474776
     -4.5039857699999999       8.8610796399999998      -3.6130041700000000       0.0063445767744987
     -1.6962593600000000       9.6486365799999998      -3.9295100000000001       0.0033147402981140
     -5.4671240399999999       7.3113515500000004      -4.1194135000000003       0.0017455850594494
     -3.2417747600000002       8.8285995499999999      -4.4359193299999999       0.0014380393722817
     -0.7122990600000000       8.8526703799999993      -4.7524251599999996      -0.0023837959858817
     -4.2124163499999998       7.5354343000000004      -4.9423286600000003      -0.0028995301693833
     -2.0949651800000000       8.1974506799999993      -5.2588344899999999      -0.0046856775068154
     -4.4280874299999997       6.0710683699999999      -5.4487379799999998      -0.0100914481725258
     -0.2130775000000000       7.5609410800000001      -5.5753403199999996      -0.0098406212803006
     -2.8487630199999998       6.9993138999999998      -5.7652438200000002      -0.0094386058882492
     -3.7728602900000001       4.8253107200000001      -5.9551473100000001      -0.0183670598708598
     -1.3268349100000001       6.6585321700000000      -6.0817496499999999      -0.0135402905723634
     -2.4721159799999999       5.4537530199999997      -6.2716531399999997      -0.0175830614050145
     -1.1888640900000000       3.4857517200000001      -6.3349543099999996      -0.0288431961023328
     -1.0112455400000000       5.1040994399999997      -6.3982554800000004      -0.0212631760053235
      1.9152419400000000       4.5997442299999998       6.3840069399999999      -0.0225805490408302
      0.4668027900000000       5.3431295499999996       6.3207057799999999      -0.0207605560241237
      1.4021882000000001       3.1879454100000002       6.2574046100000000      -0.0302556734569759
      2.2960198799999998       5.9271975399999999       6.1941034400000001      -0.0157111635267633
      0.6909841400000000       6.7844787799999997       6.0041999500000003      -0.0135980752362101
      0.1610910800000000       2.4486529099999998       5.9408987800000004      -0.0360050552426348
      3.6959458000000001       5.4826696300000002       5.8775976099999996      -0.0152984454376046
      2.1673406200000001       7.4341896700000003       5.6876941199999997      -0.0085707742410595
      3.9633538399999999       6.8627220400000004       5.3711882800000001      -0.0073780534058070
      1.1033786800000001       8.3822817100000009       5.1812847900000003      -0.0049576246988181
      3.3595555400000001       8.2318366699999999       4.8647789599999998      -0.0016791557359710
      2.0764057000000000       9.2437729399999995       4.3583696300000003       0.0012990418683874
      4.6288770899999996       8.2932816099999993       4.0418637999999998       0.0034510939561532
      0.3591516700000000       9.6521207100000002       3.8519603000000000       0.0026277016174543
      3.2987365500000001       9.5629301099999999       3.5354544699999999       0.0064444219925335
      1.4845989600000000      10.2571927600000006       3.0290451400000000       0.0072232464203648
      4.5789330300000000       9.3933046699999991       2.7125393099999999       0.0107707714527585
      2.7870599399999998      10.4389637299999993       2.2061299800000000       0.0113285151791676
      5.7635967299999997       8.7898706499999992       1.8896241499999999       0.0146916815222156
      0.6766383600000000      10.7640278800000004       1.6997206499999999       0.0108223023537715
      2.0344734000000000      10.9183125099999998       0.8768054900000000       0.0133347013135072
      1.1844833100000001      11.0088283800000006      -0.4525190000000000       0.0129460466790210
      2.5406477600000001      10.7710594700000009      -1.2754341600000001       0.0133926234231794
      5.6057103499999998       9.0775233199999992      -1.5919399900000000       0.0155252279739209
      0.3652845400000000      10.7076418899999997      -1.7818434900000000       0.0106403473205017
      1.6777946200000000      10.4637075900000003      -2.6047586500000000       0.0090859354493631
      4.6736826899999997       9.2121074899999993      -2.9212644800000001       0.0100076761209564
      2.8048879900000001       9.8214746799999997      -3.4276738099999999       0.0068270444016552
      5.2094445599999997       8.0463367199999993      -3.7441796400000000       0.0051200712519481
      0.9441980700000000       9.6758486300000008      -3.9340831299999999       0.0028489673561651
      3.5957035300000002       8.8333583699999991      -4.2505889699999999       0.0027284515362798
      1.9281583700000000       8.8798824300000003      -4.7569982900000003      -0.0010501924928974
      3.8774677400000002       7.5797976199999999      -5.0735041299999999      -0.0036850037460052
      0.5454922600000000       8.2246627399999994      -5.2634076199999997      -0.0060927784466589
      2.4273799299999999       7.5881531300000002      -5.5799134500000003      -0.0072392781934685
      3.3471161100000000       6.1309457099999998      -5.8964192799999999      -0.0126879751529554
      1.3136225200000000       6.6857442300000001      -6.0863227799999997      -0.0133743520516241
     -0.0231186700000000       3.2265612099999998      -6.1496239499999996      -0.0318117792281516
      2.9468160299999999       4.7177374900000002      -6.2129251200000004      -0.0204936775488846
      0.1683414500000000       5.4809650699999999      -6.2762262800000004      -0.0203035406156165
      1.4515933500000000       3.5129637699999998      -6.3395274500000003      -0.0284119171293575
      1.6292118900000001       5.1313114999999998      -6.4028286100000003      -0.0203329067717206
      3.2937214600000000       2.3383847300000000       6.3876919100000000      -0.0287304299393316
      1.8452823100000000       3.0817700499999998       6.3243907400000001      -0.0295718809172101
      2.7806677199999998       0.9265859100000000       6.2610895800000002      -0.0338033698085187
      3.6744994000000002       3.6658380400000001       6.1977884100000002      -0.0237076046034623
      0.7937861300000000       2.0088498700000001       6.1344872400000003      -0.0353687056991543
      2.8300728700000000       1.2516042700000001      -6.3358424800000002      -0.0327036203422519
      3.0076914100000001       2.8699519900000001      -6.3991436500000001      -0.0276173096274270
      5.9447046700000001       2.3328856299999998       6.3917737199999998      -0.0199176596797557
      4.4962655199999997       3.0762709500000001       6.3284725499999999      -0.0230230276626546
      5.4316509200000000       0.9210868100000000       6.2651713800000000      -0.0258294414065308
      6.3254826099999999       3.6603389300000000       6.2018702200000000      -0.0144624430939224
      4.7204468700000000       4.5176201799999998       6.0119667200000002      -0.0168916069143048
      4.1905538000000000       0.1817943100000000       5.9486655500000003      -0.0333777329189324
      7.7254085300000002       3.2158110199999999       5.8853643900000003      -0.0107401751832832
      6.1968033499999997       5.1673310700000004       5.6954608899999997      -0.0091341241828928
      7.9928165699999996       4.5958634399999996       5.3789550600000000      -0.0051711033974708
      5.1328414000000002       6.1154231100000001       5.1890515600000002      -0.0076286764001186
      7.3890182700000002       5.9649780600000000       4.8725457299999997      -0.0013440819492523
      9.3164962800000009       4.4397708600000003       4.5560399000000000      -0.0000986082966712
      6.1058684300000001       6.9769143400000004       4.3661364000000003       0.0007976406638228
      8.6583398099999993       6.0264230000000003       4.0496305699999997       0.0038230194303495
      7.3281992799999998       7.2960715000000000       3.5432212399999998       0.0068001247058849
      9.8365324800000007       5.5499213000000003       3.2267154100000002       0.0069621042580987
      8.6083957600000005       7.1264460700000001       2.7203060799999998       0.0104767598501709
     10.7923710499999999       4.6597422499999999       2.4038002500000002       0.0090590206640986
      6.8165226700000003       8.1721051199999994       2.2138967500000000       0.0132470900710562
      9.7930594600000003       6.5230120500000002       1.8973909200000001       0.0121233879255129
     10.7570160799999996       5.5622752899999997       1.0744757599999999       0.0124140516040274
     10.3450162999999993       6.3132535399999998      -0.2548487300000000       0.0139444878952535
     11.0050453400000006       5.1013298899999997      -1.0777638899999999       0.0120798430770126
      6.5701104900000002       8.5042008700000000      -1.2676673800000000       0.0167863441505247
      9.6351730799999995       6.8106647200000001      -1.5841732100000001       0.0131873108320963
      7.7751701300000002       7.8853330499999998      -2.0905825400000002       0.0133332368479167
     10.2713207700000009       5.6280785099999999      -2.4070883699999999       0.0096900196233296
      8.7031454200000002       6.9452488900000002      -2.9134977000000002       0.0095703602044832
     10.4876023299999996       4.3399525900000002      -3.2300035299999998       0.0059732789273852
      6.8343507099999998       7.5546160799999997      -3.4199070300000001       0.0073748379224750
      9.2389072900000002       5.7794781200000003      -3.7364128600000002       0.0050755297766525
      7.6251662600000003       6.5664997600000001      -4.2428221900000000       0.0028506818561542
      9.2746236799999995       4.5175882300000003      -4.5593280199999997      -0.0000898981638606
      5.9576210900000000       6.6130238300000004      -4.7492315200000004      -0.0020973377612670
      7.9069304699999998       5.3129390100000000      -5.0657373500000000      -0.0026196214716006
      8.6756189799999994       3.3269219300000001      -5.3822431799999997      -0.0065251106132926
      6.4568426499999996       5.3212945300000003      -5.5721466800000004      -0.0075970102813461
      7.3765788299999997       3.8640871099999998      -5.8886525100000000      -0.0100856456857557
      5.3430852499999997       4.4188856200000002      -6.0785560099999998      -0.0151047516240617
      4.0063440600000000       0.9597026100000000      -6.1418571799999997      -0.0317627275683972
      6.9762787499999996       2.4508788799999999      -6.2051583399999997      -0.0158065823599092
      4.1978041800000003       3.2141064699999999      -6.2684595099999996      -0.0237535228999288
      5.4810560700000002       1.2461051700000001      -6.3317606700000004      -0.0247613412195182
      5.6586746200000002       2.8644528899999999      -6.3950618400000003      -0.0193946734473371
      7.2834054600000000       0.0629089800000000       6.3938146199999997      -0.0170703852004923
      5.8349663100000004       0.8062942900000000       6.3305134499999998      -0.0238522582872793
      6.7703517099999999      -1.3488898499999999       6.2672122899999998      -0.0189451975535384
      7.6641833999999998       1.3903622800000000       6.2039111199999999      -0.0147199136991016
      4.7834701199999996      -0.2666258900000000       6.1406099599999999      -0.0297857975982136
      8.4067758099999992      -1.0568663599999999       6.0773087900000000      -0.0116004259423352
      9.0641093099999992       0.9458343700000000       5.8874052900000002      -0.0086819706593726
      9.7734910599999996      -0.6245622800000000       5.5708994599999997      -0.0054954849879003
      9.3315173500000004       2.3258867900000002       5.3809959599999999      -0.0057633139290569
      9.2678750900000004      -2.5457593500000000       5.2543936300000000      -0.0054853280898932
     10.5654322999999994       0.5902025400000001       5.0644901300000003      -0.0015696135112258
     10.5764532800000008      -1.7528523300000001       4.7479842999999997      -0.0004244207573372
     10.6551970699999998       2.1697942100000001       4.5580807999999999       0.0005504044089424
     11.4563475799999992      -0.3355812200000000       4.2415749700000003       0.0033257538293832
     10.6986166800000007      -3.0125412400000000       3.9250691400000002       0.0030146673956164
     11.6886214600000002       1.4447592000000000       3.7351656400000000       0.0054645763432024
     11.8452801700000006      -1.5399460000000000       3.4186598099999999       0.0066568215397158
     11.1752332699999997       3.2799446500000000       3.2287563100000001       0.0062449203884043
     12.3663342099999998       0.3553705200000000       2.9122504800000000       0.0093256890284970
     11.7602884200000002      -2.8343875700000001       2.5957446499999999       0.0087312663150918
     12.1310718400000006       2.3897656000000000       2.4058411600000000       0.0098897602950974
     12.6396148099999994      -0.9369971100000000       2.0893353200000000       0.0117166046675976
     12.4921689899999997      -2.2836321200000000       1.2664201600000000       0.0124557139564665
     12.0957168700000004       3.2922986399999998       1.0765166700000000       0.0121206410794272
     11.9434295400000003      -3.5464072700000000       0.4435050100000000       0.0125262882915216
     11.6837170900000000       4.0432768899999996      -0.2528078200000000       0.0126279766602870
     12.3361853499999992      -2.7871845400000002      -0.8858194800000000       0.0125248466892760
     12.3437461299999995       2.8313532399999999      -1.0757229800000001       0.0124411820262065
     11.4593397499999998      -3.8353551100000001      -1.7087346400000001       0.0107906118204273
     12.6144385999999997       1.4975792400000001      -1.8986381400000001       0.0119589575567485
     12.3507794499999992      -1.8950249299999999      -2.2151439700000002       0.0106072749629256
     11.6100215599999999       3.3581018600000001      -2.4050474700000000       0.0090874125391842
     12.4653495799999998       0.1764686700000000      -2.7215533000000001       0.0099501021408166
     11.4815032000000006      -2.8818400700000000      -3.0380591300000002       0.0070667384215373
     11.8263031200000004       2.0699759300000000      -3.2279626299999999       0.0071455193013641
     11.9015953799999998      -0.9853648100000000      -3.5444684600000000       0.0063727002647962
     10.5776080700000001       3.5095014600000001      -3.7343719599999998       0.0036790456924507
     10.3564880600000002      -3.4877152200000001      -3.8609742900000001       0.0028682981313413
     11.5748487099999995       0.8241980600000000      -4.0508777900000004       0.0041414661994441
     10.9618114299999991      -1.8296160299999999      -4.3673836200000000       0.0017021254320753
     10.6133244599999994       2.2476115800000001      -4.5572871199999998       0.0003861746847615
     10.8242476900000000      -0.2012534400000000      -4.8737929500000003      -0.0003771193312296
      9.2456312500000006       3.0429623600000002      -5.0636964500000001      -0.0045611393441991
      9.7067780399999997      -2.1670177499999999      -5.1902987800000000      -0.0042062039604094
     10.0143197700000002       1.0569452699999999      -5.3802022799999998      -0.0041748988358741
      9.5017352800000001      -0.7567514700000000      -5.6967081100000003      -0.0068017325797900
      8.7152796200000004       1.5941104600000000      -5.8866116100000001      -0.0097919196460250
      8.1461364700000001      -1.6308822100000000      -6.0132139400000000      -0.0123156547020926
      8.3149795399999995       0.1809022300000000      -6.2031174399999998      -0.0124474450009249
      6.8197568600000000      -1.0238714799999999      -6.3297197699999996      -0.0189965403053360
      6.9973754000000001       0.5944762400000000      -6.3930209400000004      -0.0183502771417903
      5.9907006000000003      -2.2336183200000002       6.3899217899999998      -0.0199013054147112
      4.5422614499999998      -1.4902330100000001       6.3266206199999999      -0.0276823905106642
      5.4776468500000002      -3.6454171500000001       6.2633194500000000      -0.0174086162112861
      7.1140709600000003      -3.3533936700000000       6.0734159500000002      -0.0124904815557940
      4.2365497300000001      -4.3847096499999996       5.9468136200000004      -0.0192939631207043
      6.5599740300000002      -4.8112598999999996       5.7569101199999997      -0.0092800634130263
      8.4807862000000007      -2.9210895799999999       5.5670066299999998      -0.0082640745270446
      4.9151965899999999      -5.6178654300000002       5.4404042900000000      -0.0110126936576194
      7.9751702299999998      -4.8422866500000001       5.2505007900000003      -0.0040766784451485
      6.2560959599999997      -6.2446592200000000       4.9339949599999997      -0.0032301506816186
      9.2837484200000002      -4.0493796299999998       4.7440914699999999      -0.0013814450843075
      7.8700658800000003      -6.1470755900000000       4.4275856400000002       0.0016923810617637
      9.4059118200000000      -5.3090685400000002       3.9211763099999999       0.0039817264672450
      7.2017668700000002      -7.2183402799999996       3.6046704799999998       0.0063513809642561
     10.5525753099999999      -3.8364733000000002       3.4147669800000000       0.0051126404416184
      9.0008492800000006      -6.5183862000000001       3.0982611499999999       0.0086019188532429
      6.1538051100000004      -7.9680565899999998       2.7817553199999998       0.0107541186364255
     10.4675835700000004      -5.1309148799999997       2.5918518200000000       0.0088856926401562
      8.1744616200000007      -7.5375734400000001       2.2753459899999999       0.0125232750159263
      9.9480404399999998      -6.3606553300000002       1.7689366600000000       0.0124283210579268
      7.0372169800000002      -8.2608649900000000       1.4524308300000000       0.0158888218384661
     11.1994641300000008      -4.5801594200000002       1.2625273299999999       0.0117371511052884
     10.6507246900000005      -5.8429345699999997       0.4396121700000000       0.0135030102571054
      6.5582093199999996      -8.5062507400000005      -0.6998088200000000       0.0183078078970063
     11.0434804900000003      -5.0837118400000003      -0.8897123200000000       0.0124147046725209
     10.1666349000000000      -6.1318824100000002      -1.7126274800000001       0.0122328944099372
      7.2917701499999996      -8.0148253799999996      -2.0291333100000002       0.0138571587080438
     11.0580745900000004      -4.1915522300000001      -2.2190368100000000       0.0095193339711450
      9.0373938700000007      -6.8489161000000003      -2.5355426400000001       0.0109990442629115
     10.1887983500000008      -5.1783673700000001      -3.0419519699999999       0.0074318466741534
      7.7726369300000000      -7.1503953300000003      -3.3584578000000000       0.0078371648480378
      9.0637831999999996      -5.7842425300000002      -3.8648671299999999       0.0046633065612447
      6.5178107499999998      -6.9740611499999998      -4.1813729600000000       0.0024329884624841
      9.6691065799999993      -4.1261433399999996      -4.3712764599999998       0.0007318554435436
      7.8038587200000000      -5.8854545299999996      -4.6877822900000004       0.0000376433735099
      5.4521316700000000      -6.2664711100000003      -5.0042881200000000      -0.0054860350485573
      8.4140731800000008      -4.4635450600000004      -5.1941916099999998      -0.0038184936575369
      6.5644807900000002      -5.3136108899999996      -5.5106974500000003      -0.0070744250196757
      8.2090304199999995      -3.0532787699999999      -5.7006009400000002      -0.0091195692255930
      4.8358128100000002      -4.8977660800000002      -5.8272032800000000      -0.0148085806197145
      6.8534316100000003      -3.9274095099999999      -6.0171067699999998      -0.0115774286864738
      7.0222746799999998      -2.1156250700000001      -6.2070102699999996      -0.0163431269716092
      4.2438001099999996      -1.3523974900000000      -6.2703114400000004      -0.0293680853432061
      5.5270520000000003      -3.3203987900000000      -6.3336126100000003      -0.0183165867116042
      5.7046705500000003      -1.7020510600000001      -6.3969137700000003      -0.0224631216878652
      3.3409646099999999      -2.2909715099999999       6.3867470500000003      -0.0287155913091173
      1.8925254600000001      -1.5475861900000001       6.3234458800000004      -0.0337913597253259
      2.8279108700000002      -3.7027703299999999       6.2601447099999996      -0.0254610393142318
      3.7217425500000001      -0.9635182000000000       6.1968435499999996      -0.0320536628241257
      0.8410292800000000      -2.6205063700000002       6.1335423799999997      -0.0336939866719561
      1.5940641200000001      -1.4097506700000000      -6.2734861799999999      -0.0348477755551606
      2.8773160199999999      -3.3777519699999998      -6.3367873399999999      -0.0263299580121519
      3.0549345600000000      -1.7594042500000000      -6.4000885099999998      -0.0307391787383171
      2.0104085500000002      -4.5807902800000004       6.3833077400000002      -0.0225421154978367
      0.5619693900000000      -3.8374049700000001       6.3200065800000003      -0.0280697254787015
      1.4973548000000001      -5.9925891099999999       6.2567054100000004      -0.0166164246880136
      3.1337788999999998      -5.7005656199999999       6.0668019099999997      -0.0153216019508822
      0.2562576800000000      -6.7318816000000004       5.9401995799999998      -0.0143018902109091
      2.5796819700000002      -7.1584318600000003       5.7502960800000000      -0.0092956529236226
      0.9349045300000000      -7.9650373900000000       5.4337902500000004      -0.0074566988129128
      3.9948781800000002      -7.1894586100000000       5.2438867499999997      -0.0056053329391368
      2.2758039000000001      -8.5918311799999998       4.9273809200000001      -0.0023193180597456
      3.8897738199999998      -8.4942475500000008       4.4209715899999997       0.0013830358046540
      1.3975259300000000      -9.5154827700000002       4.1044657600000001       0.0019776656256116
      5.4256197700000000      -7.6562405000000000       3.9145622699999998       0.0035782506535096
      3.2214748200000001      -9.5655122400000003       3.5980564300000002       0.0059765894510750
      0.2149708200000000      -9.9756390400000008       3.2815506000000001       0.0052031127639260
      5.0205572299999996      -8.8655581600000009       3.0916471099999998       0.0090367824753841
      2.1735130599999999     -10.3152285500000005       2.7751412800000002       0.0086002589488245
      4.1941695599999997      -9.8847453999999999       2.2687319499999998       0.0121718446895880
      0.8980638800000000     -10.6803595799999993       1.9522261200000000       0.0101799083744307
      5.9677483899999997      -8.7078272900000009       1.7623226200000000       0.0151510897705833
      1.7310923199999999     -10.9645896000000000       0.6229016300000000       0.0130347329644191
      0.3474796600000000     -10.9205709700000000      -0.2000135300000000       0.0127906262784592
      2.5779172600000000     -10.8534226900000004      -0.7064228600000000       0.0139028661729057
      1.2068210399999999     -10.8214379699999999      -1.5293380200000000       0.0113920650215320
      6.1863428400000000      -8.4790543700000001      -1.7192415200000000       0.0157235825507751
      3.3114781000000000     -10.3619973400000003      -2.0357473499999998       0.0122257500749203
      5.0571018099999998      -9.1960880599999992      -2.5421566800000002       0.0116865056492674
      1.9887916600000000     -10.3069242699999997      -2.8586625099999998       0.0082407248090668
      3.7923448700000000      -9.4975672899999992      -3.3650718400000001       0.0075522911124413
      0.7980063100000000      -9.8220391899999999      -3.6815776699999998       0.0038022508988274
      5.0834911500000004      -8.1314144800000001      -3.8714811700000000       0.0045185356251398
      2.5375187000000001      -9.3212331099999997      -4.1879869999999997       0.0026097591613112
      3.8235666600000000      -8.2326264899999995      -4.6943963300000000      -0.0003485355901862
      1.4718396199999999      -8.6136430700000002      -5.0109021599999997      -0.0033240148170712
      4.4337811299999998      -6.8107170100000003      -5.2008056600000003      -0.0061199860692849
      2.5841887300000002      -7.6607828500000004      -5.5173114900000000      -0.0066831543682806
      4.2287383600000004      -5.4004507300000002      -5.7072149799999998      -0.0142975932190286
      0.8555207500000001      -7.2449380400000001      -5.8338173199999996      -0.0111970119800073
      2.8731395599999998      -6.2745814700000002      -6.0237208200000003      -0.0129887222643923
      0.0720479300000000      -5.9539733000000004      -6.1503231500000002      -0.0182273268598596
      3.0419826300000001      -4.4627970299999999      -6.2136243100000002      -0.0215456135863423
      0.2635080500000000      -3.6995694499999998      -6.2769254800000001      -0.0290797642365881
      1.5467599500000000      -5.6675707500000003      -6.3402266500000000      -0.0179962954175235
      1.7243784900000001      -4.0492230200000003      -6.4035278099999999      -0.0254074300981895
     -0.6296709400000000      -4.6082858000000000       6.3827219299999998      -0.0241661808069651
     -2.0781100900000000      -3.8649004800000002       6.3194207599999999      -0.0260862918498095
     -1.1427246900000001      -6.0200846200000004       6.2561195999999999      -0.0168982909100706
     -0.2488930000000000      -3.2808324899999999       6.1928184300000000      -0.0312916827343717
     -3.1296062800000000      -4.9378206599999999       6.1295172600000001      -0.0192488803085755
     -2.3838218100000002      -6.7593771199999999       5.9396137700000002      -0.0116120210451935
     -0.0603975100000000      -7.1859273699999999       5.7497102699999996      -0.0120000661331989
     -3.9392412900000000      -6.1571206099999998       5.6231079399999997      -0.0112430780287607
     -1.7051749599999999      -7.9925328999999996       5.4332044399999999      -0.0064501088380844
     -3.7473652000000000      -7.5810396899999999       5.1166986100000003      -0.0042049723453452
     -0.3642755900000000      -8.6193266899999994       4.9267951099999996      -0.0040157431114345
     -2.7775042999999999      -8.8089105799999992       4.6102892799999999       0.0000947133015412
     -5.0379042700000003      -7.5289751699999998       4.2937834500000003       0.0007784544884046
     -1.2425535500000000      -9.5429782799999998       4.1038799499999996       0.0020195251776371
     -4.0267452500000003      -8.9943903600000006       3.7873741200000000       0.0052684734645094
     -2.4251086599999998     -10.0031345500000004       3.2809647900000001       0.0070006972319110
     -5.2638360000000004      -8.6644261500000006       2.9644589600000000       0.0096587933781027
     -0.4665664300000000     -10.3427240600000001       2.7745554600000002       0.0074832853541018
     -3.7282780400000002     -10.0052360100000008       2.4580496300000001       0.0113162872814829
     -1.7420156099999999     -10.7078550900000007       1.9516403000000000       0.0109655650291227
     -6.0987889900000001      -8.7621419700000001       0.8122193100000000       0.0181382638377183
     -0.9089871700000000     -10.9920851099999997       0.6223158100000000       0.0126082746615719
     -0.0621622200000000     -10.8809182100000008      -0.7070086799999999       0.0124964475881200
     -1.4332584500000001     -10.8489334900000003      -1.5299238399999999       0.0117348776902695
     -2.7067974900000000     -10.4153312499999995      -2.3528389999999999       0.0108989807127742
     -5.5017271699999997      -8.6427637799999992      -2.6693448300000000       0.0113365756671158
     -0.6512878300000000     -10.3344197799999993      -2.8592483199999998       0.0073899825721302
     -3.7464378900000002      -9.6197172799999997      -3.1757541599999999       0.0085288620817696
     -1.8420731800000001      -9.8495347100000004      -3.6821634799999998       0.0048431103509845
     -4.4181902700000002      -8.5383262200000001      -3.9986693099999999       0.0040610246438799
     -0.1025607900000000      -9.3487286300000001      -4.1885728100000001       0.0007115728700917
     -2.7360379400000001      -8.9583268500000006      -4.5050786399999998       0.0009677791394651
     -4.5821629200000000      -7.2811257100000004      -4.8215844700000003      -0.0028033503215106
     -1.1682398700000001      -8.6411385900000006      -5.0114879700000001      -0.0034310259857939
     -3.1276163600000002      -7.6977134400000002      -5.3279937999999998      -0.0052008218024948
     -0.0558907600000000      -7.6882783699999999      -5.5178972999999996      -0.0092294294885811
     -4.0316523799999997      -5.9853809299999998      -5.6444996300000003      -0.0117975336373437
     -1.7845587400000000      -7.2724335499999997      -5.8344031300000001      -0.0099437616133375
     -2.5680315500000002      -5.9814688199999999      -6.1509089599999998      -0.0149659072810149
     -2.3765714400000002      -3.7270649599999999      -6.2775112999999996      -0.0263304367227502
     -1.0933195400000000      -5.6950662599999999      -6.3408124600000004      -0.0183901145023313
     -0.9157009900000000      -4.0767185300000000      -6.4041136300000003      -0.0262848248620884
     -2.0074701600000000      -2.3466428399999999       6.3883155199999999      -0.0313016714340151
     -3.4559093100000000      -1.6032575200000001       6.3250143500000000      -0.0307068363562539
     -2.5205239100000001      -3.7584416599999999       6.2617131900000000      -0.0259845443455422
     -3.7616210300000001      -4.4977341600000003       5.9452073600000004      -0.0203918787020942
     -3.9458307700000002      -3.7198258599999998      -6.1453153699999996      -0.0229034231138705
     -0.9758960800000001      -2.2286495799999999      -6.2086165400000004      -0.0341747565038784
     -3.7543706499999998      -1.4654220000000000      -6.2719177100000003      -0.0305922973430448
     -2.4711187600000000      -3.4334232999999998      -6.3352188700000003      -0.0270463216433274
     -2.2935002099999999      -1.8150755700000001      -6.3985200400000002      -0.0321164274698553
     -4.6578864500000003      -2.3437893500000002       6.3924729200000003      -0.0247556893537038
     -6.1063255999999999      -1.6004040300000000       6.3291717500000004      -0.0213683037727961
     -5.1709401899999996      -3.7555881699999998       6.2658705799999996      -0.0182224142138683
     -4.2771085099999997      -1.0163360400000001       6.2025694199999997      -0.0303619444691208
     -7.1578217799999999      -2.6733242200000000       6.1392682499999998      -0.0144822295077365
     -6.4120373199999996      -4.4948806699999997       5.9493647500000000      -0.0112368945835435
     -4.0886130200000004      -4.9214309299999996       5.7594612500000002      -0.0175153076698837
     -7.9674567900000000      -3.8926241699999999       5.6328589200000003      -0.0077496734732314
     -5.7333904599999999      -5.7280364600000002       5.4429554199999997      -0.0080211544793229
     -7.7755807099999998      -5.3165432399999997       5.1264495900000000      -0.0031185145069141
     -9.3521116099999997      -3.6381689700000002       4.8099437600000003      -0.0023809049045926
     -6.8057198000000003      -6.5444141399999998       4.6200402599999997      -0.0001198154785591
     -9.0661197799999993      -5.2644787199999996       4.3035344300000000       0.0018958448032897
     -8.0549607600000002      -6.7298939100000004       3.7971251000000001       0.0053926482211697
    -10.1746017299999991      -4.6563984800000000       3.4806192700000000       0.0051664957935085
     -6.4533241700000001      -7.7386381000000002       3.2907157800000002       0.0078658361608621
     -9.2920515100000003      -6.3999297100000003       2.9742099400000002       0.0087266146198335
     -7.7564935500000001      -7.7407395599999997       2.4678006199999998       0.0118408518847382
    -10.3708842800000003      -5.6427534599999998       2.1512947900000001       0.0103824244371342
    -11.1781415299999995      -4.5576520800000004       1.3283796299999999       0.0116433401559455
    -10.1270045000000000      -6.4976455199999998       0.8219703000000000       0.0138120090942468
    -10.9528107499999994      -5.3882753100000000      -0.0009448600000000       0.0129550517913355
     -6.3208153300000003      -8.6835700300000003      -0.1908483600000000       0.0189266397491998
    -10.3837636900000003      -6.0339488799999996      -1.3302693500000000       0.0125261270786616
    -10.8445761100000002      -4.7624296299999997      -2.1531845100000000       0.0097556535146879
     -6.7350129900000004      -8.1508348000000002      -2.3430880100000002       0.0128005434778338
     -9.5299426700000005      -6.3782673299999999      -2.6595938399999999       0.0098212962867930
     -7.7746534000000000      -7.3552208300000004      -3.1660031700000002       0.0088165190963263
     -9.9132796400000007      -5.1420476800000001      -3.4825089999999999       0.0055393558995291
     -5.8702886799999998      -7.5850382600000001      -3.6724125000000001       0.0053158798271689
     -8.4464057799999992      -6.2738297799999998      -3.9889183300000002       0.0042893761215517
     -9.8100398200000001      -3.8819542899999999      -4.3054241600000003       0.0006608618678001
     -6.7642534500000000      -6.6938304000000004      -4.4953276600000001       0.0007939461854463
     -8.6103784300000008      -5.0166292700000001      -4.8118334899999997      -0.0010867069865839
     -5.1964553699999998      -6.3766421400000004      -5.0017369900000004      -0.0057774162052606
     -7.1558318700000001      -5.4332169900000000      -5.3182428200000000      -0.0047356424389413
     -8.0598678800000005      -3.7208844900000000      -5.6347486499999997      -0.0079262979621966
     -5.8127742400000004      -5.0079371100000003      -5.8246521500000004      -0.0110803991760040
     -6.5962470599999996      -3.7169723700000001      -6.1411579800000000      -0.0133330180648343
     -6.4047869400000002      -1.4625685100000001      -6.2677603099999999      -0.0205866242711856
     -5.1215350500000003      -3.4305698100000002      -6.3310614799999998      -0.0194765059744384
     -4.9439165000000003      -1.8122220899999999      -6.3943626399999998      -0.0252067344709950
     -0.6960759100000000      -0.0178390100000000       6.3902430399999997      -0.0357498072280791
     -2.1445150599999998       0.7255463000000000       6.3269418699999997      -0.0345496822080680
     -1.2091296600000001      -1.4296378400000000       6.2636407099999998      -0.0352530898392871
     -0.3152979800000000       1.3096142900000001       6.2003395399999999      -0.0363975000343579
     -3.1960112500000002      -0.3473738800000000       6.1370383700000000      -0.0344404382677546
     -2.4429764100000000       0.8633818200000000      -6.2699901899999997      -0.0344058084555421
     -1.1597245100000000      -1.1046194800000000      -6.3332913499999997      -0.0352474040062667
     -0.9821059700000000       0.5137282500000000      -6.3965925199999996      -0.0354102831560166
      1.9815335300000001       0.0103179000000000       6.3880131599999999      -0.0346386236372869
      0.5330943800000000       0.7537032200000000       6.3247119999999999      -0.0360065334300597
      1.4684797900000000      -1.4014809200000000       6.2614108300000000      -0.0350507909040498
      0.2273826600000000      -2.1407734199999999       5.9449050000000003      -0.0368551821050467
      0.0431729200000000      -1.3628651199999999      -6.1456177299999997      -0.0368640843327874
      3.0131076100000000       0.1283111600000000      -6.2089188999999996      -0.0343611402413018
      0.2346330400000000       0.8915387400000000      -6.2722200600000004      -0.0364103914014198
      1.5178849299999999      -1.0764625600000000      -6.3355212300000003      -0.0349405238090927
      1.6955034800000000       0.5418851600000000      -6.3988223900000003      -0.0347654265866186
    -12.7155694199999996       0.9642267600000000       1.8162062900000000       0.0124404344717330
    -13.0752584100000000      -0.5038168600000000       1.0977362100000001       0.0135049601034520
    -12.7741319900000008      -2.0334645999999998       0.3792661300000000       0.0137498115488395
    -13.1882631000000003       0.4635176600000000      -0.0697776600000000       0.0139767676348814
    -13.0377100000000006      -1.0979796600000000      -0.7882477400000000       0.0136526417333442
    -12.7961733300000002       1.3575469200000001      -1.2372915400000000       0.0131101024904119
    -12.7707746699999998      -0.1370933800000000      -1.9557616200000001       0.0121823965590977
     -9.3650570399999999       7.1496546199999997       1.3730206400000000       0.0139830865345729
     -7.2198766200000000       8.3444207600000002       0.9239768400000000       0.0167880652278800
     -8.7155704800000002       7.8804924099999996       0.2055067700000000       0.0155398398896374
     -9.8957299899999995       6.8390250600000000      -0.5129633100000000       0.0144078025947980
     -7.7901056100000003       8.1810997600000004      -0.9620071100000001       0.0158879064560757
     -9.0133339800000005       7.2803598200000001      -1.6804771900000000       0.0135584628086374
     -5.3132010599999999       9.5411595499999997       1.3394591100000000       0.0153253089404544
     -3.1680206399999999      10.7359256900000002       0.8904153100000000       0.0140768477310242
     -4.6637145100000001      10.2719973400000004       0.1719452300000000       0.0154959704941646
     -5.8438740100000004       9.2305299900000009      -0.5465248500000000       0.0171296772655598
     -3.7382496299999999      10.5726046900000004      -0.9955686500000001       0.0143257326198984
     -4.9614779999999996       9.6718647499999992      -1.7140387200000000       0.0142291223080999
      2.9691821799999998      10.5869797200000004       1.6010052299999999       0.0131305202042657
      5.1959891400000000       9.6566607900000001       1.1519614300000001       0.0156553382593767
      3.9530726100000000      10.5907197899999996       0.4334913500000000       0.0150061176295129
      5.9488818500000002       9.0372214199999998      -0.0155524400000000       0.0182507309956748
      2.4164479299999999      10.9350693799999998      -0.2849787200000000       0.0141893145430068
      4.7910647199999996      10.0990399800000006      -0.7340225200000000       0.0155868257120293
      3.3276110700000001      10.5756483899999996      -1.4524926000000000       0.0136566520757810
      9.2963732799999992       7.3492108700000003       1.1688933800000001       0.0141812275528341
      8.0534567500000005       8.2832698699999998       0.4504233000000000       0.0159274491187773
     10.0492659900000003       6.7297715000000000       0.0013795000000000       0.0143607836343129
      8.8914488699999996       7.7915900599999999      -0.7170905800000000       0.0149885067577440
      7.4279952099999997       8.2681984699999997      -1.4355606599999999       0.0153594085277931
     12.9872250900000008      -0.2719269400000000       1.4420235200000000       0.0130926967037510
     13.0190421599999997       1.2668517500000001       0.7235534400000000       0.0137051865712099
     13.0265995900000000      -1.2506257500000000       0.2745096400000000       0.0138630496828345
     13.2073927900000001       0.3136970600000000      -0.4439604400000000       0.0139205672196994
     12.7346532499999991       1.7948537200000001      -1.1624305200000000       0.0131978095955851
     12.8799099100000003      -0.6141010400000000      -1.6114743100000000       0.0127777523861408
      8.7055082699999993      -7.5172482000000000       1.7034373599999999       0.0138056904963335
      9.9587784199999998      -6.6587996000000000       0.9849672800000000       0.0139769660319811
      7.9982481900000000      -8.2051306700000008       0.5359234800000000       0.0161081428005048
      9.3702182599999997      -7.4336847199999996      -0.1825465900000000       0.0149893747500371
      7.0534983599999999      -8.4312221500000000      -0.6315903899999999       0.0174584793365984
      8.4662843199999998      -7.8063240800000004      -1.3500604700000001       0.0146874787290052
      4.6561845200000000      -9.9052571399999998       1.6944233700000000       0.0139659376495391
      5.9094546699999997      -9.0468085400000007       0.9759532900000000       0.0169365636330934
      3.9489244499999998     -10.5931396000000007       0.5269094900000000       0.0147866621092554
      5.3208945099999996      -9.8216936500000003      -0.1915605900000000       0.0162267486687533
      3.0041746200000001     -10.8192310799999998      -0.6406043900000000       0.0141760002279181
      4.4169605699999996     -10.1943330200000002      -1.3590744699999999       0.0143683819991551
     -3.6213268799999998     -10.2602555700000000       1.9626969200000000       0.0128109483553409
     -4.6165248999999999     -10.1959297099999997       0.7951830400000000       0.0153275209759869
     -3.1916657599999998     -10.8522197100000000       0.0767129600000000       0.0145944969902487
     -5.4130634799999999      -9.6390349900000007      -0.3723308400000000       0.0166912679721491
     -4.0678551299999999     -10.4270158300000002      -1.0908009200000000       0.0146102470367850
     -8.7143012199999994      -7.8922970399999999       0.8027041499999999       0.0150248644100355
     -7.2894420799999997      -8.5485870399999992       0.0842340700000000       0.0170057097985126
     -9.5108397999999994      -7.3354023200000000      -0.3648097300000000       0.0146898991526729
     -8.1656314499999993      -8.1233831599999995      -1.0832798100000001       0.0152050011374119
