3151
     -4.5137137500000000       5.0518856699999999       7.2956445600000004      -0.0122678468654449
     -5.9609105600000003       5.7933477699999996       7.1938385599999997      -0.0214063421911881
     -4.1445999100000002       6.3652430899999999       6.9902265600000000      -0.0226624901200090
     -6.9870825099999996       4.7272016499999996       6.8884205700000001      -0.0120732182466448
     -5.7252609500000000       7.1861492599999997       6.6848085700000004      -0.0298234692110100
     -2.8105796399999998       5.9067957000000000       6.4811965799999998      -0.0141971295517500
     -7.5695578399999999       6.0500138500000000       6.3793905799999999      -0.0242169230967910
     -4.3026246600000002       7.7583184899999997       6.1757785800000002      -0.0308718311851095
     -6.9421439500000002       7.5988547300000002       5.8703605899999998      -0.0324632299201824
     -2.6516562499999998       7.1587789500000003       5.6667486000000000      -0.0234952603941423
     -8.4885473699999991       5.1898819600000001       5.5649426000000002      -0.0138745363247459
     -5.3117073899999996       8.5159451500000003       5.3613305999999996      -0.0346177149385234
     -8.1311202799999993       7.1250094199999996       5.0559126100000000      -0.0291936990505093
     -3.3019637400000001       8.2796192899999994       4.8523006200000003      -0.0313491783793900
     -6.6306326599999998       8.5861342500000006       4.5468826199999999      -0.0350803409634963
     -4.4811885000000000       8.9523906199999992       4.0378526299999997      -0.0345011023821655
     -7.8682953500000004       7.9886331999999998       3.7324346400000001      -0.0320457431640584
     -2.4531154900000001       8.0264899599999993       3.5288226499999999      -0.0256881422234940
     -5.8710490899999996       9.0070181900000001       3.2234046500000000      -0.0345229283649893
     -8.7108631899999995       6.8784784900000000       2.9179866600000000      -0.0221756479555459
     -3.6529050199999999       8.7332120000000000       2.7143746700000002      -0.0299925045988090
     -7.1313223900000002       8.4300563799999999       2.4089566699999998      -0.0318438182679834
     -5.0144897200000003       8.8096691899999993       1.8999266900000000      -0.0305887003364660
     -7.9497793400000001       7.3639415100000001       1.5945086900000001      -0.0250019861836357
     -6.1821406899999998       8.2287686799999999       1.0854787100000001      -0.0275403164592696
     -8.0863058100000007       6.0913242800000003       0.7800607100000000      -0.0124707441617531
     -4.4172249600000004       7.8937617299999996       0.5764487200000000      -0.0204539731721027
     -6.7633440000000000       7.1122690799999999       0.2710307200000000      -0.0193199764462335
     -5.3326016000000003       6.9071208000000004      -0.2379992600000000      -0.0141557153957876
     -6.0833911100000000       5.6319692300000002      -0.5434172600000000      -0.0008262874188141
     -4.1395039599999999       2.8584665100000000       7.4438038100000004       0.0167345663982559
     -5.5873619600000000       3.6006950400000002       7.3529442600000001       0.0060951722357281
     -4.6537616200000000       1.4526191600000000       7.2620847099999999       0.0302684494252254
     -3.7664389800000002       4.1767486600000003       7.1712251499999997       0.0013761891530990
     -3.0386430199999999       1.7525762300000001       6.9895060500000001       0.0249521747499806
     -2.4100308500000001       3.7229314300000000       6.7169273900000004       0.0129341466414772
     -7.2260819700000001       3.8693536399999999       6.6260678400000002       0.0007683298890697
     -3.6032037899999998       0.3498303400000000       6.5352082899999999       0.0377758301416371
     -5.1575248800000004       4.4754684400000002      -1.1878536799999999       0.0214339702965418
     -5.3585644500000003       3.1202458000000002      -1.4604323400000001       0.0414379468877790
     -4.9659052900000002      -0.3563332600000000       7.1098190399999996       0.0349433158962533
     -9.0397067399999997      -2.0489167099999999       5.7469257499999999       0.0299652297267556
     -6.7750662600000000       0.6659265700000000       8.1455747600000006       0.0272878025230234
     -8.2055052300000000       1.3975771500000000       8.0185851699999997       0.0229786548026709
     -7.2858485300000000      -0.7126117100000000       7.8915955899999997       0.0295131261485402
     -6.4211296700000000       1.9516000300000000       7.7646059999999997       0.0239346880875893
     -9.1961594400000006       0.3494196500000000       7.6376164099999997       0.0230906800874173
     -5.7305537700000002      -0.4003841000000000       7.5106268299999996       0.0326835699497146
     -7.9611779699999996       2.7280679000000001       7.3836372399999997       0.0171201281077771
     -8.4518079999999998      -1.3461121400000000       7.2566476599999996       0.0287190472238095
     -9.7092898200000004       1.6163479000000001       7.0026684799999996       0.0169960229911830
     -9.7856476699999995      -0.7126460400000000       6.6216997199999996       0.0220565036516511
     -9.0638672200000006       3.0228893999999999       6.3677205499999996       0.0140424093407781
     -4.5806022999999998      -1.6336235600000000       6.8344340900000002       0.0342782894515210
     -3.6628126100000000      -5.8291208000000001       2.8366137700000000       0.0129145690530876
     -6.8918419100000001      -5.9356337100000003       3.0231581900000002       0.0319138062070934
     -2.9630779700000001      -5.3569785100000002       0.8425289300000000      -0.0019271856373138
     -3.5619600600000001      -6.1125723599999997      -0.3386452500000000       0.0138723299485264
     -8.7706312999999998      -5.7538239000000004      -2.4284149600000000       0.0179564843192956
     -8.8037371199999992      -4.0986540700000003      -4.1444725000000000       0.0062560413364956
     -2.3466895800000001       0.9347906499999999      -4.5079107100000000       0.0266230894260922
     -9.2731775699999996      -1.8544245699999999      -4.5987702600000002       0.0121273078145592
     -8.4394498900000006       0.1444550600000000      -5.0530680200000004       0.0145521013961520
     -8.5724959700000003      -3.0504564400000000      -5.3256466800000002       0.0000341451439887
     -8.3120148199999999      -1.1822007299999999      -5.7799444400000004       0.0053759347995168
     -4.9483166299999999       1.0462061100000000      -5.9616635499999999       0.0258171954803785
     -7.0943287599999998      -0.0555081200000000      -6.2342422099999997       0.0116250233472783
     -3.0233078600000001      -5.8299885400000004      -0.6231458600000001       0.0069833633171790
     -1.7118462699999999      -5.7946563900000001      -1.3500222799999999      -0.0020668861081461
     -0.5819109500000000      -4.9917285500000004      -2.0768987000000001      -0.0058491627546715
      0.0741979100000000      -3.6752327100000000      -2.8037751200000001      -0.0013971710221341
     -0.6885487400000000      -5.9843279799999998      -3.2580728799999998       0.0070108950590395
     -8.2540097600000006      -5.2439287400000003      -3.8940897500000000       0.0081974467743500
      0.0971592000000000      -4.6453631800000004      -3.9849493100000002       0.0066264120988926
     -7.3379894700000001      -6.5084006099999998      -4.6209661700000000       0.0109930971744987
      0.2613161300000000      -3.0933831199999999      -4.7118257300000002       0.0102009439260016
     -8.4898885499999999      -4.3090795399999999      -5.0752639400000001       0.0017485790032694
     -0.3819440500000000      -5.4829495499999998      -5.1661234900000004       0.0115490636296300
     -0.2259456200000000      -1.6365243400000000      -5.4387021500000001       0.0168822495661978
     -3.1405291800000001       0.7683249100000000      -5.7112807999999999       0.0271174572151907
     -7.7101772200000003      -5.6044374899999996      -5.8021403600000001       0.0052255572158373
     -0.1008307900000000      -4.0048025699999998      -5.8929999100000003       0.0135733021621007
     -8.1796176700000007      -3.3602079900000001      -6.2564381200000003      -0.0000270830795053
     -1.2709846000000000      -5.9500004799999999      -6.3472976699999997       0.0149307424926306
     -4.5743246800000001       0.5420769900000000      -6.4381572299999998       0.0243986460641032
     -6.4961020700000001      -6.3811733700000000      -6.5290167800000001       0.0095368281384047
     -7.3458899899999999      -1.3613283599999999      -6.7107358799999997       0.0042523113206059
     -3.2167239699999999      -6.8318614699999998      -6.8015954399999998       0.0167223204894213
     -7.4789360699999996      -4.5562398599999998      -6.9833145400000003       0.0036708424621068
     -1.0128445500000001      -4.5996086399999996      -7.0741740899999996       0.0172468549910114
     -5.6476488900000001      -0.2990896200000000      -7.1650336499999998       0.0161865265985952
     -5.1450488900000000      -6.4496578700000002      -7.2558932000000000       0.0124997863151393
     -7.2184549200000001      -2.6879841500000001      -7.4376122999999996       0.0039143729649815
     -2.4551803300000001      -5.7485779099999998      -7.5284718599999998       0.0162462299925288
     -6.2975984000000000      -5.1268721199999998      -7.7101909600000003       0.0080563809078171
     -6.0007688699999999      -1.5612915400000000      -7.8919100699999998       0.0117148800215503
     -4.0641087100000002      -5.6978167400000004      -7.9827696200000000       0.0142176591366372
     -6.2364961200000000      -3.6160142799999999      -8.1644887199999996       0.0083850969154113
     -4.8869124800000003      -4.5526072299999996      -8.4370673800000002       0.0132166684724382
     -9.1840860899999992      -6.0581247100000004       1.3976002700000001       0.0269443817106101
    -13.2620206599999992      -3.6410794300000000       0.4890047500000000       0.0239954582583195
    -10.1495270899999994      -6.1158078199999997       0.2164260900000000       0.0217795731397104
    -12.3460003599999997      -4.9055512999999999      -0.2378716800000000       0.0189965430578525
    -13.4978994500000002      -2.7062302300000001      -0.6921694400000000       0.0237061637464713
    -11.0061732499999998      -5.6668523400000002      -0.9647481000000000       0.0183173485792771
    -12.7181881200000007      -4.0015881799999997      -1.4190458600000000       0.0193262712037807
     -9.5217188799999999      -5.7789378800000000      -1.6916245200000000       0.0194968779404334
    -11.5041129600000005      -4.7783240600000001      -2.1459222800000002       0.0183557404979204
    -10.1530597799999995      -4.8468085600000004      -2.8727987000000001       0.0171626456949419
     -9.0721196000000006      -4.0949674299999996      -3.5996751200000001       0.0118101516038465
    -11.9506393899999992       1.6229711099999999      -2.0513852699999999       0.0077867724186014
    -10.7329533300000008       2.7496637300000000      -2.5056830400000001       0.0145795325206421
     -9.5108529799999992       1.2513821800000000      -3.2325594600000001       0.0238278080692140
    -10.5959227499999997       2.2089927800000000       6.8152369300000002       0.0064813552857501
    -12.0437807400000008       2.9512213100000002       6.7243773800000000       0.0009279218788194
    -11.1101804000000008       0.8031454300000000       6.6335178199999998       0.0029111461811588
    -10.2228577600000001       3.5272749299999999       6.5426582700000004       0.0067612896593516
    -11.8119357300000001       4.3605215099999999       6.2700796099999998       0.0066030149620673
    -13.0627067500000003       4.8107657499999998       5.5432031899999998       0.0099682172914726
    -10.3935670499999997      -1.5248602800000000       4.7254672199999996       0.0199234281998528
    -13.5071566900000004       6.0884823800000003       2.4539784000000000       0.0052350258302738
     -8.7254214900000004       5.8515860300000000       1.5453828800000000      -0.0091654015553004
    -12.5800091999999992       6.3594415900000003       1.2728042200000000       0.0010632023118582
    -10.1768438999999997       6.2986700600000001       0.8185064600000000       0.0015900567408771
    -13.7684686299999992       5.4493618699999997       0.5459278000000000      -0.0055202427734571
    -11.6106394000000002       6.0724221399999996       0.0916300400000000       0.0000498216333860
     -9.6157492999999992       5.3997156799999999      -0.3626677300000000       0.0077201487205976
    -12.6839636099999993       5.2312555300000003      -0.6352463800000000      -0.0048195893478002
    -10.8910714500000001       5.0707678400000002      -1.0895441500000000       0.0047900297849850
    -13.0370835799999991       3.9690536100000000      -1.3621228000000001      -0.0075137951663287
    -11.6139436600000003       3.8259947099999998      -1.8164205700000000       0.0032488164237741
    -11.8149832299999993       2.4707720700000002      -2.0889992199999998       0.0053665226197168
    -12.9049981999999996       1.2724173400000001       6.8665037099999999      -0.0032304755422636
    -14.3528561900000007       2.0146458699999998       6.7756441599999997       0.0023325379957555
    -13.4192558500000008      -0.1334300100000000       6.6847846100000003      -0.0014428170630190
    -15.3876621300000007       0.9460581100000000       6.5030654999999999       0.0048217361311789
    -11.8041372500000001       0.1665270700000000       6.4122059499999997      -0.0024828006724427
    -14.1210111800000000       3.4239460700000000       6.3213464000000004       0.0062212165342643
    -14.6396821500000005      -0.8398792500000000       6.2304868500000001       0.0026469208827180
    -12.3686980299999991      -1.2362188300000001       5.9579081900000004       0.0014379619431004
    -16.1276071899999991      -0.2256265900000000       5.7761890800000000       0.0069551009425286
    -13.9627028499999994      -1.9692134699999999       5.5036104300000002       0.0051011671289416
    -13.7078822799999998       4.8460314400000000       5.1401722200000002       0.0116744085303608
    -15.8779386999999996      -1.5260563899999999       5.0493126600000000       0.0080840476171549
    -12.7026424999999996      -2.4614357199999999       4.7767340100000002       0.0095414014863060
    -17.2900973899999997       0.0768747800000000       4.5950148999999998       0.0117785719025676
    -14.9210664699999995      -2.5599719400000001       4.3224362400000000       0.0112447684582015
    -16.9076209199999994      -1.3336165099999999       3.8681384799999998       0.0117540401341216
    -13.5214653600000005      -3.0672043100000002       3.5955598200000001       0.0168751235464129
    -17.9090143600000005       0.8677423300000000       3.4138407200000001       0.0145931424968762
    -14.3342053299999996       5.6235852000000000       3.2321216100000001       0.0092357747850329
    -17.5993999300000006      -0.6501590300000000       2.6869643000000001       0.0130261808457917
    -17.8352787200000016       0.2846901600000000       1.5057901100000000       0.0116760019093753
    -14.8890846600000000       5.4228661499999999       1.3240710099999999      -0.0000775595987115
    -17.5827923499999983       2.7033579900000002       1.0514923500000000       0.0084426056901172
    -17.0555673900000002      -1.0106677799999999       0.7789136900000000       0.0157411412593742
    -16.0775440799999991       4.5127864300000002       0.5971945900000000       0.0006845942948654
    -17.5250078400000007       1.2335617200000000       0.3246159300000000       0.0079995595599183
    -13.9197148500000001       5.1358467000000001       0.1428968200000000      -0.0075273982142967
    -16.6912801600000016       3.2324413500000002      -0.1296818300000000       0.0016697223666302
    -16.8243262400000013       0.0375298500000000      -0.4022604900000000       0.0102834460346379
    -14.9930390599999992       4.2946800900000000      -0.5839796000000000      -0.0060380900692074
    -16.5638450900000009       1.9057855600000000      -0.8565582500000000       0.0028934101441589
    -15.6429885700000000      -0.5331024100000000      -1.1291369099999999       0.0128563870428628
    -15.3461590300000008       3.0324781700000001      -1.3108560199999999      -0.0034604887128680
    -15.5818862800000009       0.9777554300000000      -1.5834346800000001       0.0040246489773779
    -13.9230191100000003       2.8894192699999999      -1.7651537799999999      -0.0057758029710122
    -14.2323026499999994       0.0411624800000000      -1.8560133299999999       0.0089739907283324
    -12.4991250800000007       1.6165783300000001      -1.9468728900000001       0.0032232163849173
    -14.1240586799999992       1.5341966300000001      -2.0377324400000001       0.0004142575891493
     -4.6532381200000001      -3.0711470599999999       6.9480383300000002       0.0301775282797827
     -6.0836770900000001      -2.3394964800000002       6.8210487400000002       0.0346456876054440
     -5.1640203900000001      -4.4496853400000003       6.6940591600000001       0.0286495075705488
     -7.0743312999999999      -3.3876539800000001       6.4400799900000001       0.0329886084944881
     -3.6087256299999999      -4.1374577300000004       6.3130904000000001       0.0239370714322860
     -6.3299798599999999      -5.0831857600000001       6.0591112300000001       0.0302803607755493
     -4.1888548500000002      -5.4135527100000003       5.6781424700000001       0.0235179993011236
     -7.6638195299999996      -4.4497196700000003       5.4241632900000001       0.0328045725808153
     -5.6623867099999998      -5.9833884900000003       5.0431945300000001       0.0280033809027387
     -3.1120470899999999      -5.2335287499999996       4.6622257700000000       0.0138803284016866
     -7.2858645700000002      -5.4688475299999997       4.4082466000000000       0.0323287255659075
     -4.5894624899999998      -6.1628958500000000       4.0272778400000000       0.0229643894551330
     -6.3489190200000003      -6.0291037000000003       3.3923299099999999       0.0310445286722860
     -1.8003639499999999       1.8259243100000000       6.4975707500000004       0.0199481019029406
      0.0185935600000000       1.9076425200000000       6.8126289900000003       0.0101630679309395
     -1.9498127100000000       2.9871306400000002       6.6309098899999999       0.0181967207172207
      1.6337121600000000       2.2075996000000000       6.5400503399999996       0.0023296735574085
     -1.2018327400000000       1.2011932900000000       6.3583312300000001       0.0175716620641460
      1.0691513900000000       0.8048537000000000       6.0857525700000004       0.0018243999616949
      2.9101003099999998       2.6506755599999998       5.8131739199999997      -0.0036389611368151
      3.5709536200000001       3.8080554499999999       5.0862974899999998      -0.0007520953661029
      3.5369647500000001       5.2274920399999996       4.3594210699999998       0.0056624595163761
      4.1892255799999996       4.4903004500000003       3.1782468900000000       0.0004357080246038
      4.3537753800000001       3.5414591199999998       1.9970727100000001      -0.0126543043739993
      1.1444159199999999       7.9161241200000001       3.8099064000000000       0.0048325001758336
     -1.5473256000000000       7.7678088900000004       3.5373277500000002      -0.0117507386734808
      0.1165743200000000       8.7396500199999991       3.0830299800000001      -0.0005493459396355
      2.2117716800000000       8.5340570099999997       2.6287322199999998       0.0046562996331758
      0.9972647200000000       9.3289975700000003       1.9018558000000001       0.0007758429019766
      1.9720427899999999       9.3180233999999995       0.7206816200000000       0.0032604084688082
      0.4451902300000000       9.6458975099999993      -0.0061948000000000       0.0027201744825476
      1.3385372499999999       9.2557132000000006      -1.1873689900000000       0.0051154638197382
      3.2259367499999998       7.9163955200000000      -1.6416667500000000       0.0063597133714985
     -0.0952582500000000       9.0294652800000001      -1.9142454099999999       0.0074066782329147
      1.8996318500000000       8.3567588199999996      -2.3685431700000001       0.0095722766627553
     -3.7774905699999999       6.1180436599999997      -1.7803177299999999       0.0099953885243487
      3.8602766399999999       6.6837870199999996      -2.4163345999999999      -0.0005669558776979
     -3.2379047000000001       6.9156799199999996      -2.9614919099999999       0.0097958089271124
     -1.1520368700000001       8.2301775100000008      -3.4157896800000001       0.0103072896959020
     -2.3404962999999999       7.3200977800000002      -4.1426660999999996       0.0099262365107897
     -2.9542323800000001       6.0397527100000001      -4.8695425200000004       0.0127538037882822
     -1.9059407900000001       2.2742089399999998      -5.8689975900000002       0.0238381607287792
     -1.6091112500000000       5.8397895300000000      -6.0507166999999997       0.0133581849461955
     -1.8448385000000000       3.7850667900000001      -6.3232953600000004       0.0181771199528669
     -0.4952548700000000       2.8484738400000000      -6.5958740200000001       0.0223397102650935
      1.2379226999999999       4.4238896900000002      -6.6867335700000003       0.0217749513573615
     -0.3870109000000000       4.3415079800000003      -6.7775931199999997       0.0178484981234419
      1.4784145200000001      -2.3207048900000000      -4.6944370199999996       0.0152668231623281
      2.7753985299999999      -1.7707791700000000      -5.4213134399999996       0.0162116519850493
      3.4126879200000002       4.9304528400000001      -5.5121729899999998       0.0219331757500676
     -1.4868135600000001       0.5048424400000000      -5.6030325400000001       0.0249802256941472
      3.2055642600000001       3.4641302000000000      -6.6933471700000000       0.0339956623532309
      5.1664810499999998       4.9055614700000003       0.7726680000000000      -0.0153715912793082
      6.8174494599999997       4.3060219300000000       0.2636380200000000      -0.0087511555096889
      6.1671419700000003       5.4268622700000000      -0.5508099700000000      -0.0165038413519021
      4.9879172100000000       6.0996335899999998      -1.3652579499999999      -0.0142937465453130
      7.0159902199999999       5.1737329399999998      -1.8742879299999999      -0.0097412057955815
      5.8162006899999996       5.8804549799999997      -2.6887359100000001      -0.0120316762942991
      4.4546159899999997       5.9569121699999998      -3.5031838899999999      -0.0041842650988109
      6.3169977399999997       5.1029030100000004      -4.0122138800000000       0.0052766837821920
      5.0518807600000004       5.0410047100000002      -4.8266618599999997       0.0145640535106928
      7.8397273500000004       0.8394363400000000       4.8655508100000002      -0.0007036439937487
      5.2736111299999999       3.2377362700000001       2.6849215499999999      -0.0122593885328008
      6.0374552300000000       3.8723220500000002       1.5037473699999999      -0.0087217085289666
      4.0789552499999999      -0.1756504600000000       6.3091852199999998      -0.0202699884417186
      5.8952658900000001       0.3962448600000000       6.1055732200000001      -0.0167359436877703
      3.0527832899999998      -1.2417965700000000       6.0037672300000002      -0.0163971740476576
      4.3146048500000003       1.2171510299999999       5.8001552299999997      -0.0234652605956711
      7.2292861600000000      -0.0622025200000000       5.5965432399999999      -0.0029607830823011
      2.4703079699999999       0.0810156300000000       5.4947372400000001      -0.0165868134364544
      5.7372411500000000       1.7893202699999999       5.2911252400000004      -0.0198683000173006
      2.3487626300000000      -2.3888491500000000       5.1893192499999996      -0.0138807445170173
      4.7281584199999998       2.5469469299999998       4.4766772599999998      -0.0196086796459696
      2.6294801699999999      -3.6239807499999999       4.3748712699999999      -0.0073057427648848
      3.5811486800000001      -4.5514355200000001       3.5604232900000001      -0.0004373817442449
      5.3481631900000002      -5.2927030600000000       2.0580795200000002      -0.0031719871224674
     10.7115807800000002      -6.4444356000000003      -0.8494261700000000      -0.0114126141254935
      9.6936699700000002      -6.1971783100000000      -2.0306003499999998      -0.0010547991298715
     10.9422731899999999      -1.9295328899999999       7.3343700700000003      -0.0215261799689266
     11.6700691499999998      -4.3537053099999996       7.1526509599999999      -0.0344220182210009
      9.3531952199999999      -1.0962863100000000       7.0617914099999997      -0.0150873846164394
     12.2986813200000000      -2.3833501099999999       6.8800723100000001      -0.0172038123277822
     12.9464573000000005      -3.9106293499999998       6.4257745399999999      -0.0192530821123569
     12.4169699700000002      -5.7211190600000004       5.9714767799999997      -0.0242674348182135
     13.6073105999999999      -2.7532494600000001       5.6988981200000000      -0.0134207617584714
     13.5469052899999998      -4.9181912199999998       5.2446003599999997      -0.0138182162982119
      8.3761569700000003       0.4687670400000000       5.1537408100000004       0.0020010782320092
     14.2030141400000005      -3.6016953799999998       4.5177239399999998      -0.0124985068523635
     14.2255825700000003      -2.0710044700000001       3.7908475199999998      -0.0137899704465099
     14.3901323600000008      -3.0198457900000002       2.6096733300000001      -0.0178117301376268
     10.5448725200000002      -7.6436594900000001       2.4279542300000001      -0.0164026463250053
      8.1306538800000006      -7.1961643200000003       1.9736564700000001      -0.0231449573640923
     13.9028706199999998      -1.5629870100000001       1.8827969099999999      -0.0270892196751653
      9.6151082500000005      -7.3082498600000001       1.2467800499999999      -0.0109050333027518
     10.9120922599999997      -6.7583241400000000       0.5199036200000000      -0.0085709309128177
      8.8841228700000006      -4.3464148299999996       8.8294048499999995      -0.0436888041815848
      7.4369260600000002      -3.6049527299999999       8.7275988499999997      -0.0289993433819227
      8.3693974400000002      -5.7489313900000001       8.6257928499999998      -0.0474138881537307
      9.2532367000000004      -3.0330574100000001       8.5239868500000000      -0.0368715307646355
      6.4107541100000001      -4.6710988400000000       8.4221808599999992      -0.0264363139553225
      9.9733997999999993      -5.4450479100000004       8.3203748599999994      -0.0496440920090215
      7.6725756599999997      -2.2121512399999999       8.2185688599999995      -0.0186905989295703
      7.1597085099999997      -6.4386001100000003       8.1167628599999997      -0.0434543010196755
     10.5872569700000003      -3.4915047900000000       8.0149568700000007      -0.0396774763223178
      9.4035446500000006      -6.8193577999999997       7.8113448700000001      -0.0520849048627383
      9.0952119600000003      -1.6399820100000000       7.7095388700000003      -0.0225846337545192
      5.7067334399999998      -5.8181514300000003       7.6077328800000004      -0.0281099755756635
     11.2030377100000003      -4.9964430999999996       7.5059268799999996      -0.0426650611408448
      7.8358553300000002      -7.5138661300000003       7.3023148800000000      -0.0503082185691603
     10.6605401400000002      -6.7488961600000001       6.9968968900000004      -0.0472257757059218
      8.0861292299999992      -0.8823553500000000       6.8950908899999996      -0.0060261066584495
      5.9874509800000002      -7.0532830200000003       6.7932848999999997      -0.0389171165514881
      9.0532690799999997      -7.9334283100000000       6.4878669000000002      -0.0513779149429681
      4.6639172000000002      -5.4892958800000002       6.2842549099999996      -0.0149174639594492
      6.9391194900000004      -7.9807377900000001       5.9788369100000001      -0.0478031006581219
     10.3761278299999997      -7.6587707199999997       5.6734189199999996      -0.0436841851975451
      5.1038410900000004      -6.7801194799999998       5.4698069299999998      -0.0311695357843575
      8.2658706599999991      -8.3560891000000002       5.1643889300000003      -0.0491147910194272
      6.1072707900000003      -7.7455622799999997       4.6553589500000001      -0.0420969948785519
      9.6329500400000008      -8.0866379100000003       4.3499409499999997      -0.0408394442252096
      4.6699224499999996      -6.0413316899999998       4.1463289600000000      -0.0209990826026001
      7.4295250900000003      -8.1500402800000007       3.8409109699999999      -0.0439204303024461
      5.6351207800000003      -6.9961010300000002       3.3318809800000002      -0.0318730066100379
      8.7409305600000007      -7.8916109800000003       3.0264629900000002      -0.0353458210408100
      4.8668578100000000      -5.1240189100000002       2.8228509900000001      -0.0072495305055078
      6.8895845400000004      -7.3209141600000001       2.5174330000000000      -0.0316288918384444
     13.1901015899999994       0.0187089700000000       1.2755601599999999      -0.0316224193977277
     14.2377982000000003      -1.6108642099999999       0.7665301700000000      -0.0422939278078438
     12.5397940999999999       1.1395493100000000       0.4611121800000000      -0.0288168267814406
     14.1373949000000003      -3.6808613100000001       0.2575001800000000      -0.0414410310593460
     14.1339145700000000      -0.2782809300000000      -0.0479178100000000      -0.0465123521300583
     12.8200490600000006      -5.4005402000000000      -0.2515298000000000      -0.0306248107107514
     11.3605693399999996       1.8123206400000000      -0.3533358000000000      -0.0125316473986210
     14.6656013600000001      -2.4175355900000000      -0.5569478000000000      -0.0520802815436667
     13.3886423499999996       0.8864199800000000      -0.8623657900000000      -0.0421812853672030
     13.8934652300000003      -4.5193246199999999      -1.0659777800000001      -0.0457489578333004
     14.5573562299999999      -1.0283657100000001      -1.3713957800000001      -0.0584958494839434
     12.0768712600000008      -5.8284073999999997      -1.5750077700000000      -0.0287668167258062
     14.4534320800000007      -3.2484193200000000      -1.8804257700000000      -0.0579700225819337
     13.1515312400000006      -4.9798204200000002      -2.3894557500000002      -0.0424710090565235
      9.9743112400000005      -6.0780323699999999      -2.3713376099999999      -0.0032848863150470
     11.5085680999999997      -5.9339079600000000      -3.0982140299999998      -0.0180189924341327
     12.8629556100000002      -5.1569801799999997      -3.8250904499999998      -0.0361159078012925
     11.9515732700000008      -5.4961771099999996      -5.0062646300000004      -0.0222541611607241
     10.9336624600000007      -5.2489198200000002      -6.1874388199999997      -0.0089461533880630
     10.0862777300000008      -4.1148750900000000      -7.3686129999999999       0.0026686128648841
      9.2634739499999998      -2.9696655800000000      -7.8229107600000001       0.0056345267606837
     14.4691342100000000      -0.4484304100000000      -1.7587131899999999      -0.0587768456772935
     12.9770891899999992       1.4030923799999999      -2.0641311800000000      -0.0374622531541711
     15.0849149400000009      -1.9533687099999999      -2.2677431700000001      -0.0592965170763300
     14.6280576000000000       0.8035528400000000      -2.5731611700000001      -0.0495457529073704
     14.5424173799999998      -3.7058217800000000      -2.7767731599999999      -0.0556247855445235
     15.6757542099999991      -0.8260203500000000      -3.0821911499999999      -0.0543414955331833
     13.9777501100000006       1.9243931800000000      -3.3876091499999998      -0.0380480414405220
     15.5753509099999992      -2.8960174400000001      -3.5912211400000000      -0.0545478760699680
     15.5718705699999997       0.5065629400000000      -3.8966391400000000      -0.0469665980866196
     14.2580050600000003      -4.6156963299999996      -4.1002511300000002      -0.0477890204658244
     12.7985253500000002       2.5971644999999999      -4.2020571300000000      -0.0211823777815141
     16.1035573599999999      -1.6326917299999999      -4.4056691199999998      -0.0500250046688961
     14.8265983600000002       1.6712638399999999      -4.7110871200000002      -0.0352979215247800
     15.3314212300000001      -3.7344807599999998      -4.9146991099999999      -0.0490476937103246
     15.9953122400000005      -0.2435218400000000      -5.2201171000000004      -0.0408212808365320
     13.5148272699999996      -5.0435635300000001      -5.4237291000000001      -0.0386881705061697
     13.6268088200000008       2.3779858900000002      -5.5255350999999999      -0.0186924893200136
     15.8913880800000005      -2.4635754500000000      -5.7291470899999997      -0.0431385257061123
     15.2768832799999998       0.9333456500000000      -6.0345650800000001      -0.0268066142867802
     14.5894872499999995      -4.1949765599999997      -6.2381770799999998      -0.0398451735724521
     12.2652241300000000       2.4544430799999999      -6.3399830799999997       0.0011181719488960
     15.8000533999999995      -1.1155954699999999      -6.5435950700000003      -0.0310119857559243
     12.6228077899999995      -4.8485365900000001      -6.7472070700000000      -0.0257406995744169
     14.1276058800000008       1.6004339200000000      -6.8490130599999999      -0.0069646508503638
     15.0915657299999992      -2.9822721699999999      -7.0526250599999996      -0.0313009610892081
     10.7714617700000002      -4.2778397699999999      -7.2562370500000002      -0.0035835267966746
     15.0684566300000000      -0.0559281500000000      -7.3580430500000000      -0.0126130779558622
     13.5496539600000006      -3.9762054800000000      -7.5616550499999997      -0.0230442818001322
     14.8212806500000003      -1.7526590200000001      -7.8670730400000002      -0.0136805126895148
     11.9345396800000003      -3.7879740100000001      -8.0706850400000008      -0.0047393996624479
     13.6509318600000000      -2.6712156500000002      -8.3761030299999994      -0.0050474609496973
      7.3610208300000002       4.8473193300000004      -2.8825659899999998       0.0012491240277370
      9.2093068099999993       4.5858287500000001      -5.2449143600000001       0.0169032534027949
     11.0967063199999991       3.2465110699999999      -5.6992121200000003       0.0024032410070269
      5.2895944300000002      -2.6330486500000001      -6.4379071200000002      -0.0065626853867649
      8.9272552300000001       4.4474251400000000      -6.8451311099999996       0.0168200181679268
      3.8522460900000000      -0.9288180500000000      -6.9469371100000004      -0.0022616645144851
      6.6118487200000002      -3.0375266500000002      -7.2523551099999999      -0.0111006425571780
     10.5773296800000001       3.0027849000000000      -7.3541610999999998      -0.0001750167361756
      3.6267705600000002       1.2399176900000000      -7.4559670999999996       0.0225665171044866
      4.8174444100000002      -1.8835873900000000      -7.7613850900000001      -0.0145443304318285
      7.9232541899999998      -2.7790973399999999      -8.0668030900000005      -0.0111727033115407
      9.4280522799999993       3.6698731699999998      -8.1686090799999995       0.0030966866877975
      4.0491814399999999      -0.0115052800000000      -8.2704150799999994       0.0000547998521263
      6.0719081700000004      -2.2084005200000001      -8.5758330699999998      -0.0196733257568233
     10.3689030399999993       2.0135111000000001      -8.6776390699999997      -0.0006967821191637
      8.8501003600000008      -1.9067662299999999      -8.8812510699999994      -0.0080755859927564
      8.1629352999999991       3.6079748700000001      -8.9830570600000001       0.0117637699023625
      5.0503364499999996      -0.7795773900000000      -9.0848630600000000      -0.0128044120670445
     10.1217270500000005       0.3167802300000000      -9.1866690599999998       0.0050392592087647
      7.2349860899999996      -1.7185347600000001      -9.3902810500000005      -0.0197384809546506
      9.1513824100000001       2.3754711500000001      -9.4920870500000003      -0.0051449487432507
      5.2187044800000004       0.7445367400000000      -9.5938930500000001      -0.0000111664643931
      8.9513782699999993      -0.6017764000000000      -9.6956990500000000      -0.0113875178416976
      7.2475586500000002       2.6213339400000000      -9.7975050400000008       0.0074909342632701
      6.4345687900000001      -0.5570201200000000      -9.8993110400000006      -0.0160543059701013
      8.8125605599999997       1.0248453700000000     -10.0011170400000005      -0.0107169959847546
      6.4967691399999996       1.3461823700000000     -10.1029230400000003      -0.0015099156949780
      7.6002142399999997       0.1517982000000000     -10.2047290299999993      -0.0143678638611071
     -1.8631744299999999      -0.7592440000000000       6.6254282199999999       0.0221786575940577
     -3.3110324300000000      -0.0170154700000000       6.5345686599999997       0.0359574654660051
     -2.3774320900000001      -2.1650913599999999       6.4437091100000004       0.0223241285902844
     -1.4901094500000001       0.5590381500000000       6.3528495600000001       0.0204636324233114
     -0.7623134900000000      -1.8651342799999999       6.1711304499999997       0.0059030252643879
     -0.1337013200000000       0.1052209200000000       5.8985517900000000       0.0098377064578443
     -1.3268742600000001      -3.2678801800000001       5.7168326900000004       0.0015616743394951
     -0.0574601200000000      -2.0817547099999998       5.8255109599999999      -0.0048932305698557
     -0.5721855400000000      -3.4842712699999998       5.6218989600000002      -0.0084701838062493
      1.0318168100000000      -3.1803877900000002       5.3164809699999998      -0.0163934085254986
     -1.7818744799999999      -4.1739399800000001       5.1128689800000000      -0.0009104514396192
      1.6456739899999999      -1.2268446700000000       5.0110629800000002      -0.0160444908636030
      0.4619616600000000      -4.5546976700000004       4.8074509799999996      -0.0194094654878754
     -1.1057276599999999      -5.2492060100000000       4.2984210000000003      -0.0155930759510312
      1.7189571600000000      -4.4842360299999999       3.9930029999999999      -0.0163429020615631
      0.1116860900000000      -5.6687681799999998       3.4839730100000001      -0.0227946269517041
     -2.0024635000000002      -5.7160776599999998       2.9749430299999999      -0.0128401121098847
      1.4345448400000000      -5.3941105900000004       2.6695250300000000      -0.0177056338283172
     -0.6757123300000000      -6.0914289699999999       2.1604950500000002      -0.0225766437904404
     -2.8343121999999998      -5.4809021600000003       1.6514650600000000      -0.0045470848135345
      0.6913670500000000      -5.8219777900000000       1.3460470700000000      -0.0201604162647122
     -1.5120579000000001      -5.8853801600000004       0.8370170800000000      -0.0184803122401505
      1.7660270300000001      -4.9733908099999997       0.5315990900000001      -0.0046626542848855
     -0.2006524300000000      -5.6269508500000001       0.0225691000000000      -0.0197518363120643
     -2.0519984500000001      -5.0562540299999998      -0.4864608900000000      -0.0138370834424961
      0.7261937300000000      -4.7546197299999999      -0.7918788800000000      -0.0119269385379113
     -0.8889205400000000      -4.5663882600000001      -1.3009088700000000      -0.0181653024424762
      0.8274716400000000      -3.4496299100000001      -1.6063268600000000      -0.0036572307994405
     -7.4551603399999999      -6.7506556900000003       2.1869084200000000       0.0279229525228963
     -5.3140353300000003      -7.0810226399999996       1.8059396599999999       0.0232413490034418
     -6.7875671899999999      -7.6508584199999996       1.1709917299999999       0.0253973085206631
     -4.2372275799999999      -6.9009986799999998       0.7900229700000000       0.0179772723635345
     -8.4110450500000002      -7.1363174599999999       0.5360437900000000       0.0254056734871462
     -5.7146429799999998      -7.8303657700000002       0.1550750400000000       0.0240130070889428
     -7.4740995100000003      -7.6965736299999996      -0.4798729000000000       0.0247938927769837
     -4.7522154600000004      -7.3171387200000000      -0.8608416600000000       0.0241455597353131
     -8.7706730600000000      -6.5667125300000002      -1.1148208300000000       0.0228233442952082
     -6.3964323900000002      -7.5574948400000004      -1.4957895900000000       0.0253877556687954
     -7.6804868800000001      -6.7572556099999996      -2.1307375199999998       0.0220990803557513
     -5.5507734400000004       3.2694913400000001      -2.2310165000000000       0.0380542803449906
     -6.6272202800000004       3.0897713499999999      -3.2469331900000000       0.0345992269801272
     -4.8947632700000003       3.1605900199999999      -3.8818811200000001       0.0339203883710439
     -7.3642518099999998       2.2907919300000001      -4.2628498800000001       0.0284789857293042
     -5.8535518399999997       2.6265223600000001      -4.8977978200000001       0.0290314518209946
     -7.3075136299999999       1.1507813700000000      -5.2787665700000002       0.0210281981457925
     -4.7225943099999999       1.8588342300000000      -5.5327457500000001       0.0282533474867961
     -5.9553802800000000       1.1103232599999999      -5.9137145100000001       0.0228262486119597
     -1.8496045200000000       0.1476935500000000      -5.8426302899999998       0.0253878155587479
     -0.6633634800000000      -1.1534462200000000      -6.4775782199999998       0.0230967107232800
     -2.9147514499999998       0.3784425700000000      -6.8585469799999998       0.0263220577147898
     -0.5011438400000000      -2.8487684799999999      -7.1125261499999999       0.0203032686294513
     -1.5804240800000000      -0.5699469500000000      -7.4934949099999999       0.0258427943489323
     -1.3676504199999999      -4.1698193200000002      -7.7474740799999999       0.0198267086932944
     -3.8735400200000001      -0.1556250900000000      -7.8744636699999999       0.0237379680108987
     -1.2411197300000001      -2.0070551999999999      -8.1284428399999999       0.0237925412879676
     -5.3275018100000002      -1.6313660900000000      -8.2554324300000008       0.0161674942268171
     -2.7371028200000000      -4.4690992100000004      -8.3824220100000009       0.0194678526506387
     -2.7425824900000002      -0.9233132200000000      -8.5094116000000000       0.0247835451018474
     -4.8916769599999999      -3.3001104699999999      -8.6364011900000008       0.0158791900779462
     -2.1052964200000002      -3.0140223900000001      -8.7633907700000009       0.0223960855181460
     -3.9753684599999999      -1.6718241899999999      -8.8903803600000000       0.0214923758761110
     -3.5603492600000002      -3.2239927599999998      -9.0173699500000009       0.0202543847822838
     -3.9080352800000000      -6.7024650799999996      -0.9964505200000000       0.0208881568791952
     -2.3527405099999998      -6.3902374699999998      -1.3774192800000000       0.0077437606641269
     -5.0739947499999998      -7.3359655100000003      -1.6313984500000001       0.0268777478465623
     -2.9328697300000002      -7.6663324599999996      -2.0123672099999999       0.0177389201261988
     -4.4064015999999997      -8.2361682399999996      -2.6473151399999999       0.0228344316470519
     -1.8560619800000000      -7.4863084899999999      -3.0282838999999999       0.0155061466002024
     -6.0298794600000001      -7.7216272699999999      -3.2822630699999999       0.0220770592464739
     -3.3334773800000002      -8.4156755899999993      -3.6632318300000000       0.0210104875871764
     -1.1522099900000000      -6.6530851799999997      -4.0442005900000000       0.0137771152936210
     -5.0929339100000002      -8.2818834399999997      -4.2981797600000000       0.0211918653520513
     -2.3710498699999998      -7.9024485400000000      -4.6791485200000000       0.0191423790170617
     -4.0152667900000001      -8.1428046599999995      -5.3140964600000000       0.0201530563626697
     -5.2993212800000000      -7.3425654299999996      -5.9490443900000001       0.0167435181130244
     -3.3384123899999998      -7.1867174499999997      -6.3300131500000001       0.0184836871186711
     -9.5573105999999992      -2.8689861900000002       4.7147613300000000       0.0303877250716802
    -10.9877495700000001      -2.1373356200000000       4.5877717400000000       0.0181462673946413
    -10.0680928699999992      -4.2475244700000001       4.4607821599999999       0.0277334801566163
    -11.9784037899999998      -3.1854931199999998       4.2068029800000000       0.0196583074422847
    -11.2340523399999999      -4.8810248999999999       3.8258342299999999       0.0249511937304483
     -9.0929273300000002      -5.2113918500000000       3.4448654699999999       0.0303653490392293
    -12.5678920200000004      -4.2475588000000002       3.1908862899999999       0.0229727777415079
    -10.5664591899999998      -5.7812276300000001       2.8099175299999999       0.0255410073755620
    -12.1899370600000001      -5.2666866600000004       2.1749695999999998       0.0232596343468039
     -9.4935349799999997      -5.9607349799999998       1.7940008400000000       0.0268743073699973
    -13.2130223900000008      -3.8337076300000001       1.5400216700000000       0.0251413946298058
    -11.2529915099999993      -5.8269428300000001       1.1590529100000000       0.0224743022021450
    -13.2804636699999996      -2.7837618599999998      -1.6018840700000001       0.0212305595120732
    -13.2511827100000001      -1.0296561799999999      -2.2368320100000001       0.0182593652620255
    -12.6170063300000006      -3.6471359699999999      -2.6178007600000002       0.0199648877695964
    -12.2130484300000006       0.2959126200000000      -2.8717799400000001       0.0161649929607179
    -12.9171818900000002      -2.0656302400000000      -3.2527487000000002       0.0201610428491961
    -10.7023484599999996       0.6316430500000000      -3.5067278700000002       0.0198120536328936
    -11.5268201500000007      -3.8376790500000002      -3.6337174600000002       0.0190629170438008
    -12.1563102500000007      -0.8440979400000000      -3.8876966300000002       0.0194039242462836
     -9.5659112600000000      -3.6818310699999999      -4.0146862199999998       0.0131787898566778
     -9.5713909400000006      -0.1360450700000000      -4.1416757999999998       0.0196751008994873
    -11.7204853999999994      -2.5128423299999998      -4.2686653899999998       0.0197012824446858
    -10.8041769100000007      -0.8845560400000000      -4.5226445599999998       0.0190799198325955
    -10.3891577000000002      -2.4367246100000002      -4.6496341499999998       0.0167440332278588
     -9.5461959200000006       5.1181034199999997      -0.6435618800000000       0.0109200504359208
     -7.8137388999999997       5.1889220900000002      -1.2785098200000000       0.0141252122995503
    -10.2832274399999992       4.3191240000000004      -1.6594785800000000       0.0127024367765785
     -6.4794115300000001       4.2405325800000000      -1.9134577500000001       0.0267947758456408
     -8.7725274700000000       4.6548544300000003      -2.2944265100000001       0.0185410382858109
    -10.2264892599999992       3.1791134400000001      -2.6753952700000001       0.0171934890929393
     -7.6415699400000001       3.8871663100000000      -2.9293744400000001       0.0265726799403367
     -8.8743559199999993       3.1386553400000001      -3.3103432000000002       0.0238633108547894
     -8.4593367100000005       1.5864867700000000      -3.4373327900000001       0.0286154847449644
    -11.6874836099999992       4.7745617999999999       6.1657178000000004       0.0078077656329398
     -9.9031080599999992       5.3285846799999996       5.9117386300000003       0.0029537289783192
    -11.4431563599999997       6.1050525499999999       5.5307698700000003       0.0083332919760544
    -10.0891032299999992       6.5925019699999998       4.8958219300000003       0.0006676098267171
    -12.5458456100000006       6.3998740600000001       4.5148531700000003       0.0105024518819441
    -11.0318628400000005       7.1365636800000001       3.8799052399999998       0.0053504852834934
     -9.3107057399999995       6.7969133399999997       3.2449573100000002      -0.0099446355053239
    -12.1083096799999996       6.9568436800000004       2.8639885500000002       0.0070947978459941
    -10.3758526700000004       7.0276623599999999       2.2290406200000001       0.0010980423798514
     -9.0415252899999992       6.0792728399999998       1.5940926900000001      -0.0062969225934388
    -15.8683814800000000       3.0384598999999999       6.2507125300000004       0.0120639110669885
    -16.8590356899999989       1.9903024000000000       5.8697437700000004       0.0133638842708645
    -15.6240542199999997       4.3689506500000004       5.6157646000000003       0.0138175341799993
    -17.3721660699999987       3.2572306499999999       5.2347958400000003       0.0162204627565785
    -17.4485239199999995       0.9282367100000000       4.8538270800000003       0.0138218840080224
    -16.7267434699999988       4.6637721499999998       4.5998479100000003       0.0156478075587358
    -18.0956301599999989       2.4319407100000001       4.2188791500000002       0.0162877715589964
    -15.2127607000000005       5.4004617799999997       3.9648999800000002       0.0127061040875063
    -17.6626564500000001       4.1109154999999999       3.5839312200000002       0.0157012664121314
    -18.0936543000000007       1.3420878900000000       3.2029624600000002       0.0148914299358616
    -16.2892075399999996       5.2207417800000000       2.9489832800000002       0.0117475593658138
    -18.0643733500000003       3.0961935700000001       2.5680145200000002       0.0142297536138543
    -17.0262390699999990       4.4217623699999997       1.9330665899999999       0.0101518950484110
    -14.3950928600000001      -3.4461979700000001       2.8201511300000002       0.0201952807616372
    -16.0185707300000004      -2.9316570099999999       2.1852032000000001       0.0194211983457784
    -13.3221686500000001      -3.6257053199999998       1.8042344400000001       0.0258676770652855
    -17.0416560699999984      -1.4986779699999999       1.5502552700000001       0.0168543854675924
    -15.0816251799999996      -3.4919131800000001       1.1692865100000001       0.0228214333710639
    -16.3781987300000011      -2.3620520800000002       0.5343385700000000       0.0197700811832622
    -14.0039580600000004      -3.3528343899999999       0.1533698200000000       0.0243322711524634
    -16.6783742900000007      -0.7805463500000001      -0.1006093600000000       0.0147533222915861
    -15.2880125499999995      -2.5525951600000001      -0.4815781200000000       0.0213991068602830
    -15.4816777999999999      -1.2277584399999999      -1.1165260500000000       0.0163791924565331
    -14.1503501000000007      -1.1516407300000000      -1.4974948100000001       0.0173691656256274
      0.4907824600000000       4.3729502900000004       7.4026592600000001       0.0104706880085210
     -0.9396565099999999       5.1046008699999996       7.2756696700000001       0.0088061545488500
     -0.0199998100000000       2.9944120100000000       7.1486800900000000       0.0115613176992362
      0.8447190500000000       5.6586237400000003       7.0216905000000001       0.0100165001908756
     -1.9303107200000000       4.0564433600000003       6.8947009100000001       0.0114654669704777
      1.5352949499999999       3.3066396199999999       6.7677113300000000       0.0067661284080565
     -0.6953292500000000       6.4350916099999997       6.6407217400000000       0.0051989086728348
      2.0993668099999998       5.1911223599999996       6.3867425700000000       0.0089209691185168
      0.6587238700000000       6.9225410399999996       6.0057738100000000       0.0083376215480122
     -1.7980185099999999       6.7299131200000000       5.6248050500000000      -0.0089164173838370
      2.1419578200000000       6.2970150199999999       5.3708258799999999       0.0100904818154248
     -0.2840357300000000       7.4666027399999999       4.9898571199999999       0.0028102594010377
     -1.6567098700000000       8.7313114400000007       2.8445524299999998      -0.0085989797036063
     -2.7593991199999999       9.0261329499999992       1.8286357400000000      -0.0109888292797642
     -1.2454163499999999       9.7628225700000009       1.1936878000000000       0.0002276489465878
     -3.6953120899999998       8.4732763000000002       0.8127190500000000      -0.0130036475218986
     -2.3218631900000002       9.5831025800000003       0.1777711100000000       0.0011159164916421
     -4.0970289900000001       7.4585543599999999      -0.2031976500000000      -0.0079287434077138
     -0.5894061700000000       9.6539212499999998      -0.4571768200000000       0.0044468387939567
     -3.0588947100000001       8.7841231600000000      -0.8381455799999999       0.0027959030658415
     -3.7630281700000001       6.4225802999999999      -1.2191143400000000       0.0057552527665976
     -1.5481947400000000       9.1198535900000000      -1.4730935100000000       0.0068383092160502
     -3.0021565300000002       7.6441125999999997      -1.8540622700000000       0.0075667864662279
      3.1059456499999998       7.3045704699999998       3.3980171000000001       0.0078744007707563
      4.3605934099999999       6.8370690800000000       2.7630691700000001       0.0063385138312562
      2.9199504699999999       8.5684877700000008       2.3821004100000001       0.0057628403617471
      4.8734063100000000       5.4136219700000003       2.1281212300000001       0.0000648349302317
      4.4031844199999997       7.9429617500000003       1.7471524800000000       0.0065775884650350
      5.2356440299999996       6.4380696999999998       1.1122045400000000       0.0009227846293953
      3.6983479699999999       8.7728991399999998       0.7312357800000000       0.0063347764629533
      4.8845890100000000       7.4717593600000001       0.0962878500000000       0.0034198611876270
      2.6332010399999999       9.0036481500000001      -0.2846809100000000       0.0055223416441059
      3.9675284099999999       8.0552586399999999      -0.9196288400000000       0.0052219187335503
      4.3068327599999998       6.6181503800000003      -1.5545767699999999      -0.0040496356486663
     -4.7641685400000000       3.7246770900000001      -1.8791737500000001       0.0321783947764906
     -4.3311948300000003       5.4036518800000000      -2.5141216800000001       0.0167578929023655
     -4.7329117299999997       4.3889299499999996      -3.5300383700000002       0.0250550396373939
     -3.6947774500000001       5.7144987499999997      -4.1649862999999998       0.0154658964944829
     -4.3989109099999997       3.3529558800000001      -4.5459550599999998       0.0289484384185172
     -3.0085491700000002       1.5809070800000000      -4.9269238199999998       0.0291509786804980
     -3.6380392700000002       4.5744881800000003      -5.1809029899999999       0.0195887180765268
     -3.2022144199999998       2.9057438000000002      -5.5618717499999999       0.0245572981662079
      0.6327664600000000       8.6542669900000000      -2.9246080600000002       0.0109904144766659
      2.3539235600000001       8.3146166600000004      -3.5595559899999998       0.0117240337433770
     -0.4436803800000000       8.4745469999999994      -3.9405247499999998       0.0118181561118895
      3.5401646100000002       7.0134768799999998      -4.1945039199999998       0.0109032942472638
      1.2887766300000001       8.5453656700000007      -4.5754726799999998       0.0140474748433554
     -1.1807118999999999       7.6755675800000001      -4.9564414399999999       0.0123524374121722
      2.6231040100000000       7.5969761599999996      -5.2104206199999998       0.0159727437676018
      0.3299880700000000       8.0112980100000009      -5.5913893699999999       0.0151721090749284
      2.9624083500000000       6.1598679000000001      -5.8453685499999999       0.0199925049910270
     -1.1239737200000000       6.5355570199999997      -5.9723581299999999       0.0138839281986733
      1.4609455899999999       7.2436098800000002      -6.2263373099999999       0.0178136829319051
      2.0982316700000001       5.1529007099999999      -6.4803164799999999       0.0225953205356113
      0.2281596200000000       6.4950989200000002      -6.6073060699999999       0.0169968093135680
      0.6431788300000000       4.9429303500000001      -6.7342956500000000       0.0196000883728438
     -0.6437067000000000      -0.5913028600000000      -5.8587561399999997       0.0228494803590173
      1.7305339700000000      -1.5820851700000000      -6.2397248999999997       0.0163082205439125
     -0.9438822600000000       0.9902028600000000      -6.4937040699999997       0.0249467774718255
      0.4464794800000000      -0.7818459400000000      -6.8746728299999997       0.0211381335293872
     -0.1830106200000000       2.2117351599999999      -7.1286520099999997       0.0231568419716268
      2.4073883600000001      -0.6259979700000000      -7.2556415899999998       0.0144553556393383
      2.4019086900000000       2.9197880299999999      -7.3826311799999997       0.0274308065149924
      0.2528142300000000       0.5429907800000000      -7.5096207599999998       0.0227249169561823
      3.0391947600000000       0.8290788600000000      -7.6366103499999998       0.0185530431848413
      1.1691227200000001       2.1712770600000000      -7.7635999399999998       0.0231290540072635
      1.5841419200000000       0.6191084900000000      -7.8905895199999998       0.0204443137010095
      1.7518644900000000      -2.9381899900000001      -1.5434493899999999       0.0147717230396438
     -0.0075920400000000      -2.8043978500000000      -2.1783973200000002      -0.0055818989632925
      2.4809243200000002      -2.9548640800000001      -1.0946521100000000       0.0298440268191555
      4.4823571500000003      -4.4885329000000000      -1.4756208700000000       0.0293843632208777
      2.8588792800000000      -3.9739919399999999      -2.1105687999999998       0.0224956531264979
      5.5552813600000004      -4.6680402599999997      -2.4915375599999998       0.0281024937216436
      3.7958248299999999      -4.5342481100000001      -3.1264854999999998       0.0222415202648634
      2.4992512800000002      -3.4043870100000002      -3.7614334299999999       0.0197253621639888
      4.8734919500000000      -4.3951693299999999      -4.1424021900000003       0.0212817361217361
      3.5894374600000001      -3.5949300900000001      -4.7773501200000004       0.0181262915443483
      5.5503463499999999      -3.4390821200000001      -5.1583188800000004       0.0154637769030721
      3.3957722100000001      -2.2700933700000001      -5.4122980500000004       0.0144852121253116
      4.7270999099999997      -2.1939756600000000      -5.7932668100000004       0.0017209626086228
      8.8060649299999998       2.4634664700000002       4.0990495200000003       0.0053389629203942
      7.2660166300000002       3.2399343500000000       3.7180807599999999       0.0007015564356543
     10.0607126999999998       1.9959650900000001       3.4641015799999999       0.0076264506243788
      8.6200697500000008       3.7273837699999999       3.0831328199999999       0.0064266848038059
      6.1633273800000001       3.5347558499999998       2.7021640699999998      -0.0042988160936801
     10.1033036999999997       3.1018577500000002       2.4481848899999998       0.0072041758321184
      7.6773101500000003       4.2714454699999997       2.0672161299999998       0.0042373462033041
     10.9357633100000005       1.5969657100000001       1.8132369600000000       0.0013271014345193
      9.3984672499999995       3.9317951400000002       1.4322682000000000       0.0084766217986889
      6.6008633100000003       4.0917254800000000       1.0512994400000000      -0.0055800871509355
     10.5847082900000000       2.6306553600000000       0.7973202700000001       0.0046873582742286
      8.3333203200000003       4.1625441500000004       0.4163515100000000       0.0072431994593316
      2.4635652600000002      -3.8596957600000001       3.9817348099999998      -0.0065821393598959
      3.1311584099999998      -4.7598984900000003       2.9658181199999998       0.0024842663548696
      4.2040826300000003      -4.9394058400000000       1.9499014299999999       0.0103193698530220
      2.4446260999999998      -4.8056137000000003       1.3149535000000001       0.0069963690430690
      3.5222932199999999      -4.6665349100000002       0.2990368100000000       0.0251576859306262
      2.2382387300000000      -3.8662956799999999      -0.3359111300000000       0.0167539342953447
      5.3615942700000003      -5.7686965099999998       1.5603433600000001      -0.0001015104462887
      7.3630271000000000      -7.3023653399999997       1.1793746100000000      -0.0097156448594227
      5.7395492299999997      -6.7878243700000001       0.5444266700000000       0.0028094380504271
      8.4359513100000001      -7.4818726900000003       0.1634579100000000      -0.0029639670338142
      4.7164638900000000      -5.3548453399999998      -0.0905212600000000       0.0191973931018943
      6.6764947799999996      -7.3480805399999998      -0.4714900200000000       0.0049411113641824
      9.3983788300000004      -6.9686456400000001      -0.8524587800000000      -0.0015467784730809
      5.3799212299999999      -6.2182194500000003      -1.1064379499999999       0.0149371670035876
      7.7541618999999997      -7.2090017599999996      -1.4874067099999999       0.0062203782685586
      5.0797456700000003      -4.6367137200000004      -1.7413858799999999       0.0293150690703108
      6.4701074099999998      -6.4087625299999997      -2.1223546400000002       0.0144183121198758
      8.4310162999999996      -6.2529145499999998      -2.5033234000000002       0.0097992575636923
      6.2764421600000002      -5.0839258100000002      -2.7573025699999998       0.0240992249527778
     13.1251996599999998      -5.6482591299999996       5.3331630499999996      -0.0158826469419253
     12.5450704399999999      -6.9243541200000003       4.6982151099999996      -0.0166793772825748
     14.2020844200000003      -5.1872235099999999       4.3172463600000004      -0.0105928635027652
     13.6218781900000003      -6.7443301599999996       3.6822984200000000      -0.0097513921742554
     14.5643221300000008      -4.1627757799999996       3.3013296599999999      -0.0121609184367308
     12.1444627900000004      -7.6736972500000000       3.0473504899999999      -0.0122415399041884
     14.3257301899999998      -5.9111068400000004       2.6663817299999999      -0.0097896143316412
     13.1068903100000007      -7.1604701999999998       2.0314337999999998      -0.0091348861898162
     14.3754867500000003      -4.8244083800000004       1.6504650400000000      -0.0166274845657384
     11.4626733800000000      -7.4008263200000002       1.3964858700000000      -0.0097984287481587
     13.5089801800000000      -6.1454592100000003       1.0155171100000000      -0.0140013655971423
     12.1395277799999999      -6.4447391100000004       0.3805691800000000      -0.0136518220417230
     11.7432476500000007      -0.2354940600000000       6.6377565000000001      -0.0065571905518773
     10.2031993500000002       0.5409738100000000       6.2567877500000000      -0.0025887503472610
     12.9978954200000008      -0.7029954500000000       6.0028085700000000      -0.0073528142807540
     11.5572524800000007       1.0284232300000000       5.6218398100000000      -0.0010122356523716
      9.1005100999999993       0.8357953100000000       5.2408710500000000       0.0021773083822829
     13.0404864200000006       0.4028972100000000       4.9868918799999999      -0.0042973767449652
     10.6144928699999994       1.5724849400000001       4.6059231199999999       0.0031119006102678
     13.8729460299999996      -1.1019948300000000       4.3519439499999999      -0.0099741699753437
     12.3356499700000004       1.2328345999999999       3.9709751899999999      -0.0019566732420628
     13.5218910200000000      -0.0683051700000000       3.3360272599999998      -0.0104087867651117
     11.2705030500000003       1.4635836200000001       2.9550584999999998       0.0019198510785365
     12.6048304200000008       0.5151941000000000       2.3201105700000002      -0.0122688591794180
      6.0281766299999999      -2.5319518900000002       8.0191474199999995      -0.0033556079308354
      5.0375224200000002      -3.5801093900000001       7.6381786600000003      -0.0016231607897019
      6.2725038900000003      -1.2014611399999999       7.3841994900000003       0.0001286136203653
      4.5243920500000003      -2.3131811400000002       7.0032307300000003       0.0021230764392115
      7.6265570199999999      -0.7140117200000000       6.7492515600000003      -0.0019564470642131
      4.4480341900000004      -4.6421750800000003       6.6222619700000003      -0.0044819399217744
      3.8009279500000002      -3.1384710800000000       5.9873140400000002      -0.0002451753116439
      3.8029038100000001      -4.2283239100000003       4.9713973500000002      -0.0017748342397894
      8.6212931899999994      -6.3445636299999997      -3.0358298800000001       0.0080517086502283
      6.9978153299999999      -5.8300226700000000      -3.6707778100000001       0.0160678339198128
      9.6942173999999994      -6.5240709900000002      -4.0517465699999997       0.0008438990588928
      5.9747299900000002      -4.3970436399999997      -4.3057257399999997       0.0221429362101375
      7.9347608699999999      -6.3902788399999997      -4.6866944999999998       0.0095928860510028
     10.6566449199999997      -6.0108439400000000      -5.0676632599999998      -0.0056971668672361
      6.6381873200000001      -5.2604177400000003      -5.3216424299999998       0.0133787279392905
      9.0124279900000008      -6.2512000499999996      -5.7026111899999998       0.0046899716827511
      6.3380117599999997      -3.6789120199999998      -5.9565903699999998       0.0077759574277962
      7.7283735000000000      -5.4509608199999997      -6.3375591299999998       0.0082841359483794
      9.6892823900000007      -5.2951128499999998      -6.7185278799999999       0.0018622973050171
      7.5347082500000004      -4.1261241000000002      -6.9725070599999999       0.0040737906762125
      8.8660359500000006      -4.0500063900000001      -7.3534758199999999       0.0047871899118839
     12.1679047899999997       2.2667388300000000      -7.4966284300000003       0.0119486645166198
     13.5022321600000001       1.3183493100000001      -8.1315763600000004       0.0128190542557505
     11.2091162200000003       1.7326711600000000      -8.5125451200000004       0.0141257288066718
     10.3846445299999992      -2.7366509400000001      -8.6395347099999995       0.0130553786484526
     13.8415365000000001      -0.1187589400000000      -8.7665242899999996       0.0135119071850234
     12.3455534199999999      -2.5808029600000002      -9.0205034600000005       0.0113214252657023
     12.3400737500000002       0.9649830400000000      -9.1474930499999996       0.0215146004610673
     10.1909792800000005      -1.4118142100000000      -9.2744826400000004       0.0136588407970315
     12.9773598200000002      -1.1257261400000000      -9.4014722200000005       0.0180997771845135
     11.1072877800000001       0.2164720700000000      -9.5284618099999996       0.0194202201466105
     11.5223069799999998      -1.3356965000000001      -9.6554514000000005       0.0207442772248321
     10.1609214600000008       3.4442218300000000      -0.3341213900000000       0.0094609872033651
      8.6208731600000004       4.2206897000000003      -0.7150901500000000       0.0089576451379685
     11.4155692200000001       2.9767204500000002      -0.9690693300000000      -0.0011908733586097
      9.9749262800000000       4.7081391300000002      -1.3500380900000000       0.0087631561121881
     11.4581602199999999       4.0826131099999996      -1.9849860200000000       0.0031060738210265
      9.0321666799999996       5.2522008299999996      -2.3659547800000000       0.0091299543799543
     12.2906198399999997       2.5777210600000000      -2.6199339500000001      -0.0135476354611761
     10.7533237800000006       4.9125505000000000      -3.0009027100000001       0.0079343133158361
      7.9557198400000004       5.0724808399999999      -3.3818714700000001       0.0104270477866564
     11.9395648199999993       3.6114107199999999      -3.6358506400000001      -0.0022107986805331
      9.6881768499999996       5.1432995100000003      -4.0168194000000002       0.0122007311401759
     11.0225042200000001       4.1949100000000001      -4.6517673300000002       0.0059715141584782
      7.2818760899999999       4.8281960899999996      -4.6885029100000004       0.0259699957945330
      6.3391164900000003       5.3722577899999999      -5.7044195999999996       0.0330733407268760
      3.8892207399999998       4.0827115200000001      -6.0853883599999996       0.0361501197309089
      8.0602735899999995       5.0326074600000004      -6.3393675299999996       0.0284709349210281
      5.2626696500000003       5.1925378000000002      -6.7203362899999997       0.0394702041594428
      3.4875038400000000       3.0679895799999999      -7.1013050499999997       0.0384121942579867
      6.9951266600000004       5.2633564699999997      -7.3552842199999997       0.0349950427154226
      4.5256381200000000       4.3935583800000000      -7.7362529799999997       0.0411288589892216
      8.3294540300000008       4.3149669499999996      -7.9902321599999997       0.0199799081502121
      3.8215046600000000       2.0320155199999999      -8.1172217399999997       0.0290143548925101
      6.0363380900000001       4.7292888099999999      -8.3712009199999997       0.0370164160806183
      4.5823763000000000       3.2535478200000001      -8.7521696799999997       0.0346404326826182
      7.1672956200000000       3.9616006800000001      -9.0061488500000006       0.0249941869151051
      5.9345096499999999       3.2130897100000002      -9.3871176100000007       0.0265249074951726
     -4.5157356899999996       5.0518856699999999       7.8768337400000004      -0.0071556952532248
     -5.9596010399999999       5.7921481500000001       7.7884527099999996      -0.0138354023966905
     -4.1429866500000001       6.3673472999999996       7.6116906499999999      -0.0151010524601922
     -6.9930901900000002       4.7261389800000000       7.5233096200000000      -0.0063806588808539
     -5.7291301600000004       7.2005425000000001       7.3465475600000003      -0.0208681778852728
     -2.7862365800000002       5.9156857499999997       7.1697854899999998      -0.0086795925641603
     -7.5992994200000004       6.0622907499999998       7.0814044599999999      -0.0157202123642008
     -4.2888218199999999       7.8023241199999998       6.9046424000000002      -0.0218899832121870
     -6.9826606900000003       7.6564856199999998       6.6394993099999997      -0.0230495508514821
     -2.5836910799999999       7.2160600700000002       6.4627372500000000      -0.0155041799728330
     -8.5872255699999993       5.1939626099999998       6.3743562200000001      -0.0081627726675677
     -5.3172431900000001       8.6356621199999992       6.1975941499999996      -0.0254974293841492
     -8.2582123500000009       7.2134367599999996       5.9324510600000000      -0.0202105202237242
     -3.2122484400000002       8.4361844500000007       5.7556890000000003      -0.0223956301152235
     -6.7165185999999997       8.7913542899999992       5.4905459099999998      -0.0262114260209536
     -4.4299106200000002       9.2507619299999995       5.0486407499999997      -0.0260916286618667
     -8.1111675800000000       8.2511709500000006       4.7834976600000001      -0.0235937341591885
     -2.1861449999999998       8.3207859499999994       4.6067356000000004      -0.0186329739156967
     -5.9537338399999999       9.4615266899999995       4.3415925099999999      -0.0270057807480448
     -9.1853629100000003       7.1219839100000000       4.0764494100000004      -0.0140301181624345
     -3.4322996699999999       9.2751235600000008       3.8996873500000002      -0.0238989655263531
     -7.4700029499999996       9.0079547099999999       3.6345442600000002      -0.0253504037376757
     -4.9841099299999998       9.6427351699999999       3.1926391100000000      -0.0256734647380981
     -8.6811485000000008       7.9682351400000000       2.9274960100000000      -0.0196363415905907
     -6.5458298099999999       9.3498455899999993       2.4855908599999998      -0.0248623188849351
     -4.0473950800000003       9.3250683599999995       2.0436857000000002      -0.0212387450790565
     -7.8180739099999998       8.4605284300000001       1.7785426099999999      -0.0210952441832397
     -5.5540110199999999       9.1756079600000007       1.3366374599999999      -0.0216951413400643
     -8.5518154800000001       7.1685576800000002       1.0714943600000000      -0.0133392911408485
     -6.7620037100000001       8.4077001500000001       0.6295892100000000      -0.0185908157907981
     -4.7524762100000002       8.3862804299999993       0.1876840600000000      -0.0144308563279516
     -7.3624194000000003       7.2094987599999998      -0.0774590400000000      -0.0112993086077466
     -5.7281411999999996       7.5030613900000001      -0.5193641900000000      -0.0104051531020737
     -7.0272860200000000       5.8964254100000000      -0.7845072800000000       0.0015363335213294
     -4.6057570900000000       6.6170462600000004      -0.9612693400000000      -0.0012974205189309
     -4.1408231700000000       2.8584665100000000       8.0922015399999996       0.0128591551569279
     -5.5866776600000003       3.6000681600000002       8.0131237800000008       0.0059853832625691
     -4.6537118299999998       1.4520518200000001       7.9340460100000003       0.0230270858961887
     -3.7647448099999998       4.1789584000000000       7.8549682499999998       0.0023387899423462
     -3.0311707000000001       1.7478229599999999       7.6968127199999996       0.0192106032992818
     -2.3900657700000001       3.7302226500000000       7.4595794299999998       0.0094483623681647
     -7.2502548600000001       3.8793318499999998       7.3805016600000002       0.0028757323179072
     -3.5898942900000002       0.3213887000000000       7.3014238999999996       0.0282997869563957
     -4.9584329800000004      -0.3610865400000000       7.8171257100000000       0.0278031512478023
     -3.6414906399999998       0.0761842100000000       7.1845036000000002       0.0298888406838778
     -9.1048901900000008      -2.1270282699999998       6.6309592500000001       0.0253518964268942
    -10.2591610699999993      -2.0034470299999998       5.6029483100000004       0.0201878541624083
     -6.7679475699999996       0.6659265700000000       8.6059120100000008       0.0224428585454355
     -8.2163383299999992       1.4075011500000001       8.4925284500000000       0.0186438548217254
     -7.2839187399999998      -0.7346006700000000       8.3791448899999992       0.0246601243850897
     -6.4029585600000001       1.9753010300000000       8.2657613300000001       0.0192872669059909
     -9.2337732700000004       0.3427662900000000       8.1523777699999993       0.0190738015310039
     -5.6907975300000002      -0.4256737600000000       8.0389942100000003       0.0272925676283577
     -7.9758842899999998       2.7827746800000002       7.9256106600000003       0.0136546358331522
     -8.4825985999999993      -1.4053975700000001       7.8122271000000003       0.0242315330055582
     -9.7915904800000000       1.6503204199999999       7.5854599800000004       0.0140554246313762
     -9.8958655699999998      -0.7765195600000000       7.2453092999999997       0.0187652835777641
     -9.1538691799999992       3.1509079199999999       7.0185421799999999       0.0106176184415752
     -4.5819215099999999      -1.6336235600000000       7.4828318200000004       0.0281225955194984
     -3.4722690400000000      -2.7442671100000000       7.0874429900000004       0.0236934180312041
     -7.8403469000000001      -3.1531883399999998       6.5338986400000003       0.0293739709874821
     -8.7729971300000003      -4.3866275999999997       4.8732655899999999       0.0296465839568647
     -7.7706810600000003      -5.6897083500000001       4.2406434700000002       0.0291546085099021
     -4.5127301199999996      -6.6903686400000000       2.9753992399999998       0.0180341970498148
     -2.8048321299999999      -6.1716917899999997       2.3427771300000000      -0.0001498822292838
     -7.9112600000000004      -6.6961391399999997       2.8202718099999999       0.0257187732184114
     -9.0242160200000008      -6.7500876900000000       1.7922608700000000       0.0242350290273663
     -3.2023338400000001      -6.5350760000000001       0.9224054600000000       0.0064686367328690
     -9.5186872999999999      -6.7495003300000000      -0.8963831200000000       0.0200134313941156
     -8.6690056299999991      -6.6166943199999997      -2.5570161699999998       0.0171878834669243
     -8.9618721800000003      -5.4933765599999997      -3.5850271100000000       0.0122081180628584
     -8.6745273399999991       1.4866096099999999      -4.5254835399999997       0.0203858467992362
     -9.3072926700000007      -0.0071904100000000      -5.1581056600000004       0.0143423555396573
     -7.5645116799999998       1.6458581900000000      -5.5534944800000003       0.0193901606772258
     -9.2363593300000009      -1.5274171700000001      -5.7907277700000002       0.0084559448787758
     -8.1727082499999995       0.3277030200000000      -6.1861166000000001       0.0124681089398244
     -6.4095888600000004       1.1141391400000000      -6.5815054200000001       0.0176691154037343
     -7.9755234899999996      -1.0164400499999999      -6.8187387099999999       0.0069886995636494
     -1.8149545800000000      -7.0263618299999999      -1.5175632999999999       0.0068204040853139
     -0.4311144300000000      -6.1797114500000001      -2.1501854200000001       0.0013955359744493
      0.5332879400000000      -4.7798263299999997      -2.7828075299999999       0.0025297270328970
     -0.9278046100000000      -7.1624254699999996      -3.1781963499999999       0.0099821680471344
     -7.7577357100000004      -6.9343351899999996      -3.3363518800000000       0.0157173072647652
      0.2641906500000000      -5.8490236400000004      -3.8108184700000001       0.0074412156259207
     -8.5038821700000007      -6.1202732700000002      -4.3643628200000002       0.0101379860184245
      0.8653746300000000      -4.1660053100000001      -4.4434405899999998       0.0098002573032652
     -0.4062701400000000      -6.7267699600000004      -4.8388294099999998       0.0111823756863103
     -7.2441580700000001      -7.3768497999999996      -4.9969849399999999       0.0124271257930921
     -8.8691952199999999      -5.0793889800000001      -5.3923737599999999       0.0062430051131912
      0.4166034400000000      -5.1734060399999997      -5.4714515199999996       0.0108550444460604
     -1.3688652699999999      -7.2621446599999997      -5.8668403500000004       0.0138547402482381
     -7.8314174699999999      -6.4453840700000002      -6.0249958799999996       0.0082746132295668
      0.5613296100000000      -3.4716447900000000      -6.1040736400000002       0.0134202843053224
     -8.7693852799999998      -3.9820045500000001      -6.4203846999999996       0.0042116199948090
     -0.4122068800000000      -5.9004448600000003      -6.4994624600000002       0.0125008367882096
     -6.3944764000000003      -7.2440437900000001      -6.6576179900000003       0.0110131730757850
     -8.2137327700000000      -1.5129738300000000      -6.8157735199999996       0.0056024119610925
     -2.4763282200000001      -7.3233049799999996      -6.8948512800000001       0.0143482321301356
     -7.9425971000000004      -5.3366818499999997      -7.0530068100000003       0.0060731054078111
     -0.1272817900000000      -4.3518212099999998      -7.1320845799999999       0.0144113369628620
     -6.4709517800000000       0.1400747700000000      -7.2111623399999996       0.0137118652051775
     -4.8493700400000002      -7.3510168000000000      -7.2902401100000001       0.0127349878451604
     -8.1427994300000002      -3.0332005899999999      -7.4483956400000002       0.0047075419367140
     -1.5285056600000000      -6.1503063500000001      -7.5274733999999999       0.0137615624621077
     -4.2531389700000002       0.4975800400000000      -7.6065511600000004       0.0211828885294629
     -6.6873429499999997      -6.1207260300000002      -7.6856289300000000       0.0086146158395231
     -7.0791483499999996      -1.1780804000000000      -7.8437844600000002       0.0089297244375359
     -3.5355906600000000      -6.7671299800000000      -7.9228622199999998       0.0131805283144040
     -7.4013994500000004      -4.2331789799999999      -8.0810177500000009       0.0064131017965963
     -1.3038036600000000      -4.7707306799999998      -8.1600955200000005       0.0159004725000429
     -5.3160289599999997      -0.3916442800000000      -8.2391732799999993       0.0163529081252740
     -5.3124700200000001      -6.1392944800000002      -8.3182510399999998       0.0107693713752433
     -6.8819635899999998      -2.5222234700000001      -8.4764065700000000       0.0083024286577427
     -2.8219812499999999      -5.6163699500000002      -8.5554843399999996       0.0142840566555122
     -6.1376893499999996      -4.7284379300000001      -8.7136398699999997       0.0092735412855234
     -5.5538029000000000      -1.7587603599999999      -8.8717953999999999       0.0137648913185586
     -4.2474051499999996      -5.1999239299999997      -8.9508731600000004       0.0129504731806200
     -5.6064534500000001      -3.4071984600000000      -9.1090286900000006       0.0116380985686213
     -9.1827204200000008      -6.3380720000000004       2.4701423700000000       0.0253383186003120
    -10.2532910699999995      -6.5990185600000002       1.4421314400000000       0.0218347431592534
    -11.3367445000000000      -6.3916001900000001       0.4141205000000000       0.0189015326481652
    -13.5118930699999993      -4.5174239600000003       0.0187316800000000       0.0192293590730870
     -9.6032188800000000      -6.8246391500000003      -0.2185016200000000       0.0208587555386011
    -12.2521689699999996      -5.7740004899999997      -0.6138904400000000       0.0170987369000990
    -13.8772061200000003      -3.4765396700000002      -1.0092792600000000       0.0196156010599005
    -10.6340276399999993      -6.4342834800000004      -1.2465125500000001       0.0174287762995604
    -12.8394283599999994      -4.8425347600000004      -1.6419013800000000       0.0169078294365193
    -11.4024873000000007      -5.6411944800000002      -2.2745234900000000       0.0161127881299059
     -9.8573809400000005      -5.7481674900000002      -2.9071456100000002       0.0153783615358556
    -10.3240398500000001       1.2112050299999999      -3.8560787799999998       0.0180047956630069
    -11.6141480599999998       1.7887317899999999      -3.0901795399999998       0.0118527836713689
    -10.2859873700000009       2.5521949099999999      -3.4855683599999998       0.0165289726596178
     -9.0235007599999992       1.6189290100000000      -3.8809571900000002       0.0223977893176865
    -10.5972419500000008       2.2089927800000000       7.4636346600000003       0.0073321332634322
    -12.0430964399999993       2.9505944400000002       7.3845568899999998       0.0026372023932417
    -11.1101306100000006       0.8025781000000000       7.3054791300000002       0.0061058790289188
    -10.2211635899999997       3.5294846700000000       7.2264013699999996       0.0059706323170623
    -11.8152029400000007       4.3726753699999996       6.9891680699999998       0.0045945164772512
    -13.0947682800000003       4.8563699800000002       6.3565459600000001       0.0067115925516994
    -13.7473577400000000       6.4983428900000000       3.6679019700000000       0.0076511043246406
    -12.8173712099999992       7.0911133800000004       2.6398910299999998       0.0048423105057189
    -11.7275066300000006       7.2698048999999996       1.6118800900000001       0.0019724910793251
     -8.9676644900000007       6.6778992199999996       1.2164912699999999      -0.0089728742628630
    -13.3753529699999998       6.6719306400000002       0.9792579700000000       0.0002337772216485
    -10.6605325700000009       6.9971106000000001       0.5838691499999999       0.0000635478891837
    -12.2729562399999992       6.6274418400000004      -0.0487529600000000      -0.0002931682832958
     -9.8158693400000008       6.2746542300000003      -0.4441417900000000       0.0026715426248991
    -13.5072665000000001       5.6704199199999996      -0.6813750800000000      -0.0033221116618485
    -11.2894536900000002       6.0279251900000004      -1.0767639000000000       0.0020476122081412
    -12.3523436699999998       5.1387008700000001      -1.7093860200000000      -0.0000494587833622
    -10.7242795100000006       4.6987159600000004      -2.1047748400000001       0.0083047695765153
    -12.5901176199999991       3.7715847899999999      -2.3420081300000000       0.0007053328755262
    -12.6427681700000001       2.1231466900000000      -2.5792414300000002       0.0042267237168403
    -12.9063174000000007       1.2724173400000001       7.5149014400000000       0.0007873190376415
    -14.3521718899999993       2.0140189899999998       7.4358236800000004       0.0031937815029934
    -13.4192060600000005      -0.1339973400000000       7.3567459199999998       0.0018210040786393
    -15.3931495500000004       0.9450874600000000       7.1985903899999997       0.0047099567506663
    -11.7966649399999994       0.1617737900000000       7.1195126200000001       0.0027320119266854
    -14.1242783900000006       3.4360999300000001       7.0404348600000004       0.0050136485080792
    -14.6473915399999992      -0.8547232000000000       6.9613570899999999       0.0038355548169555
    -16.0157491000000007       2.2932826899999998       6.8032015599999998       0.0085081041907458
    -12.3553885200000000      -1.2646604699999999       6.7241238000000001       0.0045886135915545
    -16.1647427999999991      -0.2471474400000000       6.5659682699999999       0.0062305540936247
    -13.9707522500000003      -2.0313301500000001       6.3287349800000001       0.0056945101746564
    -13.7121919699999992       4.9392324900000002       6.0124239199999998       0.0081003914899860
    -15.9431221500000007      -1.6041679400000000       5.9333461600000001       0.0070317013757144
    -12.6743535299999994      -2.5871830400000002       5.6961128600000004       0.0091795207591403
    -17.4316135400000007       0.0317272700000000       5.5379573300000002       0.0094643914334132
    -14.9821209399999997      -2.7297188999999999       5.3007240400000004       0.0088913252322271
    -17.0973930299999992      -1.4805866999999999       4.9053352200000004       0.0093848760549982
    -13.5200996900000003      -3.3471516100000001       4.6681019199999998       0.0126637673513876
    -18.2160904899999991       0.8392825800000000       4.5099463999999996       0.0120909679805017
    -14.3947669699999992       5.9564855600000000       4.3517908700000003       0.0094872564669757
    -16.0950769499999993      -2.7836674499999998       4.2727130999999998       0.0114179342424645
    -17.9953737300000007      -0.8378184100000000       3.8773242799999998       0.0108200491923238
    -14.5906703400000008      -3.6080981599999999       3.6400909900000000       0.0154021408895701
    -17.1031258800000003      -2.3405654800000000       3.2447021600000001       0.0128318380420538
    -18.5338311500000010       0.1239548800000000       2.8493133400000001       0.0112306523320971
    -15.1264466599999992       6.1545379400000000       2.6911578100000000       0.0061246327310194
    -17.8492723399999988      -1.5265035600000001       2.2166912299999999       0.0126668426323295
    -18.6481161799999988       1.2226036600000001       1.8213024000000000       0.0103631597019582
    -17.8248445300000000       3.9380825399999999       1.4259135800000000       0.0082330933724801
    -18.2145853899999999      -0.4856192800000000       1.1886802900000000       0.0111766940462932
    -15.6844284199999997       5.7353551999999999       1.0305247600000000       0.0018750417776481
    -18.3165844000000000       2.2732308899999998       0.7932914700000000       0.0079214927112989
    -16.9263576100000002       4.5745958900000003       0.3979026400000000       0.0032191117412346
    -18.1147754499999998       0.6117651600000000       0.1606693500000000       0.0087557933135685
    -14.5820316900000009       5.6908664000000000       0.0025138200000000      -0.0025713414539617
    -17.5591229400000017       3.0807958800000002      -0.2347194700000000       0.0043151648120361
    -17.2879872699999986      -0.7429121400000001      -0.4719527600000000       0.0115481463896749
    -15.8163419500000000       4.7338444800000001      -0.6301082900000000      -0.0010857533213997
    -17.4881895999999983       1.5605691200000000      -0.8673415900000000       0.0056593989471061
    -16.4245385199999987       3.4156893099999999      -1.2627304100000001       0.0007494250115592
    -16.7467896200000013       0.3605907200000000      -1.4999636999999999       0.0076185984222850
    -14.6614191199999997       4.2021254299999997      -1.6581192300000001      -0.0032163861590284
    -16.2273537599999997       2.0715462400000000      -1.8953525200000001       0.0026141090060570
    -15.4830795200000004      -0.1346682200000000      -2.1325858200000001       0.0090904955086692
    -14.8991930700000008       2.8350093500000000      -2.2907413499999998      -0.0003903905550793
    -13.5927953200000005      -0.6061542200000000      -2.3698191099999999       0.0143336678405888
    -14.9518436200000000       1.1865712500000001      -2.5279746400000001       0.0044232263748576
    -13.6367064599999992       1.9017434600000001      -2.6861301700000002       0.0029063696244194
     -4.6461194299999997      -3.0711470599999999       7.4083755800000004       0.0257461758332624
     -5.1620906000000000      -4.4716743000000001       7.1816084599999996       0.0240650545978980
     -7.1119451299999996      -3.3943073400000001       6.9548413399999998       0.0286392277269663
     -3.5689693899999999      -4.1627473899999998       6.8414577899999998       0.0201156380267022
     -6.3607704600000003      -5.1424712000000001       6.6146906699999999       0.0255390836500844
     -4.1459876400000004      -5.5051574499999996       6.2745399900000001       0.0195676607479136
     -7.7740374299999999      -4.5135931899999999       6.0477728700000002       0.0282099909248004
     -5.6845118699999997      -6.1541268300000000       5.7076221900000004       0.0234640866288203
     -2.9532458500000001      -5.3915572000000003       5.3674715099999997       0.0118635013988957
     -7.4543680300000004      -5.6707709900000003       5.1407043999999997       0.0275538030417444
     -4.5172721400000002      -6.4837892100000003       4.8005537199999999       0.0191303542230727
     -6.5056336100000003      -6.4648101699999998       4.2336359200000002       0.0259287319473422
      0.0186433500000000       1.9070751900000000       7.4845902999999998       0.0082447840123052
     -1.9553001299999999       2.9861599900000000       7.3264347699999997       0.0138311364298858
      1.6411844799999999       2.2028463299999999       7.2473570100000000       0.0019933760114519
     -1.2095421200000001       1.1863493400000000       7.0892014799999998       0.0147981310565015
      2.2822894200000001       4.1852460200000001       7.0101237100000002       0.0045310180885778
      1.0824608899999999       0.7764120600000000       6.8519681800000001       0.0015543418887276
      2.9581268100000000       2.6401170700000001       6.6147348900000003      -0.0030093128231421
      2.4409853799999999       0.7801072600000000       6.2193460700000003      -0.0089488826270490
      3.6804463799999998       3.8227875500000001       5.9821127799999996      -0.0014841792408049
      3.7066149400000001       5.3166554300000000       5.3494906599999998       0.0031820860822869
      4.4187728999999996       2.9387222600000000       4.9541018399999999      -0.0116109049509348
      3.0244327700000002       6.7629969299999999       4.7168685400000001       0.0063599648908337
     -0.9569175599999999       7.9975581000000000       4.4796352500000003      -0.0056946578857193
      4.5460047899999996       4.5880788399999997       4.3214797200000001      -0.0010596287672264
      1.1554878000000000       7.9514230200000000       4.5879038000000003       0.0044009090566988
      2.8985360099999999       7.3714060100000003       4.1925149800000003       0.0060882451732631
      0.1122646300000000       8.8328510700000002       3.9552816900000001      -0.0011992998858048
      2.2806612799999999       8.6542785400000000       3.5598928700000001       0.0034225289377794
     -1.3390134499999999       9.0389372199999993       3.3226595699999999      -0.0078867825300897
      1.0357852400000001       9.5531374400000004       2.9272707499999999       0.0002749138405349
     -0.5703103700000000       9.8501041399999991       2.2946486400000001      -0.0021922977103408
      2.1305742300000001       9.7074519400000003       1.8992598100000000       0.0021312117012968
      0.4661862300000000      10.2216440700000000       1.2666377000000000       0.0004764125327910
      1.5673661999999999      10.1413214499999995       0.2386267600000000       0.0023764741251320
     -0.2121254800000000      10.2268480400000001      -0.3939953600000000       0.0027714329044102
      2.5477166599999999       9.6349423600000001      -0.7893841800000000       0.0043457419124096
     -4.4921277999999996       6.1668494699999998      -1.2638507600000000       0.0042864755776826
      0.8548485800000000       9.9541537400000006      -1.4220062899999999       0.0046245843351542
      3.2308120100000002       8.7708330199999995      -1.8173951200000000       0.0056167302873327
     -0.7575750900000000       9.5844849799999992      -2.0546284099999998       0.0060419539894454
      1.6995118100000000       9.2316973699999991      -2.4500172299999998       0.0074398087777183
     -4.6505803099999996       5.7957256599999996      -2.2859361599999999       0.0123822386551886
     -2.9650470599999998       8.1184598900000005      -2.6813249799999999       0.0069269469859847
      3.9316458500000002       7.5710100999999996      -2.8394805100000000       0.0043461482042630
     -0.2995343000000000       9.1405408200000000      -3.0767138100000002       0.0085902621808103
     -4.0877967499999999       6.7453938999999998      -3.3139471000000000       0.0101380159134408
     -1.9473806400000000       8.5426665600000007      -3.7093359200000000       0.0083191557453439
      4.4126135000000000       6.5795539200000004      -3.8674914500000002       0.0040865650799766
     -3.1893098200000001       7.3819072500000003      -4.3419580399999997       0.0095073576269407
     -3.8220751499999999       5.8881072400000001      -4.9745801500000004       0.0138595588263790
     -2.0792941699999998       7.5411558400000001      -5.3699689800000003       0.0105391621092679
     -2.6874907399999999       6.2230006700000002      -6.0025910900000001       0.0122923528310643
     -3.0097418399999998       3.1679020800000002      -6.2398243799999999       0.0207120503475124
     -2.4903059800000000       4.8788575900000000      -6.6352132099999999       0.0150179436940512
     -1.7460317400000001       2.6726431399999999      -6.8724464999999997       0.0202957290821963
     -1.1621452900000000       5.6423207099999999      -7.0306020299999998       0.0143030273530549
     -1.2147958400000001       3.9938826100000000      -7.2678353199999997       0.0170496200606145
      0.1003413200000000       4.7090548200000004      -7.4259908499999998       0.0174299515536624
      1.3969145300000001      -3.3664061599999999      -3.2213141200000002       0.0116691433432798
      2.0574084600000000      -2.9464054300000000      -4.8819471700000001       0.0151378684029666
      1.1427524700000000      -2.2899345000000002      -5.9099581099999998       0.0148918665276767
      3.5891686400000000       4.6537258699999997      -6.6216579900000001       0.0304436511261876
     -1.4092769400000000       0.8279033200000000      -6.7007357499999998       0.0238823390370619
      2.3041577200000001       4.2294531099999997      -7.2542800999999999       0.0242917096017230
      0.4383196000000000       3.3023219500000001      -7.4915133999999997       0.0206188778617680
      6.2568572800000002       5.5834274300000004       0.3525784200000000      -0.0088500866281400
      7.2829607100000002       5.4680289300000000      -0.7963749800000000      -0.0057455837470179
      6.0368060400000001       6.4223665399999996      -1.5034232300000001      -0.0082694053967494
      6.9035176399999996       5.9547113800000000      -2.6523766300000000      -0.0030082039483865
      5.4217106299999998       6.4723113400000001      -3.3594248800000002      -0.0015219366471939
      6.0815115400000002       5.6780394500000000      -4.5083782799999996       0.0118190934543030
      4.7166295099999997       5.5335234000000000      -5.2154265200000003       0.0180474325438844
      7.8414215100000000       0.8416460700000000       5.5492939100000003      -0.0033278248595998
      7.7026917600000004       2.3065412900000002       4.9166717899999997      -0.0026457525157788
      6.6594685900000004       3.1879693300000000       4.2840496799999999      -0.0052224273789321
      5.9768935799999996       4.2052224100000002       2.6234166200000000      -0.0045082012765860
      4.0802647600000004      -0.1768500800000000       6.9037993699999998      -0.0130957233402498
      5.8968791500000002       0.3983490700000000       6.7270373100000000      -0.0112486979684263
      3.0467756100000001      -1.2428592500000000       6.6386562800000002      -0.0110587932845903
      4.3107356499999998       1.2315442800000000       6.4618942199999996      -0.0154822901761591
      2.4405663799999999       0.0932925200000000       6.1967511200000001      -0.0113927878261464
      5.7510439900000003       1.8333258900000000       6.0199890600000003      -0.0140680027625777
      2.3022307400000002      -2.4158153400000000       5.9316080299999996      -0.0108070992068541
      7.4561747199999999       1.2470618400000000       5.5780839100000001      -0.0061595089773228
      4.7226226100000002       2.6666639000000001       5.3129408199999997      -0.0135648322930706
      2.5455126699999999      -3.7246018699999999       5.2245597799999999      -0.0091823024301512
      3.5007772600000000      -4.7748885200000002       4.5175115400000001      -0.0061521533405653
      5.6099551900000000       3.2817637099999999       4.1639874099999998      -0.0098946509784170
      3.9245530899999999      -5.4052969099999997       2.6615098900000000      -0.0016384844932027
     10.0657428400000004      -7.5292912699999999      -0.4632231400000000      -0.0073190714596159
     11.5415286699999999      -6.6274614999999999      -1.0958452599999999      -0.0170411120507943
     10.4340657199999995      -6.6886218199999998      -2.1238562000000001      -0.0084791596677150
     10.9439673600000003      -1.9273231500000001       8.0181131600000004      -0.0214272810501370
     12.3186464000000004      -2.3760588999999999       7.6227243400000004      -0.0183189757101374
     10.8052376100000007      -0.4624279400000000       7.3854910499999997      -0.0109423290297741
     12.9944837999999994      -3.9211878400000000       7.2273355199999996      -0.0204701117966763
     12.4773423599999997      -5.7811976600000001       6.8319466999999996      -0.0265548439000689
     13.7168033600000001      -2.7385173599999999       6.5947133999999998      -0.0145330458642938
     13.6910998399999997      -4.9848127599999996       6.1993245799999999      -0.0173054563144959
      8.3107363599999999       0.6250862700000001       6.1202468200000002      -0.0031747051289948
     13.7429719200000005      -1.2446494800000001       5.9620912900000000      -0.0103330014859502
     12.3138616499999998      -6.9528245000000002       5.8039357599999999      -0.0245222687333175
     14.4551298799999994      -3.6225826500000000       5.5667024600000001      -0.0138303537561768
     14.5823617799999994      -1.9732260800000001       4.9340803500000003      -0.0124885431382609
     11.6271506799999997      -7.8213503400000004       4.7759248200000002      -0.0243672449720194
     14.6621041699999992      -4.7062889999999999       4.5386915300000004      -0.0124718097964767
     15.0097972500000001      -2.9881619100000001       3.9060694100000002      -0.0144197856458916
     10.6370803800000004      -8.3045601199999997       3.7479138800000000      -0.0251745537985784
     14.6621368299999997      -1.2408675199999999       3.2734472999999999      -0.0160610755941661
      9.5336082599999994      -8.3539511300000004       2.7199029399999999      -0.0241164575854320
     13.6688044699999995       0.2434663700000000       2.6408251800000002      -0.0153666119968996
     14.9043713100000002      -2.3180729300000000       2.2454363599999998      -0.0221232977533745
     12.1974664599999993       1.2210913999999999       2.0082030600000000      -0.0106715500335177
      8.5027995000000001      -7.9635954599999996       1.6918920099999999      -0.0178194869690849
     14.6901458399999996      -3.3981074599999999       1.2174254200000001      -0.0283824853249399
     10.1941021799999998      -7.9339503999999996       1.0592698899999999      -0.0116734881174061
      8.8821009199999992      -4.3464148299999996       9.4105940300000004      -0.0339316037697479
      7.4382355699999998      -3.6061523499999999       9.3222129999999996      -0.0245337752438886
      8.3693940399999995      -5.7488926500000002       9.2338319700000007      -0.0368337822634253
      9.2548499700000004      -3.0309531999999999       9.1454509399999999      -0.0293255578452118
      6.4047464200000004      -4.6721615200000004       9.0570699099999992      -0.0232951589186001
      9.9820115999999999      -5.4505260399999997       8.9686888800000002      -0.0387904570102222
      7.6687064600000001      -2.1977579899999999       8.8803078499999994      -0.0179994088091782
      7.1504208399999998      -6.4564829499999998       8.7919268099999996      -0.0343675601876221
     10.6116000400000008      -3.4826147500000002       8.7035457800000007      -0.0322109771360921
      5.7985371900000002      -3.3360097500000001       8.6151647499999999      -0.0109267996986020
      9.4200384899999996      -6.8546041799999999       8.5267837199999992      -0.0409138234895821
      9.1090148000000006      -1.5959763800000000       8.4384026900000002      -0.0203062138181629
      5.6602015500000000      -5.8451176100000000       8.3500216599999995      -0.0241770822776211
     11.2634861700000002      -5.0097325200000000       8.2616406300000005      -0.0356131368026240
      7.8256456800000000      -7.5926532900000003       8.0848785700000008      -0.0393914329663971
      4.8106110400000004      -4.2043378899999997       7.9081165100000002      -0.0082096025359490
     10.7378607400000003      -6.8258404800000001       7.8197354800000003      -0.0391771861511039
      8.0805934199999996      -0.7626383799999999       7.7313544399999996      -0.0100643126677049
      5.9034834800000002      -7.1539041499999998       7.6429734099999997      -0.0310467322805827
      9.0900111799999994      -8.0967506300000007       7.3778303200000002      -0.0413018445022573
      4.4791259400000003      -5.5482493300000000       7.2010682600000004      -0.0149010930019813
     11.8822675300000000      -6.0263193800000003       7.1126872299999997      -0.0326785656625610
      6.8587480799999998      -8.2041907999999992       6.9359251700000000      -0.0376183636005472
     10.5305953500000005      -7.8990032000000001       6.6707820699999996      -0.0380975151712519
      4.8504830600000002      -6.9763341800000003       6.4940200099999998      -0.0250868751947237
      8.2677106200000008      -8.7332590600000000       6.2288769200000003      -0.0401915660799759
      5.8489744699999999      -8.1560209700000001       5.7869717700000001      -0.0336238830234095
      9.8271880300000003      -8.6105615600000007       5.5218286699999997      -0.0370798862686925
      4.1165718399999998      -6.3035748700000003       5.3450666099999999      -0.0177138856573897
      7.2825239000000002      -8.8345991799999997       5.0799235200000004      -0.0375510724656465
      5.0241759500000001      -7.6160530399999997       4.6380183600000002      -0.0275265335227459
      8.8777979800000004      -8.8726093400000003       4.3728752699999998      -0.0353841847699385
      3.8143614600000002      -5.3661958600000004       4.1961132100000000      -0.0093899604161720
      6.3783835900000003      -8.4416764400000002       3.9309701200000000      -0.0325731069899255
      4.5679914200000002      -6.7369862800000000       3.4890649599999999      -0.0189472194718618
      7.9125680799999998      -8.6285560599999993       3.2239218699999999      -0.0313474670242719
      5.7837384700000003      -7.6241434200000002       2.7820167200000001      -0.0240239941304417
      4.6485335599999997      -5.7002441900000003       2.3401115600000000      -0.0052380736232287
      7.1860366700000000      -7.8459366700000004       2.0749684700000000      -0.0223272475828828
     12.6295094100000007       1.2961144800000000       1.3645005600000000      -0.0182996349347313
     14.3578521699999992      -0.1605856000000000       0.9225954100000000      -0.0329295538072429
     11.4118472200000003       2.1106919500000001       0.6574523200000000      -0.0073468024106766
     15.0031935599999997      -2.4455044199999998       0.4806902500000000      -0.0375014849231405
     13.6556128399999999       1.1807159800000000       0.2155471600000000      -0.0300763445717607
     14.2437259300000001      -4.7851600100000002       0.0387851000000000      -0.0319179021879563
     15.0480085399999997      -0.8938982500000000      -0.2263579900000000      -0.0419904492511876
     12.2711092599999994      -6.3523310400000002      -0.4031200500000000      -0.0200736596998112
     12.4094581700000006       2.1350535800000001      -0.4915010800000000      -0.0187598543410701
     15.0655736000000005      -3.4371490900000001      -0.6682631500000000      -0.0421860512406838
     14.4353957099999999       0.5722050200000000      -0.9334062400000001      -0.0414331895255451
     13.6689597700000007      -5.5877166899999997      -1.1101683000000000      -0.0324553663710461
     15.2696407000000001      -1.8540360300000001      -1.3753113900000000      -0.0499270228576449
     11.3217192000000004      -6.6143788299999997      -1.5520734500000000      -0.0160676521030609
     14.6350911299999993      -4.3231841600000003      -1.8172165499999999      -0.0440939670457112
     12.7741743700000008      -6.0067416700000003      -2.2591217000000001      -0.0283946606621406
     10.6586505900000006      -6.7951558099999998      -2.9594285600000001      -0.0087593557385084
     12.3665485799999999      -6.2764789499999996      -3.5920506699999999      -0.0218077177787777
     11.3057353299999992      -6.5810327800000001      -4.6200616099999996      -0.0115142366936105
     11.6740582100000001      -5.7403633400000000      -6.2806946600000000      -0.0146549147108495
     10.6147957799999997      -5.1841883299999996      -7.3087055999999997      -0.0043760706708582
      8.8379164200000009      -4.5563528299999998      -7.7040944199999997       0.0023254973434810
      9.9029812899999996      -3.6169822800000002      -8.3367165399999994       0.0042467395168053
     14.6960227700000008       0.8608339500000000      -1.7771725199999999      -0.0419813401072773
     15.8171931699999995      -0.8069899300000000      -2.2190776699999999      -0.0464552048699822
     14.0674654100000005       2.0809583400000000      -2.4842207599999999      -0.0317059616663080
     15.7641447699999997      -2.9832450000000001      -2.6609828200000001      -0.0470202107410387
     15.7958081799999999       0.6242582700000000      -2.9261259200000000      -0.0406027310649151
     14.4124725799999993      -4.8559288199999999      -3.1028879800000002      -0.0417701346803483
     12.8498032299999991       2.8955358200000001      -3.1912690100000001      -0.0172634635129576
     16.4411495599999995      -1.6606605500000000      -3.3680310699999998      -0.0439293860376573
     15.0935688500000005       1.9655598400000001      -3.6331741599999998      -0.0323762403024901
     15.6816819400000007      -4.0003161499999997      -3.8099362299999999      -0.0428687122326750
     16.4859645499999985      -0.1090543900000000      -4.0750793200000004      -0.0386580419297253
     13.7090652700000000      -5.5674871799999996      -4.2518413800000001      -0.0337114240112157
     13.8474141799999995       2.9198974500000001      -4.3402224100000000      -0.0208391526374392
     16.5035296000000002      -2.6523052300000001      -4.5169844699999997      -0.0407946768790239
     15.8733517099999997       1.3570488800000000      -4.7821275600000002      -0.0307026732086015
     15.1069157799999996      -4.8028728300000001      -4.9588896299999998      -0.0376694486115206
     12.2956039199999996       3.2875090500000002      -5.0472706599999997      -0.0065740391674751
     16.7075966999999999      -1.0691921700000000      -5.2240327200000003      -0.0353349126566620
     12.7596752099999993      -5.8295349600000002      -5.4007947800000000      -0.0248599382363466
     14.7141257700000008       2.4522422900000000      -5.4891758099999999      -0.0197948846342300
     16.0730471299999991      -3.5383403000000002      -5.6659378699999996      -0.0362797620113327
     16.2542371800000005       0.4471404800000000      -5.9310809700000000      -0.0268274725545758
     14.2121303700000006      -5.2218978099999998      -6.1078430299999997      -0.0304936733297438
     13.2323187600000001       2.9698422400000002      -6.1962240599999996      -0.0064952843975021
     16.4270802399999987      -2.0205723500000001      -6.3729861200000002      -0.0303919180430157
     11.7944453100000004      -5.5854816700000001      -6.5497481799999999      -0.0153084161777173
     15.2414708399999999       1.6050538400000001      -6.6381292099999998      -0.0152913341269745
     15.2412030900000008      -4.0997498300000004      -6.8148912700000004      -0.0293958674662242
     16.1128830699999988      -0.5583398300000000      -7.0800343699999999      -0.0207978115410867
     13.1919351700000007      -5.1118209099999996      -7.2567964299999996      -0.0207249158413987
     13.8921196800000004       2.1755703600000000      -7.3451774600000004      -0.0009069876694987
     15.6404616399999998      -2.7132090400000002      -7.5219395200000001      -0.0226451994337289
     11.0679139000000006      -4.8028622900000002      -7.6987015799999998      -0.0056656815400622
     15.2145260100000002       0.5257110500000000      -7.7870826099999997      -0.0076438476082963
     14.1331987300000002      -4.0969301400000004      -7.9638446800000002      -0.0184398068801030
     15.3104651000000000      -1.4038478999999999      -8.2289877699999998      -0.0109781958917843
     12.2953773799999997      -4.2876519399999999      -8.4057498299999995      -0.0072808134244831
     14.3165666700000003      -2.7944832000000002      -8.6708929200000000      -0.0085344864336143
     12.8669772800000004      -3.0213792100000001      -9.1127980799999992       0.0018535269894713
      7.6586440800000002       5.5569635899999996      -4.4515407299999996       0.0154590696818531
      8.7256181399999999       5.2842692900000001      -5.4795516600000003       0.0178084900149500
     11.1015815700000005       4.1009485699999999      -5.8749404900000002       0.0034201856385359
      4.2064995800000000      -2.5035394000000002      -6.4552477100000001       0.0013906472249765
     10.0145721800000000       4.5216815400000003      -6.8087718300000004       0.0075361159295930
      5.5607072300000002      -3.3291628100000001      -7.1622959499999999      -0.0044570303038682
      3.7503150600000001      -1.6244726400000000      -7.6042011100000000      -0.0013840698102854
      7.0948917199999997      -3.5160424199999998      -7.8693441999999996      -0.0061243542367144
     10.5419172400000001       3.6744930899999999      -7.9577252300000003       0.0025568027590026
      4.9660621100000002      -2.5116297799999998      -8.3112493500000006      -0.0089426243451349
      8.4923815800000000      -3.0423816600000002      -8.5763924500000002      -0.0042124379011774
      9.1925660800000006       4.2450096100000003      -8.6647734799999991       0.0080309959618710
      3.8308572000000001      -0.5877305500000000      -8.7531545099999999       0.0001359564362033
      6.3683603099999999      -2.7334230399999999      -9.0182976000000004      -0.0118075290904294
     10.5149724199999994       2.5951502999999998      -9.1066786299999993       0.0016612897291175
      3.9883972100000000       1.4873120799999999      -9.1950596600000001       0.0148586423062760
      9.4336451399999994      -2.0274908900000002      -9.2834406900000008       0.0013677156615834
      7.8276840500000002       4.1004935600000003      -9.3718217199999998       0.0148103743651866
      4.9463468600000002      -1.3677414999999999      -9.4602027599999996      -0.0083073646221301
      7.5958237799999999      -2.2182126900000001      -9.7253458500000001      -0.0112702025867826
      9.2538377000000001       2.9971975400000002      -9.8137268800000008       0.0009981376839967
      4.6878648900000002       0.3700709200000000      -9.9021079099999998       0.0012051672572717
      9.6170130700000005      -0.7250439500000000      -9.9904889400000005      -0.0004303589245716
      6.8520190500000000       3.2172745300000001     -10.0788699699999995       0.0130056433504286
      6.2666805400000003      -1.3083229300000001     -10.1672510000000003      -0.0110879582733183
      9.5416182299999992       1.4629838700000000     -10.2556320299999992      -0.0027599120013875
      5.5528742299999996       1.6106385500000000     -10.3440130600000000       0.0062992541624780
      8.1674236899999997      -0.9519399600000000     -10.4323940999999998      -0.0095958531852993
      7.9744031599999996       2.3312594000000000     -10.5207751300000005       0.0008463127572895
      6.1888530700000004       0.0989874800000000     -10.6091561599999995      -0.0058095012430996
      8.4910005300000009       0.4971195200000000     -10.6975371900000003      -0.0067111071779671
      7.0795729100000004       1.2974992800000000     -10.7859182199999992      -0.0021164663342326
     -1.8644936400000001      -0.7592440000000000       7.2738259500000000       0.0177227834115428
     -3.3103481299999999      -0.0176423500000000       7.1947481800000004       0.0281208724896089
     -2.3773822999999998      -2.1656586899999999       7.1156704199999998       0.0182749859406677
     -1.4884152799999999       0.5612478900000000       7.0365926500000002       0.0169701777388802
     -0.7548411700000000      -1.8698875500000001       6.8784371200000001       0.0066425637143794
     -0.1137362400000000       0.1125121400000000       6.6412038300000003       0.0080794431397955
     -1.3135647600000000      -3.2963218099999998       6.4830483000000001       0.0049450575530230
      0.5621011600000000      -1.4326168100000001       6.2458150100000003      -0.0033345285915658
     -0.5721889400000000      -3.4842325199999999       6.2299380800000002      -0.0029646923071063
      1.0404286100000000      -3.1858659100000000       5.9647949899999997      -0.0106671932949922
      0.4784555000000000      -4.5899440499999997       5.5228898300000004      -0.0124328673909098
     -1.1159373100000001      -5.3279931600000001       5.0809846800000003      -0.0074439898592438
      1.7962777500000000      -4.5611803599999998       4.8158415899999998      -0.0132407625110744
      0.1484281900000000      -5.8320905099999996       4.3739364299999997      -0.0149686106077027
     -2.0828349099999999      -5.9395306699999999       3.9320312799999999      -0.0039582530674807
      1.5890123599999999      -5.6343430699999999       3.6668881899999999      -0.0144676929516336
     -0.6738723700000000      -6.4685989399999997       3.2249830300000002      -0.0141089404043093
      0.8856050500000000      -6.3459014399999996       2.5179347900000000      -0.0153196129739790
     -1.6590590900000000      -6.5699390600000003       2.0760296299999998      -0.0101061799960789
      2.2834555600000002      -5.5812870800000001       1.8108865400000000      -0.0043340579109348
     -0.0637850100000000      -6.6079492200000001       1.3689813799999999      -0.0144788003920198
     -2.5631993999999998      -6.1770163100000000       0.9270762299999999      -0.0029922211607847
      1.3886701500000000      -6.0003120699999997       0.6619331400000000      -0.0086931063656479
     -1.0290149099999999      -6.3638959300000000       0.2200279800000000      -0.0111463180585964
      2.4177428700000001      -4.8781640900000003      -0.0451151100000000       0.0092924556682092
      0.3684749500000000      -5.8902351700000004      -0.4870202600000000      -0.0098114820243751
      1.3097385100000001      -4.8753444000000004      -1.1940685099999999      -0.0010256615370210
      1.4931064500000000      -3.5728974600000001      -1.9011167600000001       0.0079103194808674
     -5.2711681199999996      -7.1726273799999998       2.4023371800000000       0.0207955696784445
     -6.8096923499999997      -7.8215967600000003       1.8354193800000000       0.0223334304896419
     -4.0784263300000001      -7.0590271299999996       1.4952687099999999       0.0144465754123857
     -8.5795485100000004      -7.3382409199999996       1.2685015900000001       0.0232284996138361
     -5.6424526200000003      -8.1512591400000005       0.9283509100000000       0.0200559112002203
     -7.6308140900000003      -8.1322800999999991       0.3614331100000000       0.0217886669806120
     -4.4481159200000002      -7.7900833699999996       0.0212824400000000       0.0179157625331960
     -6.3926599800000004      -8.3307937400000007      -0.5456353600000000       0.0213245034470759
     -8.2555013899999992      -7.6710111899999998      -1.1125531600000000       0.0208202173393808
     -5.2491411599999998      -7.8703302199999996      -1.4527038400000001       0.0229625459776166
     -7.0479441300000003      -7.7085555200000000      -2.0196216300000001       0.0212896734980070
     -6.0337931100000004       3.6172878100000001      -3.8932194800000000       0.0277260827499290
     -6.9795776099999998       2.8579344199999999      -4.8002879500000004       0.0244945936067502
     -5.3097853600000002       2.8613876299999998      -5.3672057500000001       0.0253573834344820
     -0.1222044200000000      -1.7004068999999999      -7.0966524499999997       0.0198370458696573
     -2.1873932599999999       0.4404953200000000      -7.4368031300000004       0.0236553031451265
     -0.3943706800000000      -3.5415190800000000      -7.6635702500000003       0.0171082760053380
     -1.0141831100000001      -0.8918530800000000      -8.0037209300000001       0.0220463106380002
     -3.3297735400000001       0.0792401800000000      -8.3438715999999999       0.0215254322863245
     -0.9682525000000000      -2.4805549199999999      -8.5706387199999998       0.0194587432723985
     -2.2742956300000001      -0.9311959700000000      -8.9107894000000005       0.0212860570383739
     -1.9921795899999999      -3.4196219499999998      -9.1375565200000004       0.0183305142649282
     -3.8615428900000000      -1.2690083200000000      -9.2509400799999995       0.0189212425919614
     -3.8832967699999998      -3.6051447200000002      -9.3643236400000003       0.0162624589956692
     -2.8395655799999999      -2.3567882600000001      -9.4777071999999993       0.0190647090303813
     -2.8900025199999999      -7.7579371999999998      -1.4159696900000001       0.0136872993936699
     -4.4285267599999996      -8.4069065799999994      -1.9828874800000000       0.0195880034493534
     -1.6972607399999999      -7.6443369399999996      -2.3230381599999999       0.0109552177131746
     -6.1983829200000002      -7.9235507299999997      -2.5498052800000002       0.0213517254579045
     -3.2612870300000001      -8.7365689599999996      -2.8899559600000000       0.0170493117846391
     -5.2496485000000002      -8.7175899099999992      -3.4568737500000002       0.0189974384412963
     -2.0669503300000001      -8.3753931900000005      -3.7970244300000000       0.0151583836519187
     -4.0114943800000002      -8.9161035500000008      -4.3639422300000001       0.0177186399593090
     -5.8743357999999999      -8.2563209999999998      -4.9308600299999998       0.0163820023890189
     -2.8679755600000001      -8.4556400299999996      -5.2710106999999997       0.0164821667917465
     -4.6667785300000002      -8.2938653299999991      -5.8379285000000003       0.0161788971474230
    -10.0661630800000008      -4.2695134399999999       4.9483314600000003       0.0248485894514872
    -12.0160176199999995      -3.1921464700000000       4.7215643399999996       0.0165558230470140
    -11.2648429500000002      -4.9403103399999999       4.3814136699999997       0.0218425403107787
     -9.0500601199999995      -5.3029965900000002       4.0412629899999999       0.0279693473267280
    -12.6781099099999999      -4.3114323299999997       3.8144958700000000       0.0195131835338245
    -10.5885843499999996      -5.9519659699999998       3.4743451900000002       0.0230249123946500
    -12.3584405200000003      -5.4686101300000001       2.9074273900000001       0.0207183859735132
    -11.4097060900000002      -6.2626492999999996       2.0003589200000000       0.0209898112321092
    -13.0545199800000002      -5.0881472099999998       1.4334411199999999       0.0203075444722352
    -13.7939915400000004      -2.1468927600000001      -2.2753824200000001       0.0180838761308770
    -13.2688887199999996      -0.2731410400000000      -2.8423002099999999       0.0138869792302998
    -13.1793140999999991      -3.2042084700000002      -3.1824508900000001       0.0176101822535344
    -11.8283742299999997       0.8630551200000000      -3.4092180100000000       0.0145145091150134
    -13.1112262400000006      -1.4632635199999999      -3.7493686899999998       0.0166490956185292
    -12.0674144999999999      -3.6566359600000000      -4.0895193599999997       0.0167064446216507
    -12.0558148900000006      -0.3323709800000000      -4.3162864799999996       0.0161420864904791
     -9.9536261899999996      -3.9900135099999998      -4.4296700400000004       0.0122388688338937
    -12.0645735900000002      -2.2350699999999999      -4.6564371600000003       0.0166723105659621
    -10.6903513300000004      -0.4817401800000000      -4.8832042800000002       0.0162263682161914
    -10.7121052199999998      -2.8178765800000001      -4.9965878400000001       0.0143614736572104
     -8.9527687399999998       5.6456198799999999      -1.2898481700000000       0.0089424293265523
     -7.0863807100000002       5.2509748399999996      -1.8567659700000001       0.0146755324705730
     -9.8985532400000000       4.8862664899999997      -2.1969166499999999       0.0118183043245743
     -5.9131705600000002       3.9186264400000002      -2.4236837699999998       0.0295737100699256
     -8.2287609899999996       4.8897196999999997      -2.7638344400000001       0.0171203216675053
    -10.1259938999999992       3.6908403999999999      -3.1039851199999999       0.0150016972775191
     -7.1732830900000000       3.8792835499999998      -3.3307522399999998       0.0255419524406690
     -8.7605303400000007       3.5414712000000002      -3.6709029200000001       0.0206070563843035
     -9.8849369399999993       5.3522856799999996       6.4128939599999999       0.0009866031987329
    -11.4578626799999999       6.1597593300000000       6.0727432800000001       0.0052514716652325
    -10.0550097300000001       6.7011974399999996       5.5058254800000004      -0.0020426007834899
    -12.6358475699999993       6.5278925799999996       5.1656747999999997       0.0077126932898963
    -11.0430896199999999       7.3793532700000002       4.5987570099999999       0.0022952767380318
    -12.2756260099999999       7.3566374999999997       3.6916885300000000       0.0055509292699796
    -10.2743417400000006       7.6183253899999999       3.1247707400000002      -0.0027266548087610
    -11.5148825099999996       7.4843601399999997       2.2177022599999998       0.0023497530416812
     -9.6484944699999993       7.0897151100000002       1.6507844700000001      -0.0052490280203195
    -15.8792145799999993       3.0483839000000001       6.7246558099999998       0.0093329959092063
    -16.8966495200000004       1.9836490400000000       6.3845051300000000       0.0104597616341433
    -15.6387605399999998       4.4236574299999996       6.1577380100000001       0.0106499439523926
    -17.4544667300000000       3.2912031700000002       5.8175873300000003       0.0126145387593368
    -16.8167454300000010       4.7917906800000001       5.2506695399999996       0.0123967043257220
    -18.3013595600000016       2.4404482700000001       4.9105188599999998       0.0131582463395166
    -15.2239874900000007       5.6432513699999998       4.6837517399999999       0.0107309028963876
    -17.9137340199999997       4.2856087399999998       4.3436010600000001       0.0130388991042629
    -18.4542770500000017       1.2270393900000001       4.0034503900000002       0.0127151252612006
    -16.4565238700000016       5.6205356000000002       3.7766832699999999       0.0107809375357277
    -18.5742831600000002       3.2306041599999999       3.4365325900000001       0.0128187461991782
    -17.5188116600000008       4.9542188999999999       2.8696147900000000       0.0107465712750887
    -18.0820793600000016       3.8527087099999999       1.9625463200000000       0.0100452790926493
    -16.1870741900000006      -3.1335804700000001       2.9176609899999999       0.0155081361289877
    -15.2383397600000006      -3.9276196500000000       2.0105925199999999       0.0187402343589476
    -16.8831536500000006      -2.7531175600000002       1.4436747200000000       0.0163470116698203
    -14.0001856500000006      -4.1261332900000003       1.1035240399999999       0.0216331778230234
    -15.8630270600000003      -3.4663507400000002       0.5366062500000000       0.0187354443319965
    -16.9405065000000015      -1.9191245900000000      -0.0303115500000000       0.0153167287101859
    -14.6554698000000005      -3.5038950700000000      -0.3704622300000000       0.0202946350060706
    -15.8286069000000005      -2.3715520699999999      -0.9373800300000000       0.0170294337317216
    -14.4732976200000003      -1.5327926999999999      -1.8444484999999999       0.0163363276834367
      0.4979011500000000       4.3729502900000004       7.8629965100000003       0.0075504563912432
     -0.9504896100000000       5.1145248700000003       7.7496129500000004       0.0060974924819774
      0.8628901600000000       5.6823247500000003       7.5228458299999996       0.0068277413478945
     -1.9679245500000000       4.0497900099999997       7.4094622699999997       0.0087701974482037
     -0.7100355699999999       6.4897983999999997       7.1826951499999998       0.0028666870930110
      2.1722546600000001       5.2177408800000000       6.9559280399999999       0.0061038643450537
      0.6928173800000000       7.0312365000000003       6.6157773600000001       0.0053620142428557
     -1.8880204599999999       6.8579316400000003       6.2756266800000002      -0.0083167050153286
      2.2861916600000001       6.4185754499999996       6.0488595600000004       0.0068480361668151
     -0.2952625200000000       7.7093923400000000       5.7087088799999997       0.0006412592101128
      1.6126800400000001       7.4333257100000001       5.1417910899999999       0.0064588456835963
     -2.8494010699999999       9.1541514700000004       2.4794573700000000      -0.0161645270137214
     -1.2566431300000001      10.0056121600000001       1.9125395700000001      -0.0029420680556242
     -2.4891795200000000       9.9828963999999996       1.0054711000000001      -0.0039591248085316
     -3.5514673000000001       9.3165797000000001       0.0984026200000000      -0.0049296202674540
     -1.7284360100000000      10.1106190399999996      -0.4685151800000000       0.0022365486099147
     -4.1147349999999996       8.2150695000000002      -0.8086658500000000      -0.0027668037586430
     -2.6742205100000001       9.3512656500000002      -1.3755836500000000       0.0034581388683037
      4.4334812599999998       6.8636876100000004       3.3322546300000000       0.0045568619936311
      5.0116764500000004       5.3832236699999996       2.7653368399999998       0.0001078360914093
      4.5474182599999997       8.0645221800000009       2.4251861600000000       0.0046008557074835
      5.5170272400000000       6.4759294199999999       1.8582683600000001       0.0009705400722098
      3.8739066499999999       9.0792724400000004       1.5181176900000000       0.0045129865012150
      5.3221372100000002       7.7017224300000002       0.9511998900000000       0.0028068983575196
      4.5217500299999998       8.6662070799999995       0.0441314100000000       0.0042136720533463
      5.4257480700000000       6.9247986800000003      -0.5227863800000000      -0.0029769056049602
      4.5337693799999998       7.7333524999999996      -1.4298548600000001       0.0018555924401404
     -5.2428215399999996       4.5233405400000004      -2.6615203099999998       0.0234441601759450
     -4.7506177400000000       5.1454450899999999      -4.1355065800000004       0.0182951199222110
     -4.5929552600000001       3.9553226000000001      -5.0425750499999999       0.0226480750477691
     -3.5463026000000002       3.1835161200000002      -5.9496435300000003       0.0219219687876340
      1.3902875600000000       9.1360287000000007      -3.6797425600000002       0.0100944602585571
      3.1773256299999999       8.2079246000000001      -4.2466603599999999       0.0106447143615789
      0.1497467900000000       9.0020634600000005      -4.5868110399999997       0.0109974505484516
      4.0813236699999997       6.4665162000000000      -4.8135781599999996       0.0120268281405131
      2.0161348299999999       8.6074184200000001      -5.1537288400000003       0.0127260889929666
     -0.7960377000000000       8.2427100699999993      -5.4938795100000002       0.0116884120240996
      3.1893449700000001       7.2750700200000002      -5.7206466300000001       0.0155095063691206
      0.8737545400000000       8.2461632799999993      -6.0607973099999999       0.0137323975632846
      3.2352755800000002       5.6863681799999997      -6.2875644299999998       0.0219742628441537
     -1.0234783599999999       7.0472839799999996      -6.4009479899999997       0.0130310878756958
      1.9292324500000000       7.2357271299999999      -6.6277151099999996       0.0164244092343893
      0.3419852000000000       6.8979147799999998      -6.9678657800000003       0.0152466720673772
      1.3639625000000000       5.8101348399999999      -7.1946329000000002       0.0184603961411476
      1.0790222300000001      -1.7331458500000001      -6.7635569400000000       0.0162410446520163
     -0.0941148800000000      -0.6008028500000000      -7.3304747399999997       0.0211469760910248
     -0.0825152700000000       2.7234621200000002      -7.5572418600000004       0.0206537603473862
      2.0196734400000000      -0.9341804100000000      -7.6706254200000004       0.0134848109097341
      2.8701955500000000       2.9119052700000001      -7.7840089800000003       0.0281119095537541
     -0.0912739600000000       0.8207631000000000      -7.8973925400000002       0.0208561987906712
      3.1523115900000001       0.4234793000000000      -8.0107760999999993       0.0126436561559231
      1.2829482999999999       2.5740929299999999      -8.1241596600000001       0.0211531395981126
      1.2611944100000001       0.2379565200000000      -8.2375432199999992       0.0177791023344689
      2.3049255999999998       1.4863129900000001      -8.3509267800000000       0.0197149620228600
      1.0738474800000000      -3.4386179600000002      -2.2441597899999999       0.0049656314669306
      2.6903758199999999      -4.1759154000000001      -1.3781110100000000       0.0194349825749640
      3.6391102499999999      -4.9699545799999996      -2.2851794900000000       0.0192355424034645
      1.9942963600000001      -3.7954524900000002      -2.8520972800000002       0.0147059466508104
      4.8772643599999999      -5.1684682200000003      -3.1922479600000000       0.0197120775130841
      3.0144229500000002      -4.5086856700000002      -3.7591657600000001       0.0167045409097071
      4.2219802099999999      -4.5462300000000004      -4.6662342299999997       0.0159486835364611
      3.0488431100000000      -3.4138869999999999      -5.2331520300000003       0.0144784051306281
      5.1626314200000003      -3.7472645600000001      -5.5733027100000001       0.0108001185595299
      8.8242360499999997       2.4871674800000001       4.6002048499999999       0.0020827265580152
      7.2513103100000000       3.2946411300000000       4.2600541700000001      -0.0018579695609588
      8.6541632600000007       3.8360792400000001       3.6931363699999999       0.0031106133951262
     10.2475375399999997       3.2234181799999999       3.1262185800000002       0.0039228418176052
      7.6660833600000000       4.5142350699999998       2.7860678999999999       0.0019668125550183
      9.5740259299999995       4.2381684399999999       2.2191500999999998       0.0047872251112828
     11.0222564900000002       2.8606184300000002       1.6522323100000000       0.0010622849517894
      8.4348312500000002       4.7532071800000004       1.3120816300000000       0.0038463549416576
     10.2218693100000007       3.8251030799999999       0.7451638300000000       0.0054589540389429
      3.5260656300000002      -5.4398338099999997       1.2491910300000000       0.0090378175924357
      2.8707814800000002      -4.8175955899999998      -0.2247952400000000       0.0160351276466777
      5.5710457699999996      -6.9897478299999998       1.2768844699999999      -0.0056246922770420
      4.3558411499999998      -5.4698938300000002       0.7099666700000000       0.0130936242503914
      6.5197801999999996      -7.7837870100000002       0.3698159900000000      -0.0028198272131803
      4.8749663099999996      -6.6092849200000003      -0.1971018000000000       0.0078741293803759
      7.7579343100000004      -7.9823006500000000      -0.5372524800000000      -0.0009808493936383
      5.8950928999999999      -7.3225180999999999      -1.1041702799999999       0.0068100196062773
      8.9014531300000002      -7.5218371299999998      -1.4443209600000000      -0.0006636142334600
      4.8176134599999996      -5.7752919499999997      -1.6710880800000001       0.0171245010808967
      7.1026501599999996      -7.3600624300000002      -2.0112387500000000       0.0067124924890187
      5.9295130599999997      -6.2277194400000004      -2.5781565500000001       0.0146366370264168
     14.3403545599999998      -5.2176218099999998       4.9544619599999997      -0.0130123626969443
     13.7806794400000001      -6.9023586000000003       4.3875441600000000      -0.0129567078735171
     12.2166531500000008      -7.9945906200000003       3.8206263699999998      -0.0164146091627444
     14.6936222799999996      -6.0810823200000002       3.4804756900000000      -0.0113856382710402
     13.4109898399999992      -7.6334148500000003       2.9135578899999999      -0.0114239140804351
     15.0537560399999997      -4.8806016000000003       2.5734072100000001      -0.0144102499467920
     11.4664457899999999      -8.1741252200000005       2.3466400900000002      -0.0140444483953708
     14.2585566999999998      -6.7143610699999998       2.0064894199999999      -0.0120698134432651
     12.6099646100000005      -7.7136616900000003       1.4395716199999999      -0.0114350645661787
     14.4822599200000006      -5.5171589799999996       1.0994209399999999      -0.0185382954856337
     13.2547119299999991      -6.7034646300000000       0.5325031500000000      -0.0156097170308236
     11.7614187700000006      -0.2117930600000000       7.1389118399999996      -0.0087778943792891
     10.1884930300000001       0.5956805900000000       6.7987611599999997      -0.0053203459861741
     13.0707832699999997      -0.6763769200000000       6.5719940399999999      -0.0091951227675011
     11.5913459799999998       1.1371187000000000       6.2318433600000001      -0.0036699643156197
     13.1847202600000006       0.5244576500000000       5.6649255700000003      -0.0060226407121213
     10.6032660900000000       1.8152745299999999       5.3247748899999996      -0.0001566881044148
     12.5112086500000004       1.5392079000000001       4.7578570899999999      -0.0033814273874135
     13.9594392200000001       0.1616579000000000       4.1909392900000002      -0.0093745875310596
     11.3720139699999994       2.0542466400000001       3.8507886199999999       0.0003431896406028
     13.1590520400000006       1.1261425500000000       3.2838708200000002      -0.0083242755210016
     11.9978612400000006       1.5256363600000000       2.3768023500000002      -0.0060224643939506
      6.0173435399999997      -2.5220278899999999       8.4930906999999998      -0.0077391194526975
      4.9999085900000004      -3.5867627500000001       8.1529400200000008      -0.0063602686234638
      6.2577975700000001      -1.1467543600000001       7.9261729000000001      -0.0042000645881153
      4.4420913799999999      -2.2792086199999999       7.5860222300000002      -0.0017707708935895
      3.5951985600000000      -3.1299635200000000       6.6789537499999998      -0.0027516850926261
      3.4422810600000000      -4.3433723999999998       5.7718852800000002      -0.0049294266501256
      7.7780462899999998      -6.8259853100000001      -3.8453884899999999       0.0077821827986249
      6.1332323999999998      -5.6514832200000003      -4.4123062900000001       0.0143172496659574
      9.0162004000000007      -7.0244989499999999      -4.7524569699999999       0.0022437986111647
      7.1533589900000001      -6.3647163999999998      -5.3193747599999996       0.0086029482597283
     10.1597192199999995      -6.5640354299999997      -5.6595254400000004      -0.0029405924846060
      6.0758795499999998      -4.8174902499999996      -5.8862925600000002       0.0096971240367374
      8.3609162500000007      -6.4022607300000001      -6.2264432400000000       0.0043572553003202
      7.1877791499999999      -5.2699177300000004      -6.7933610299999998       0.0056627614968789
      9.3015674599999993      -5.6032952900000002      -7.1335117099999996       0.0014040878648416
      7.1906200699999996      -3.8483517800000002      -7.3602788300000004      -0.0011552048842454
      8.5430884400000000      -4.4311583600000004      -7.7004295100000002       0.0022019346867275
     12.8952629800000000       2.3287915699999999      -8.0748845800000009       0.0084352435488100
     14.0684731299999992       0.9964431800000000      -8.6418023799999997       0.0071405898889374
     11.7528827000000007       1.9675364300000000      -8.9819530499999995       0.0118110459272209
      9.8440501800000000      -2.5556078499999999      -9.0953366100000004       0.0064232425281467
     14.1144037400000002      -0.5922586700000000      -9.2087201699999994       0.0070171677404218
     11.9578384900000003      -2.8889854000000001      -9.4354872899999993       0.0076122193289727
     12.8083606099999994       0.9571002800000000      -9.5488708500000001       0.0143963553330835
      9.8468911000000006      -1.1340418900000000      -9.6622544099999992       0.0045083792796845
     13.0904766499999994      -1.5313256900000001      -9.7756379700000000       0.0106414571578419
     11.2211133499999995       0.6192879300000000      -9.8890215300000008       0.0128996609565171
     11.1993594699999992      -1.7168484700000000     -10.0024050899999999       0.0126937929291095
     12.2430906600000000      -0.4684920100000000     -10.1157886500000007       0.0151710072470124
     11.4884570700000008       3.0033389700000002      -0.3998838600000000      -0.0033720016173930
     10.0090197799999991       4.8168345900000000      -0.7400345400000000       0.0058273305918348
     11.6023940600000000       4.2041735400000002      -1.3069523300000001       0.0001980674969850
      9.0209398899999993       5.4949904299999996      -1.6471030099999999       0.0054531208056297
     12.5720030499999993       2.6155807800000002      -1.8738701300000000      -0.0159081060196549
     10.9288824499999997       5.2189237999999998      -2.2140208100000001       0.0045592205703890
     12.3771130199999995       3.8413737900000000      -2.7809385999999998      -0.0055388848134221
      9.7896877700000005       5.7339625400000003      -3.1210892800000001       0.0077976222353797
     11.5767258399999999       4.8058584399999997      -3.6880070800000002       0.0024085307497757
     10.4155350400000000       5.2053522599999997      -4.5950755499999998       0.0080734937337752
      6.3278897000000001       5.6150473800000000      -4.9855678399999999       0.0200929972306554
      8.2358322600000005       5.3389807600000001      -5.5524856299999996       0.0215970324828163
      5.0953533200000001       5.5923316099999996      -5.8926363100000003       0.0269441886944435
      7.0966375800000003       5.8540194999999997      -6.4595541100000000       0.0265773579503055
      4.0330655300000000       4.9260149200000001      -6.7997047799999999       0.0322459511699904
      5.8560968200000003       5.7200542600000004      -7.3666225799999996       0.0308026213483785
      3.4697978300000001       3.8245047200000002      -7.7067732600000003       0.0326621624148942
      7.7224848499999998       5.3254092200000001      -7.9335403800000002       0.0235863963948546
      4.9103123200000001       4.9607008700000002      -8.2736910600000009       0.0321315529813511
      3.6274603100000000       2.6343822399999999      -8.6138417300000008       0.0267871424049275
      6.5801045699999996       4.9641540800000001      -8.8406088500000006       0.0265055660838982
      4.6828716600000000       3.7652747799999999      -9.1807595299999996       0.0281377392145608
      6.0483352200000002       3.6159055800000002      -9.7476773300000001       0.0214381663288066
     -4.5139036199999998       5.0518856699999999       8.4560330900000000      -0.0039339502719429
     -5.9627470499999999       5.7950301399999997       8.3770973600000005      -0.0089056922910480
     -4.1369619300000000       6.3752054700000000       8.2192258999999996      -0.0101367133409695
     -7.0060614899999996       4.7238445400000000       8.1402901700000001      -0.0029371174879316
     -5.7344705400000002       7.2204084699999997       7.9824187100000001      -0.0147130212720441
     -2.7589529000000002       5.9256497000000001       7.8245472500000002      -0.0053675234800998
     -7.6304203299999998       6.0751370099999997       7.7456115199999998      -0.0102551074838004
     -4.2757570200000004       7.8439767600000003       7.5877400599999998      -0.0157091948014099
     -7.0174171200000002       7.7059230799999998       7.3509328700000003      -0.0165146205112698
     -2.5280301299999999       7.2629711800000001       7.1930614100000003      -0.0105628886479465
     -8.6664798100000002       5.1972400199999997       7.1141256799999999      -0.0045555739114818
     -5.3215425400000003       8.7286395300000006       6.9562542199999999      -0.0189068342515988
     -8.3529856900000006       7.2793775800000002       6.7194470300000004      -0.0141807104714076
     -3.1468426500000000       8.5503262600000003       6.5615755800000004      -0.0162530281332955
     -6.7773229600000002       8.9366432000000007       6.3247683900000000      -0.0196342085294816
     -4.3950668899999998       9.4535076000000000       5.9300897399999997      -0.0197731018737812
     -8.2726432299999999       8.4257214099999995       5.6932825500000002      -0.0174002310273629
     -2.0110892300000001       8.5137593900000006       5.5354110900000002      -0.0132980152749518
     -6.0068661900000002       9.7535890700000003       5.2986038999999998      -0.0209165703259870
     -3.2952063900000002       9.6118898000000002       4.9039252500000003      -0.0184676523203784
     -7.6761565000000003       9.3597191899999999       4.6671180600000000      -0.0196368525778183
     -4.9662935800000003      10.1312899900000009       4.2724394099999996      -0.0205699022493420
     -9.0994987900000002       8.3138969800000009       4.0356322200000001      -0.0144567021312838
     -2.2361405900000002       9.2859280900000005       3.8777607600000001      -0.0146395869486931
     -6.7439910100000002       9.9606803199999998       3.6409535700000002      -0.0203273398770136
     -3.8582256699999999      10.0571872500000001       3.2462749199999998      -0.0183015394485224
     -8.3312685299999991       9.1165441800000000       3.0094677299999999      -0.0173391301715888
     -5.6490080400000000      10.1489156999999999       2.6147890800000000      -0.0192914750935813
     -7.3118599499999997       9.5534571400000008       1.9833032399999999      -0.0177464522755670
     -4.5728379900000000       9.8873060499999994       1.5886245900000000      -0.0160163086493377
     -8.5716587400000002       8.3895969099999999       1.3518174100000000      -0.0131907982026434
     -6.2039850400000001       9.5258624600000008       0.9571387600000000      -0.0158248594032422
     -7.4635755799999997       8.5716845599999996       0.3256529200000000      -0.0125327327850258
     -5.2086025200000003       8.9516040599999993      -0.0690257300000000      -0.0110437777781911
     -8.1049793999999995       7.2483693000000002      -0.3058329200000000      -0.0058750034865582
     -6.3089237999999996       8.0827096300000001      -0.7005115700000000      -0.0080135219241306
     -6.6236112399999998       6.7475511499999996      -1.3319974100000000       0.0001236187808011
     -4.1395383499999996       2.8584665100000000       8.7389877400000007       0.0103148797524035
     -5.5889683200000002       3.6021665999999999       8.6684687000000000       0.0057146410724016
     -4.6532610500000002       1.4469154600000000       8.5979496500000003       0.0180187571337491
     -3.7602022800000001       4.1848833299999999       8.5274306099999997       0.0028000054350557
     -3.0203551100000001       1.7409429599999999       8.3863925199999994       0.0150262825301866
     -2.3689263600000001       3.7379427299999999       8.1748353900000001       0.0073035156580765
     -7.2744188000000003       3.8893063799999998       8.1043163499999995       0.0038318777869470
     -3.5771907500000002       0.2942419800000000       8.0337973100000006       0.0218635847736799
     -5.6620682499999999       5.9114430499999999      -1.8388687100000001       0.0085572809355945
     -4.9476173799999996      -0.3679665300000000       8.5067055200000006       0.0222563842026062
     -7.2901575200000002       2.9285326700000001       8.4361864700000009       0.0111380586483030
     -3.5999014200000001       0.0670409300000000       7.9425531700000001       0.0227886991623940
     -8.5927278999999999       3.4355041200000001       7.8720341300000003       0.0078606142869297
     -7.1391887199999999      -2.6056502799999999       7.8015150899999997       0.0249185785762336
     -9.1549910299999997      -2.1870658199999999       7.4489198700000001       0.0214431605194534
    -10.3908133100000004      -2.1054059199999999       6.5321723100000000       0.0173835139607981
     -9.3823644000000002      -3.5059906700000001       5.9680199700000003       0.0243762351921575
     -6.7713066299999998       0.6659265700000000       9.0663598800000003       0.0188410036711417
     -8.2135037000000004       1.4049044100000001       8.9668035800000006       0.0156308487901704
     -7.2841266800000000      -0.7322313000000000       8.8672472899999999       0.0209310987250433
     -6.4027833599999999       1.9755295399999999       8.7676909900000002       0.0159938612322819
     -9.2376096400000005       0.3420876900000000       8.6681346999999995       0.0162705562527279
     -7.9793779899999997       2.7957710599999999       8.4690221000000001       0.0114581566211456
     -8.4914844899999995      -1.4225068000000001       8.3694658099999995       0.0207567102912023
     -9.8219246699999996       1.6628419299999999       8.1703532200000009       0.0122266197552250
     -9.9456886900000008      -0.8053930800000000       7.8716843299999999       0.0164870540452640
     -4.5806366900000004      -1.6336235600000000       8.1296180099999997       0.0231819232996777
     -5.0943593900000002      -3.0451746100000001       7.9885799300000002       0.0226081925052597
     -3.4614534500000000      -2.7511470999999998       7.7770228000000001       0.0192950494045832
     -7.8733945500000004      -3.1723401199999999       7.2833895000000002       0.0249391605835925
     -2.6248635100000000      -4.2143791400000001       6.8602752400000000       0.0127451651823520
     -8.9046493800000004      -4.4885864900000003       5.8024895900000004       0.0249542695564493
     -7.8962004600000002      -5.8891712399999996       5.2383372499999998       0.0247482591443564
     -4.4557030299999996      -7.0991108399999998       4.1100325599999996       0.0156031932064060
     -2.5586113500000001      -6.6346748199999999       3.5458802199999999       0.0015139321206341
     -3.6640678900000001      -7.1979428900000002       2.6291326599999998       0.0100481565330917
     -7.9549616299999997      -6.8176407899999996       3.7067022100000000       0.0235025336455088
     -6.4483066500000001      -7.5046418900000003       3.1425498599999999       0.0210679355400494
     -9.1497354200000007      -6.9495505800000004       2.7899546499999999       0.0223781774516425
     -4.6841712500000003      -7.5157558800000004       2.5783975200000002       0.0159249593700075
     -8.8026341299999995      -7.8042037500000001       1.3090547400000001       0.0206169362248261
     -3.8121463100000001      -7.6950541599999998       1.0974976200000000       0.0119733989732822
     -9.2531347999999998      -7.6595334099999999      -1.0885927200000001       0.0182253084291730
     -8.3899391600000008      -7.5408080799999997      -2.5694926200000001       0.0167824516675346
     -9.0784736099999996      -6.5599504499999997      -3.4862401799999998       0.0136045467681747
     -8.5327638100000005       1.9187794199999999      -5.5060598799999996       0.0169938950244024
    -10.0925999799999992      -2.1080845199999998      -5.7176170099999997       0.0107821744839001
     -9.2764010900000002       0.3914233000000000      -6.0702122200000002       0.0126601066193004
     -7.3261188800000001       1.9230981599999999      -6.4228074399999997       0.0167851876935359
     -9.2939594700000008      -1.1877587700000001      -6.6343645599999999       0.0088312491469047
     -5.0254900300000003       2.0787138800000000      -6.7754026500000002       0.0202890043739501
     -8.0363061299999998       0.6027204600000000      -6.9869597800000003       0.0122823977635562
     -6.1757322200000004       1.2374075899999999      -7.3395549899999999       0.0162428515175108
     -1.7332685299999999      -7.1534024199999999      -0.6054567400000000       0.0021569409089857
     -0.2580472100000000      -6.3110632899999999      -1.1696090800000001      -0.0038100702863133
     -0.7001129200000000      -7.4299270200000000      -2.0863566400000000       0.0054031386215740
      0.6579249400000000      -6.0720977500000002      -2.6505089900000001       0.0040508557109717
     -6.5281048999999998      -8.4315532199999996      -2.7915470700000000       0.0181442184441387
      1.4286478400000000      -4.2599824200000000      -3.2146613300000002       0.0094500409361018
      0.0813679400000000      -7.1648132699999998      -3.5672565500000002       0.0078297733063160
     -7.6597106100000003      -7.9299579500000004      -3.7082946300000001       0.0147601718026280
      1.1690119100000000      -5.4754317300000004      -4.1314088900000003       0.0088128244817618
     -0.8306104700000000      -8.0120970400000004      -4.4840040999999999       0.0111936719316468
     -8.5685084499999995      -7.0790072200000003      -4.6250421900000003       0.0113027787541746
      0.5255654800000000      -6.5394348400000002      -5.0481564499999996       0.0095434276799367
     -6.9786055700000000      -8.2868828800000003      -5.1891945300000000       0.0128148550378029
     -1.9655139699999999      -8.5111916200000000      -5.4007516600000001       0.0134246131221438
     -9.1433376600000003      -5.9827861300000000      -5.5417897500000004       0.0086015237973882
      1.2304286799999999      -4.6955781800000000      -5.6123087900000002       0.0109430486143260
     -5.0855686799999997      -8.8105554900000005      -5.7533468799999996       0.0142084290790194
     -0.4259442700000000      -7.3190585700000002      -5.9649040099999997       0.0110325704944572
     -7.8179217999999997      -7.3917254699999999      -6.1059420900000001       0.0098687790127272
     -3.1850414400000000      -8.5927267500000006      -6.3174992200000002       0.0136738909950225
     -9.3034965199999995      -4.7744708999999999      -6.4585373099999996       0.0068291631871382
      0.5217943200000000      -5.6852063800000003      -6.5290563500000003       0.0109040293510461
     -6.1154099300000002      -8.1681575500000001      -6.6700944399999997       0.0115739575304268
     -1.5729001899999999      -7.7008154500000003      -6.8816515699999998       0.0120907017674945
     -3.1817121700000000       1.6432914000000001      -6.9521706099999996       0.0219207984487007
     -8.2677341099999992      -6.2730097799999998      -7.0226896500000002       0.0077880065661944
      0.7575721900000000      -3.8898267999999998      -7.0932086900000000       0.0126880300626020
     -4.3280827899999998      -8.2214403600000008      -7.2342467800000003       0.0123381269945817
     -8.9990400800000003      -3.6138679400000000      -7.3752848699999998       0.0061435890261663
     -0.4960954200000000      -6.3191478200000004      -7.4458039100000004       0.0116374156763577
     -4.8940838700000002       1.3404335900000000      -7.5163229500000002       0.0186922307289166
     -6.8039443799999999      -7.1872999200000001      -7.5868419999999999       0.0094082921040766
      0.2851624400000000      -2.2438072700000000      -7.6573610399999996       0.0165642120360765
     -8.1828411899999995      -1.1143601200000000      -7.7278800800000003       0.0082826829525189
     -2.7669963399999999      -7.5878424600000001      -7.7983991200000000       0.0120777328103685
     -8.2145744000000001      -5.0721523199999998      -7.9394372100000004       0.0068724338434549
     -0.1107139100000000      -4.7239989299999996      -8.0099562500000001       0.0129993532932460
     -6.2325589800000003       0.4173147400000000      -8.0804752999999998       0.0140231211871473
     -5.2060310999999997      -7.3889703400000002      -8.1509943400000004       0.0106823857801359
     -8.2003995700000001      -2.6935421900000001      -8.2920324300000008       0.0069762604245334
     -1.7151032399999999      -6.4312645599999998      -8.3625514699999997       0.0121919172586402
     -3.9319301300000000       0.5729304600000000      -8.4330705100000003       0.0189485484381500
     -6.9665891000000002      -5.9595085100000000      -8.5035895499999992       0.0083647148337107
     -6.9427462300000000      -0.9030629600000000      -8.6446276399999995       0.0105536060043683
     -3.8157371900000001      -6.8715375400000003      -8.7151466800000001       0.0114162892752567
     -7.5166552299999996      -3.9755480400000001      -8.8561847700000005       0.0075836593636645
     -1.3930834000000001      -5.0292038500000000      -8.9267038099999994       0.0136361961280080
     -5.0821723199999997      -0.2683758300000000      -8.9972228600000008       0.0154888389477037
     -5.5582659799999998      -6.0718285500000002      -9.0677418999999997       0.0098968755977076
     -6.8347393500000004      -2.2923946800000001      -9.2087799799999992       0.0095436777998792
     -3.0046252500000001      -5.7455395200000003      -9.2792990300000007       0.0124303736012976
     -6.2635479399999996      -4.5733014299999999      -9.4203371100000002       0.0093240992375101
     -5.4277310800000000      -1.6417508500000000      -9.5613752000000005       0.0132320223807909
     -4.4034323400000002      -5.1993330200000001      -9.6318942399999994       0.0115959126862215
     -5.6138847299999997      -3.2904414900000001      -9.7729323299999997       0.0112673479180039
     -3.4018350300000000      -4.0825852300000003      -9.8434513700000004       0.0141178765764458
     -4.2391191099999999      -2.6851259500000002      -9.9139704099999992       0.0147348161225587
     -9.1817883100000000      -6.5291420499999999       3.4250425400000002       0.0233104110471061
    -10.3198909099999998      -6.9091623899999997       2.5082949800000001       0.0206422198356293
    -11.5361157999999993      -6.8287039099999998       1.5915474300000001       0.0185533711803778
    -13.9774044699999997      -4.8199638800000004       1.2389522100000001       0.0189504528336215
     -9.6501349800000007      -7.4266051900000001       1.0273950800000000       0.0201432524010592
    -12.6677215099999998      -6.3271086399999996       0.6747998700000000       0.0170970234786587
    -10.8816893799999992      -7.2517119399999999       0.1106475200000000       0.0174730710512065
    -13.5765193499999999      -5.4761579100000004      -0.2419476900000000       0.0165897352799220
    -11.9866164699999995      -6.6840335700000004      -0.8061000400000000       0.0158397687660852
    -14.1513485600000006      -4.3799368200000002      -1.1586952500000001       0.0168614219130205
    -10.0935795699999993      -7.2077061699999998      -1.3702523799999999       0.0169656847487438
    -12.8259326999999992      -5.7888761600000000      -1.7228475900000000       0.0152475985149039
    -14.3115074199999999      -3.1716215900000000      -2.0754428100000002       0.0167128103462097
    -11.1234208300000006      -6.5653082400000002      -2.2869999399999998       0.0150372145789177
    -13.2757450099999996      -4.6701604699999999      -2.6395951499999999       0.0155007329589978
    -11.8119552799999994      -5.5844506100000002      -3.2037475000000000       0.0145322479615650
    -13.1908520899999999       0.4884891900000000      -3.3447855799999999       0.0109726811343371
    -10.2140419900000001      -5.7861210300000003      -3.7678998400000001       0.0131659210618693
    -10.0901832200000001       1.3344734800000000      -4.6141283599999996       0.0162265179137187
    -10.5662768800000002      -4.4689792400000004      -4.6846474000000002       0.0123813462606321
     -9.6262683399999993       5.6513888500000000      -2.1300959200000000       0.0089179588197510
    -11.5669238199999995       2.0185605799999999      -3.8225529499999999       0.0117902085703925
    -10.1599155499999991       2.6692044099999999      -4.1751481699999999       0.0153858665705044
    -10.5959571300000004       2.2089927800000000       8.1104208599999996       0.0075643041958458
    -12.0453871100000001       2.9526928699999999       8.0399018099999999       0.0037248895437259
    -11.1096798400000001       0.7974417300000000       7.9693827700000002       0.0075887485928341
    -10.2166210599999996       3.5354095999999999       7.8988637300000004       0.0056274790877922
    -11.8193140299999992       4.3879684399999999       7.6873066000000003       0.0039313593810277
    -10.3497202399999999       5.0268133400000004       7.3347113799999999       0.0023611369616461
    -13.1218844099999998       4.8949398799999999       7.1231542499999998       0.0051444898610953
    -11.4064696800000007       5.9483230799999998       6.7705590400000002       0.0035398367066541
    -12.9015564299999994       6.1945848799999998       6.2064066999999996       0.0059022499364190
    -13.9022279799999993       6.7626015099999996       4.7255067899999998       0.0068805880591256
    -12.9612749300000001       7.5346986500000002       3.8087592300000002       0.0048025265333784
    -13.7354114200000001       7.4221985400000001       2.3278593299999999       0.0032397170119651
    -10.5479712299999999       7.9376535700000002       1.9752641200000001      -0.0024199036662544
    -12.5396373600000004       7.7610970999999997       1.4111117700000000       0.0012819562320630
     -9.3787075800000004       7.5283492200000000       1.0585165599999999      -0.0068699610007563
    -14.2972243100000007       6.8730296199999996       0.8469594300000000       0.0008444284957996
    -11.3136433000000007       7.6806799600000000       0.4943642100000000      -0.0001126920918004
    -13.1050092800000009       7.1096722400000001      -0.0697881300000000       0.0000946094273857
    -10.2180268900000009       7.1736365500000003      -0.4223833500000000       0.0003207481460308
    -11.9303985899999994       6.8707787400000004      -0.9865356900000000       0.0009123985415798
     -9.4296963999999992       6.2682341499999996      -1.3391309000000000       0.0050163945581509
    -13.2688737000000003       5.9476598899999997      -1.5506880300000001      -0.0004338195192659
    -10.9682448499999996       6.1032756099999999      -1.9032832500000001       0.0040958179713577
    -12.1184870399999998       5.2619693200000004      -2.4674355900000000       0.0029519503425703
    -12.4640457900000001       3.8885942999999998      -3.0315879400000001       0.0040222116706552
    -12.6501994399999997       2.2399036600000000      -3.2431450700000002       0.0066044539347097
    -12.9050325800000003       1.2724173400000001       8.1616876400000002       0.0031171033938620
    -14.3544625600000000       2.0161174300000000       8.0911685999999996       0.0038982879843452
    -13.4187552900000000      -0.1391337100000000       8.0206495600000007       0.0038389140202639
    -15.4030207800000003       0.9433413800000000       7.8796114700000004       0.0048714199219315
    -11.7858493400000004       0.1548937900000000       7.8090924299999998       0.0055119888408619
    -14.1283894900000000       3.4513929900000000       7.7385733800000001       0.0046426732411256
    -14.6561798999999997      -0.8716446500000000       7.6680543400000003       0.0047553156235711
    -16.0399130399999983       2.3032572099999999       7.5270162500000000       0.0067588141495154
    -12.3426849900000004      -1.2918071900000001       7.4564972100000002       0.0064902621531537
    -16.1977904399999986      -0.2662992200000000       7.3154591299999998       0.0059488447321563
    -15.4309598599999998       3.9583644400000000       7.1744210400000004       0.0073762962699515
    -13.9774206799999998      -2.0827899500000000       7.1039019999999997       0.0063190675807583
    -17.1102114100000016       1.4199478000000001       6.9628639100000003       0.0080831107677142
    -13.7155451300000006       5.0117476300000003       6.8218258199999999       0.0060935751304605
    -15.9932229899999996      -1.6642055000000000       6.7513067800000002       0.0066362207710711
    -12.6532784199999995      -2.6808640200000000       6.5397496500000001       0.0093154833064020
    -17.5352213100000007      -0.0013264300000000       6.3987115699999997       0.0080138810733992
    -15.2106318799999993       5.2580094400000004       6.2576734800000002       0.0083577136532380
    -15.0258225599999999      -2.8512205499999999       6.1871544399999996       0.0080701185222001
    -11.0786587000000001      -2.5596327099999998       5.9755973100000004       0.0152747333756977
    -17.2290452700000003      -1.5825456000000000       5.8345592200000000       0.0081164585543139
    -13.5191675799999995      -3.5382216500000001       5.6230020900000000       0.0110480073946029
    -18.4235523199999989       0.8200550700000000       5.4819640100000004       0.0098849009116222
    -14.4352842399999997       6.1792042699999996       5.3409259200000001       0.0078050731148700
    -16.2205963599999983      -2.9831303400000002       5.2704068800000003       0.0093811162867343
    -18.2530040299999996      -0.9599142100000000       4.9178116599999999       0.0092393224120819
    -14.6572701799999994      -3.9182419899999998       4.7062545399999998       0.0121326031651847
    -17.3664377799999983      -2.6077593900000000       4.3536593200000002       0.0102306542811377
    -18.9616486799999997       0.0255150700000000       4.0010641099999997       0.0099964119636038
    -15.2703503800000000       6.5981231999999999       3.8600260199999998       0.0071819805128985
    -15.8734950700000006      -3.8377835100000000       3.7895069800000001       0.0129046867409315
    -18.3147837399999993      -1.8290434799999999       3.4369117600000001       0.0104929563884451
    -13.9875142500000003      -4.4356847899999998       3.2253546300000000       0.0172251190106998
    -19.2859855799999984       1.2163800300000001       3.0843165500000000       0.0102301052979836
    -17.0051007799999994      -3.3361882399999998       2.8727594200000000       0.0131167236757754
    -18.9538012999999985      -0.7637833500000000       2.5201642000000000       0.0101902022577125
    -16.0444868700000001       6.4856230999999998       2.3791261200000000       0.0054608433386498
    -19.1970105999999987       2.4578039700000001       2.1675689899999999       0.0095295960222010
    -17.9138986200000012      -2.4852375100000001       1.9560118600000000       0.0124380966088857
    -17.6587916100000015       5.2893791300000004       1.8149737699999999       0.0069650693035754
    -19.2091978099999992       0.4536264100000000       1.6034166400000001       0.0093618710521621
    -14.8487128100000003       6.8245216600000003       1.4623785600000001       0.0022993285263659
    -18.7075580399999986       3.5978659400000002       1.2508214300000000       0.0076025996342786
    -18.4887278299999984      -1.3890164300000001       1.0392642999999999       0.0110360312114590
    -16.6062997699999997       5.9364541800000001       0.8982262100000000       0.0034755537955391
    -19.0464022499999999       1.6743685399999999       0.6866690800000000       0.0079078853310790
    -17.8720102199999999       4.4921743599999999       0.3340738700000000       0.0047946000373038
    -18.6488866900000012      -0.1807011900000000       0.1225167400000000       0.0092276549546231
    -15.4140847300000008       6.1730967999999997      -0.0185213400000000       0.0004698594270653
    -18.4713776699999990       2.7394987600000000      -0.2300784700000000       0.0058016965057437
    -17.6131242800000010      -1.6792400800000000      -0.4416356000000000       0.0120704372068214
    -16.7845940800000015       5.0067657099999998      -0.5826736900000000       0.0019101944601623
    -18.3444302499999985       0.9799017700000000      -0.7942308200000000       0.0071492227532630
    -14.2394740399999993       5.9342032900000001      -0.9352689000000000      -0.0014285782031891
    -17.5282313599999995       3.4794095899999999      -1.1468260299999999       0.0033944031083397
    -17.5599645700000018      -0.4783826100000000      -1.3583831600000000       0.0093198183221759
    -15.5779491500000002       5.0110844500000002      -1.4994212499999999      -0.0002025667268075
    -17.5457897400000000       1.9002275200000001      -1.7109783800000000       0.0049576890079539
    -16.3119792699999984      -1.3657387999999999      -1.9225355099999999       0.0118500593288502
    -16.2881363999999991       3.6907067499999999      -2.0635735899999998       0.0014829721127612
    -16.8620453999999995       0.6182216699999999      -2.2751307199999999       0.0067800509268920
    -14.4275624899999997       4.3253938800000000      -2.4161688099999998      -0.0003234838517017
    -14.9036561499999998      -1.4780588400000001      -2.4866878500000000       0.0135375450156694
    -16.1801295200000013       2.3013750300000000      -2.6277259399999999       0.0033454371175505
    -15.6089381100000004       0.0204682700000000      -2.8392830600000001       0.0084074566329306
    -14.7731212500000009       2.9520188599999999      -2.9803211500000000       0.0019875638856242
    -14.9592748899999997       1.3033282200000000      -3.1918782800000001       0.0055522735184717
    -13.5845092800000007       1.9086437599999999      -3.3329163700000000       0.0054994355478790
     -5.1622985400000001      -4.4693049299999998       7.6697108600000004       0.0207409227140580
     -3.5619556200000000      -4.1672089699999999       7.3710419700000003       0.0174148436283836
     -6.3696563499999996      -5.1595804300000001       7.1719293799999999       0.0220240135207028
     -4.1288259099999998      -5.5418310599999998       6.8732604899999998       0.0168051094902815
     -7.8238605500000000      -4.5424667100000002       6.6741479000000004       0.0245982172923931
     -5.6957600399999997      -6.2409281700000001       6.3754790100000003       0.0200847865750582
     -2.8662967400000001      -5.4780831699999997       6.0768101200000002       0.0108004277003957
     -7.5498778299999998      -5.7852236499999998       5.8776975299999998       0.0237906219538253
     -4.4748294199999998      -6.6724513300000003       5.5790286399999998       0.0163720358518802
     -6.6007294500000002      -6.7292008399999999       5.0812471600000002       0.0221163666338100
     -5.2652114399999999      -7.1282468799999998       4.2847967999999996       0.0188898613169179
      0.5328168300000000       3.3134898700000002       8.2895320300000002       0.0057131667663626
      0.0190941300000000       1.9019388200000000       8.1484939399999998       0.0067130152525863
      1.6520000800000001       2.1959663300000001       7.9369368099999997       0.0016849551389519
     -1.2183304800000001       1.1694278899999999       7.7958987300000002       0.0122457329800625
      2.3034288200000002       4.1929660899999996       7.7253796799999996       0.0029506760055789
      1.0951644300000001       0.7492653400000000       7.5843416000000001       0.0016163488622425
      2.9997160300000001       2.6309737900000001       7.3727844700000000      -0.0022527549388620
      2.5553663000000002       5.5554691099999998       7.1612273399999999       0.0040876637172786
      2.4885900099999998       0.7327342900000000       7.0201892499999996      -0.0060752821882737
      3.7636653199999999       3.8339845399999999       6.8086321200000004      -0.0015307565713982
      3.8272254600000002       5.3800449400000003       6.2444797799999998       0.0017596665724113
      4.5926997900000002       2.9243127699999998       5.8918845600000003      -0.0089571715813328
      3.1585541899999998       6.9108462299999998       5.6803274400000001       0.0041597305603851
     -0.9974348200000001       8.2202768000000006       5.4687703100000000      -0.0056388299610042
      4.7824458600000002       4.6528775299999996       5.3277322199999997      -0.0016568553653507
      1.8475823199999999       8.1094342299999997       5.1161750899999996       0.0036842362679472
      4.2477188200000002       6.4053054800000000       4.7635798800000000       0.0029944796624939
      5.0812714999999997       5.5136801999999996       3.8468323199999999       0.0004687626257009
      0.1089114700000000       8.9053662100000004       4.7646835899999997      -0.0015108412780158
      2.3315242700000001       8.7430412299999993       4.4120883800000001       0.0026759876937952
     -1.3861752800000000       9.1516280200000004       4.2005312500000000      -0.0091287475750619
      4.2138326399999997       7.2325909800000003       4.0594931599999997       0.0037811052998684
      1.0626633200000000       9.7095332699999997       3.8479360300000001      -0.0001453192337273
      3.5451613700000002       8.7633922700000007       3.4953408200000000       0.0033110427795826
     -0.6108276400000000      10.0728228499999997       3.2837836899999999      -0.0039647225785870
      2.2341894999999998       9.9619802699999997       2.9311884799999999       0.0014103642450038
      0.4794185100000000      10.5844956900000007       2.3670361299999998      -0.0007829377483972
      3.4236755200000002       9.7289806999999993       2.0144409200000002       0.0029196563374327
      1.7023654200000000      10.6637921799999997       1.4502885700000001       0.0011950828703817
     -0.2775461600000000      10.8971264300000001       0.8861362300000000       0.0000928295983407
      2.8956344999999999      10.3211223899999993       0.5335410100000000       0.0028027096916041
      0.9674099200000000      10.8946967099999998      -0.0306113300000000       0.0020018488761231
      3.9131271000000001       9.6048835700000001      -0.3832065500000000       0.0038238661886503
     -1.0242562099999999      10.7181402400000003      -0.5947636700000000       0.0019907030799082
      2.1366735700000001      10.4853923600000005      -0.9473588900000000       0.0036173183238262
      4.6285777299999999       8.6007733300000009      -1.2999540999999999       0.0031866210360505
      0.2017378500000000      10.6377231000000005      -1.5115112300000000       0.0038537721927057
      3.0811165200000001       9.7121955999999994      -1.8641064500000000       0.0050077796868635
     -1.5896281299999999      10.0667153799999998      -2.0756635800000001       0.0044929972741912
      4.9391923300000000       7.4291571999999997      -2.2167016600000000      -0.0001575812731112
      1.2973542600000001      10.1306796800000001      -2.4282587900000001       0.0058569042493133
     -0.4150174400000000       9.8278218699999993      -2.9924111400000002       0.0067703292882690
     -4.7073053700000003       7.1310365899999999      -2.0081393500000000       0.0041579367947229
     -5.4599628200000003       5.2651153300000004      -2.5722916900000001       0.0165072898172411
     -3.9217438300000000       8.0966904900000003      -2.9248869100000001       0.0058134191652535
      3.8257182799999998       8.5185763399999992      -3.0659250000000000       0.0061674466171340
     -1.1116650299999999       9.6318330099999994      -3.2774821200000002       0.0069105609613800
     -4.9705102600000002       6.4051773000000001      -3.4890392499999998       0.0113039216376905
     -2.8692519800000000       8.7437655299999992      -3.8416344699999998       0.0070442271021456
      4.5411689099999997       7.5144661099999999      -3.9826725500000002       0.0067440901490130
      0.1143290300000000       9.5514158699999996      -4.1942296800000003       0.0089538280113075
     -4.1349624299999999       7.2994857199999998      -4.4057868100000004       0.0094697978765694
     -1.6770369500000000       8.9804081599999996      -4.7583820299999999       0.0085740669412822
     -4.7343298899999997       5.5468101200000000      -4.9699391600000000       0.0152230988978275
     -3.0475462900000001       7.8140770699999997      -5.3225343699999996       0.0093777871544596
     -3.7911835800000002       6.2867209500000003      -5.8866867200000002       0.0122744920333879
     -1.8409013700000001       7.8183958100000002      -6.2392819299999998       0.0106066621963414
     -3.8087419599999999       4.7075388800000004      -6.4508390599999998       0.0159408503453271
     -2.5510886199999998       6.4980181100000003      -6.8034342700000003       0.0119344731689566
     -3.1249976199999998       3.4255330200000000      -7.0149914000000004       0.0180743933916716
     -0.6905147100000000       7.1327052399999999      -7.1560294899999999       0.0128174265521466
     -2.4430817399999998       5.1086863899999999      -7.3675866200000000       0.0141374317384759
     -1.8718903200000001       2.8277796300000002      -7.5791437500000001       0.0184998473174858
     -1.0360734599999999       5.7593302199999998      -7.7201818299999996       0.0139182250690553
      1.4511793500000001       5.1815830500000004      -7.8612199199999999       0.0184845081664022
     -1.2222271099999999       4.1106395800000000      -7.9317389599999997       0.0160957102608990
      0.1525385000000000       4.7159551200000003      -8.0727770499999991       0.0165921390506192
      1.6640397200000001      -3.1603580500000001      -5.8539647800000001       0.0127763605402293
      3.2251261699999998      -2.5267601499999999      -6.4181171299999997       0.0080710527804406
     -1.5245327200000001       1.0855342600000000      -7.4759027700000003       0.0217093364621661
      2.5142981799999999       4.2005043700000000      -7.9695360700000002       0.0235693069722060
      0.5643914300000000       3.4193314500000000      -8.1810931999999994       0.0188802431024406
      6.3222630600000000       5.6975692400000000       1.1584650000000001      -0.0042643466343861
      7.4580164800000004       5.6610023700000003       0.1323005100000000      -0.0027869648969698
      6.1738993300000002       6.7591327799999998      -0.4991853300000000      -0.0042617146506210
      7.2329651200000002       6.4331710700000002      -1.5253498200000000      -0.0026282695507902
      5.6108800399999996       7.2044302299999998      -2.1568356600000000      -0.0019874843849408
      6.6016894400000004       6.7039589199999998      -3.1830001499999998       0.0014755325394766
      5.7565091500000003       6.3257000899999998      -4.8406504699999999       0.0126867317789952
      4.8783662500000000      -4.0027500199999997      -5.9695398800000001       0.0082535232654735
      7.7128648699999998       2.3389747399999998       5.6576039199999997      -0.0043021545208859
      6.6561154299999998       3.2604844800000001       5.0934515800000000      -0.0058333119423892
      5.9363763199999999       4.4279411099999999       3.6125516800000002      -0.0033062327840767
      4.0771187600000003      -0.1739680800000000       7.4924440199999998      -0.0091112975372063
      5.9029038700000003       0.4062072500000000       7.3345725599999998      -0.0085758505585609
      3.0338043099999998      -1.2451536900000000       7.2556368300000003      -0.0077569124159673
      4.3053952600000001       1.2514102400000000       7.0977653700000003      -0.0106216388330935
      2.4094454700000001       0.1061387800000000       6.8609581799999999      -0.0075804536327695
      5.7641087899999999       1.8749785299999999       6.7030867199999999      -0.0102878696819140
      2.2598274100000002      -2.4403889300000001       6.6241509900000004      -0.0078771643175415
      7.5118356700000000       1.2939729499999999       6.3084080800000004      -0.0061667502524188
      4.7183232600000000       2.7596413000000002       6.0716008900000000      -0.0095186872393960
      2.4812476900000000      -3.8016128000000000       5.9926651599999996      -0.0081126602151826
      6.8930231500000003       2.5813280399999998       5.6769222399999997      -0.0070018884498104
      5.6447989099999996       3.4845093800000000       5.0454363999999998      -0.0075178305013068
      9.0344197600000005      -8.4213004300000005      -0.0656042300000000      -0.0071047491143261
     10.9448799700000006      -7.8765084600000002      -0.6297565800000000      -0.0104858272874075
      3.7670562799999998      -5.3481029700000002      -0.7707946600000000       0.0169219022892300
      9.7253524999999996      -7.9580435899999999      -1.5465041399999999      -0.0052489976354124
      8.5823111500000007      -7.5867572000000001      -2.4632516899999999       0.0013122599581372
     10.9485098900000004      -1.9213982199999999       8.6905755199999994      -0.0199007252655328
     12.3397857999999996      -2.3683388200000000       8.3379803100000007      -0.0179251518743797
     10.8154107100000001      -0.4299944800000000       8.1264231799999997      -0.0121636465501744
     13.0360730199999999      -3.9303311200000000       7.9853850900000003      -0.0200841388909616
     12.5917232899999991      -1.0058358000000001       7.7738279700000001      -0.0122455277210669
     12.5249469999999992      -5.8285706199999998       7.6327898799999998      -0.0257670000934240
      9.7586612699999993       0.4915152600000000       7.5622708400000000      -0.0078343014380238
     13.8000223099999992      -2.7273203700000002       7.4212327499999997      -0.0148380533976180
     13.7958335200000004      -5.0332023699999997       7.0686375400000001      -0.0181597968499965
      8.2635745200000006       0.7377770600000000       6.9981184900000004      -0.0056935909224265
     13.8635824400000001      -1.1812599699999999       6.8570804100000000      -0.0111162737286890
     12.3955477100000007      -7.0798650800000003       6.7160423199999997      -0.0254159829924241
     14.6290567700000000      -3.6369921399999998       6.5044851899999996      -0.0142686770890634
     13.8707690199999991      -6.2375259600000001       6.1518899800000000      -0.0171892135455707
      9.0389221699999993       1.6589718899999999       6.0813709300000003      -0.0025520838520343
     14.8188028500000009      -1.9084273800000000       5.9403328499999999      -0.0120730313902051
     11.7191742100000003      -8.0695680099999993       5.7992947600000004      -0.0264308146916328
     14.9445756599999999      -4.7933779799999998       5.5877376300000003      -0.0138282465574164
     13.4287033200000003      -7.3563896900000003       5.2351424199999999      -0.0167159914696278
     15.3967048900000005      -2.9683790600000002       5.0235852899999998      -0.0132544135469779
     15.1176284899999995      -1.0476247200000000       4.4594329400000001      -0.0126686833473286
     12.5911991600000004      -8.2488662999999995       4.3183948599999997      -0.0171148042739446
     15.5574640800000008      -4.1864450900000003       4.1068377299999996      -0.0136601372123728
     15.6028391600000003      -2.1874835400000001       3.5426853899999999      -0.0157575435360187
     11.4857426100000009      -8.8121343700000008       3.4016473000000000      -0.0180830905379601
     14.9038693200000001      -0.3010905000000000       2.9785330399999999      -0.0164702341743954
     15.6870246000000009      -3.4295923699999999       2.6259378299999998      -0.0179089804621242
     10.2528420499999999      -8.9824462599999997       2.4848997399999999      -0.0181654263766902
     13.5628768999999991       1.1910326099999999       2.4143807000000002      -0.0140257500193002
     15.3241658199999993      -1.4692790700000000       2.0617854800000002      -0.0228363202188646
      9.0432475599999993      -8.7370181500000008       1.5681521800000000      -0.0155006333337440
     15.3253560600000007      -2.6947935300000001       1.1450379200000000      -0.0288044786753190
     10.9437747900000009      -8.5191894200000000       1.0039998400000001      -0.0121130934591740
      8.8839329899999999      -4.3464148299999996       9.9897933800000001      -0.0272968887602332
      7.4350895699999997      -3.6032703499999998       9.9108576500000005      -0.0209000921688443
      8.3700000800000005      -5.7557980899999999       9.8319219199999992      -0.0295282244564632
      9.2608746800000006      -3.0230950200000000       9.7529861899999997      -0.0240462030022321
      6.3917751200000001      -4.6744559600000004       9.6740504600000001      -0.0202559392919248
      9.9961300099999999      -5.4595070100000003       9.5951147300000006      -0.0311634116635879
      7.6633660700000004      -2.1778920300000002       9.5161789999999993      -0.0164867098720762
      7.1390464099999997      -6.4783837300000000       9.4372432699999997      -0.0278890014889939
     10.6388837100000000      -3.4726507899999999       9.3583075400000002      -0.0265510896623802
      5.7674162800000000      -3.3231634900000002       9.2793718100000007      -0.0123404009037991
      9.4363729400000000      -6.8895099399999999       9.2004360799999994      -0.0329162479497143
      9.1220795999999993      -1.5543237400000001       9.1215003499999998      -0.0179638308756473
      5.6177982200000001      -5.8696912100000000       9.0425646200000003      -0.0208114178964749
     11.3168154899999998      -5.0214568200000000       8.9636288900000007      -0.0296686127800498
      6.3804194900000004      -1.6923774199999999       8.8846931599999994      -0.0089114740960632
      7.8171002300000003      -7.6585979599999998       8.8057574299999999      -0.0316821482932745
      4.7313568000000004      -4.2010604799999998       8.6478859700000008      -0.0104475355393205
     10.7988790899999998      -6.8865618900000003       8.5689502399999995      -0.0324868499372677
      8.0762940699999994      -0.6696609700000000       8.4900145100000000      -0.0111890519216438
      5.8392185000000003      -7.2309150700000000       8.4110787800000004      -0.0254790400761138
      9.1170921400000005      -8.2171282100000003       8.1742715900000000      -0.0336650155038214
      4.3457873200000003      -5.5907879899999999       8.0164001400000000      -0.0142457860091270
     12.0171721999999992      -6.0886487499999999       7.9374644099999996      -0.0289107946267428
      6.8023492200000000      -8.3609939900000008       7.7795929499999996      -0.0304000547575640
     10.6363625800000001      -8.0634955500000007       7.5427857600000001      -0.0324291395604632
      4.6795994500000004      -7.1086760499999997       7.3849143000000002      -0.0209603203296105
      8.2689254299999995      -8.9822800100000002       7.1481071099999998      -0.0330360472948925
      3.5558264300000002      -4.7811278000000001       6.9902356499999998      -0.0078159623713638
     12.0263894400000009      -7.2153602699999997       6.9112999200000003      -0.0279499606208908
      5.6840989600000000      -8.4180246499999996       6.7534284600000003      -0.0273678522279468
      9.9487134899999994      -8.9383555999999995       6.5166212699999999      -0.0320894573953510
      3.7750336199999999      -6.4654362100000000       6.3587498099999999      -0.0154826268531814
      7.1936799000000002      -9.2483301699999991       6.1219426199999996      -0.0312290633173333
     11.5308662599999998      -8.2052461599999997       5.8851354300000001      -0.0273712096694041
      4.6687552400000003      -7.9767137300000002       5.7272639700000001      -0.0229272117348565
      8.9553926100000005      -9.4287695500000002       5.4904567799999997      -0.0312471557711369
      3.2288687899999999      -5.5009163599999997       5.3325853199999997      -0.0104415826844679
      6.1029477900000000      -9.0455447600000003       5.0957781300000002      -0.0280059303194093
     10.6739859300000006      -8.9113126400000002       4.8589709399999998      -0.0271042305934870
      3.9131538500000000      -7.1625709300000002       4.7010994799999999      -0.0175215083896596
      7.8457379600000001      -9.4860327699999996       4.4642922900000004      -0.0292783247039345
      5.1770937699999999      -8.4315987799999998       4.0696136400000000      -0.0231763995468768
      9.6095202700000009      -9.2270445399999996       3.8328064500000001      -0.0262690047847158
      3.5358805800000002      -6.1189311899999996       3.6749349900000001      -0.0108845614587487
      6.8048510100000001      -9.1040720499999992       3.4381278000000002      -0.0254943672466474
      4.5752190600000002      -7.5021830300000003       3.0434491600000002      -0.0163849895866583
      8.5117514100000005      -9.0844933999999995       2.8066419699999998      -0.0236314451058774
      6.0205307000000001      -8.3200732800000008       2.4119633199999999      -0.0190737294978653
      4.4426610799999997      -6.3931133800000000       2.0172846700000000      -0.0056605244966725
      7.5827156599999999      -8.4469540900000002       1.7804774800000001      -0.0176404939629258
     13.8306686100000000       1.3736894100000001       1.1442226499999999      -0.0216112529092314
     15.3591215999999999      -0.8086350600000000       0.7495440000000000      -0.0312039627656304
     12.5465514599999999       2.4718198199999999       0.5127368100000000      -0.0134458971556413
     15.4408001200000005      -3.5528354400000000       0.3548653500000000      -0.0313523710192847
     14.7932784000000002       0.8264281200000000       0.1180581600000000      -0.0302077284810380
     15.7932439299999992      -1.8272638500000000      -0.2766204900000000      -0.0366831645401717
     13.6056172499999999       2.1458581099999998      -0.5134276800000001      -0.0232947747338770
     15.1755785500000009      -4.6294027299999998      -0.6712991400000000      -0.0328714697468442
     15.4476723200000006      -0.0698350300000000      -0.9081063300000000      -0.0385418447110766
     13.1179071599999997      -6.6530821199999997      -1.0659777800000001      -0.0221947383135124
     15.7846780500000001      -2.9381472700000000      -1.3027849700000000      -0.0406832852396022
     14.5077387299999998      -5.5174356700000002      -1.6974636200000000      -0.0321892819547109
     12.0534414999999999      -6.9688140199999999      -2.0921422700000001      -0.0178061226748802
     12.6127693599999997      -6.7394619799999997      -2.3889475800000000      -0.0212855550188316
      9.5082623599999998      -7.4465128500000004      -2.7415427999999999      -0.0022837374210880
     11.5073128199999992      -7.3027300500000001      -3.3056951400000001      -0.0125501362879348
     13.3197759700000002      -6.4291553900000000      -3.8698474799999998      -0.0244161661871516
     10.2744122499999992      -7.4730419399999999      -4.2224427000000002      -0.0050008057267235
     12.1848724700000002      -6.9282499700000004      -4.7865950399999999      -0.0154519203652370
     10.9653449900000002      -7.0097851100000002      -5.7033426000000000      -0.0076853912868593
     11.3833900900000007      -6.0049008099999996      -7.1842424999999999      -0.0090067807013696
      7.1837973399999999      -4.3765668599999996      -7.8894329299999999      -0.0004432636963330
     10.3346492500000000      -5.2885958899999999      -8.1009900600000009      -0.0022772874466774
      8.5921204499999995      -4.4888868999999998      -8.4535852800000004       0.0001702378119255
      9.7469541000000000      -3.6163913700000001      -9.0177376200000001       0.0023525666659232
     15.9239932100000008      -0.7926201400000000      -1.4415270000000000      -0.0405486884656767
     14.1328711899999995       2.1951001500000000      -1.6783341899999999      -0.0272353867053781
     15.8990494299999998      -3.0455743700000002      -1.8362056499999999      -0.0415270403670256
     15.9516238500000007       0.7061506200000000      -2.0730128400000001      -0.0351887384142628
     16.6672008399999996      -1.6793884400000001      -2.4676914900000000      -0.0385099723184581
     15.2686246099999998       2.1585332799999999      -2.7044986799999999      -0.0283132501916761
     15.9082666800000005      -4.1722858900000004      -2.8623701300000000      -0.0378527356723808
     16.7970776099999988      -0.0237912000000000      -3.0991773199999999      -0.0344887352287913
     13.9845074599999997       3.2566636899999999      -3.3359845099999998      -0.0187074399685017
     16.8787561299999993      -2.7679915799999999      -3.4938559699999998      -0.0365053443149215
     16.2312344000000017       1.6112719799999999      -3.7306631600000002      -0.0286632968765019
     15.4127434999999995      -5.1621717800000004      -3.8885346200000002      -0.0337308890259962
     17.2311999299999989      -1.0424199800000000      -4.1253418100000001      -0.0331688785619839
     15.0435732600000005       2.9307019799999998      -4.3621489999999996      -0.0205924468382364
     16.6135345600000015      -3.8445588700000002      -4.5200204599999996      -0.0338341226484609
     16.8856283299999994       0.7150088300000000      -4.7568276500000000      -0.0277943850752180
     14.5558631599999995      -5.8682382600000000      -4.9146991099999999      -0.0285179870739967
     13.4214881800000008       3.7019611399999999      -4.9936348400000004      -0.0102116001500008
     17.2226340499999999      -2.1533034000000000      -5.1515063000000003      -0.0310585886035213
     15.8904580200000005       2.2113303300000000      -5.3883134899999998      -0.0203586510497544
     15.9456947299999996      -4.7325918099999997      -5.5461849499999998      -0.0300874095569874
     17.1382324399999995      -0.3666348700000000      -5.7829921400000002      -0.0258567263834593
     13.4913974999999997      -6.1839701600000003      -5.9408636000000001      -0.0220760145886949
     14.4122975800000006       3.2014898299999999      -6.0197993299999997      -0.0109710046415437
     16.7809867799999992      -3.1710293699999998      -6.1776707899999996      -0.0279235944606349
     16.3848312199999988       1.2192669800000000      -6.4144779800000000      -0.0185304767706445
     14.9837545799999994      -5.2820127200000000      -6.5723494400000000      -0.0248898518314427
     12.7068758499999994       3.5320799400000000      -6.6512851700000004      -0.0011046827527039
     16.9364999599999990      -1.4552037600000001      -6.8091566300000004      -0.0227986944802669
     12.3936286399999993      -6.0414190200000002      -6.9670280900000003      -0.0147294159661442
     15.1108724900000002       2.3426439200000000      -7.0459638199999999      -0.0092863613078435
     15.9592724300000004      -3.9138087200000000      -7.2038352799999998      -0.0232772052432217
     16.4124550300000003       0.1096572400000000      -7.4406424700000002      -0.0152684140280197
     13.8739474099999995      -5.3630647900000001      -7.5985139300000002      -0.0179866135800779
     13.5671172900000006       2.8232309999999998      -7.6774496599999997       0.0008843356398032
     16.2640475199999983      -2.3504935699999998      -7.8353211199999997      -0.0180910178478317
     11.4645928900000005      -5.4038797100000000      -7.9931925699999997      -0.0072011366982920
     15.3405509799999997       1.2350178100000000      -8.0721282999999993      -0.0056751900870839
     14.8506888600000000      -4.1892837900000002      -8.2299997600000001      -0.0163584442489437
     15.8655126600000003      -0.9201547600000000      -8.4668069500000005      -0.0100035662200657
     12.8072619200000002      -4.8398377500000000      -8.6246784099999996      -0.0092068966441907
     15.1143662699999997      -2.7991725600000001      -8.8614856000000000      -0.0103923395048238
     10.9712935399999996      -4.2265718200000002      -9.0193570600000008       0.0001961906902714
     14.8606698099999992       0.0244341500000000      -9.0982927900000004       0.0004765860064264
     13.5714261300000008      -3.7117930800000001      -9.2561642499999994      -0.0057117348406877
     14.5148882900000000      -1.5771706100000000      -9.4929714399999998      -0.0003790375383339
     12.0728331900000008      -3.3764491599999999      -9.6508429000000007       0.0027558685695084
      8.3501880699999997       5.9146112400000002      -1.6905092399999999       0.0022909477244824
      7.5932234100000002       6.2272419799999996      -3.1714091400000002       0.0042377683573740
      8.8381794800000009       6.2248122600000002      -4.0881566999999999       0.0092965734223824
      6.8465133500000004       6.0482557899999998      -4.6523090500000004       0.0138749692373814
     10.0074431399999995       5.8155079100000000      -5.0049042600000000       0.0085072623729481
     12.4993472899999993       3.9308888799999999      -5.3574994800000004      -0.0039577041555461
      8.0725074200000009       5.9678386500000000      -5.5690565999999997       0.0176793993930744
     10.9518860799999995       5.0423111499999997      -5.9216518200000001       0.0048992202838321
     11.5278649899999994       3.9886986300000000      -6.8383993800000002       0.0023850345001541
      8.7219345799999992       5.7714003900000002      -6.3132308600000000       0.0161072483719842
      4.3594174099999998      -3.3190851399999999      -7.0236524300000003       0.0016721693678612
      9.7127439800000008       5.2709290800000002      -7.3393953500000002       0.0096736875397561
      5.9871746500000000      -3.9915584200000001      -7.6551382700000001      -0.0017872935231651
     11.6852776200000008       3.2887062299999998      -7.7340739999999997       0.0041866768018295
      3.7575427000000001      -2.3896693899999999      -8.0498169199999996       0.0000712113430197
     10.4113188900000004       4.4120831699999998      -8.3655598399999995       0.0047864289867263
      5.2028543300000001      -3.2075596499999999      -8.6813027500000004      -0.0049415943250892
      8.8675636900000008       4.8926702500000001      -8.9970456700000003       0.0107650260127166
      3.6249847200000000      -1.2805997400000000      -9.0759813999999999       0.0010159285387132
      6.7650392999999998      -3.3344404600000002      -9.3127885900000003      -0.0065825307100233
     10.6409973900000008       3.3044570599999998      -9.3917243199999998       0.0030490901780027
      3.4072422200000001       1.0597891399999999      -9.4706600499999993       0.0117562563869384
      7.3715577300000001       4.6658171900000003      -9.6285315100000002       0.0163342380812530
      4.8831055200000000      -2.0955900900000000      -9.7074672399999997      -0.0050010758850156
      8.1077083299999995      -2.7703985000000002      -9.9442744300000001      -0.0054948094996341
      9.2731788900000005       3.7617085800000001     -10.0232101599999996       0.0046331065345839
      4.1286730599999997      -0.1729921000000000     -10.1021458899999992       0.0021973223975955
      6.2712364500000000       3.7969227700000001     -10.2600173500000000       0.0158669466019035
      6.2717399399999998      -2.1571325699999999     -10.3389530799999996      -0.0072573403263867
     10.1611162099999994       2.0938734000000001     -10.4178888100000009       0.0015119469432854
      4.6240253300000003       1.6009140100000001     -10.4968245400000004       0.0089330623839849
      8.8718725400000000      -1.6423538300000000     -10.5757602700000000      -0.0035252765078759
      7.9660721199999998       3.3934773400000000     -10.6546959999999995       0.0063760640521267
      5.3665837400000003      -0.7291676300000000     -10.7336317300000008      -0.0033930745877093
      9.8153346900000003       0.4922686400000000     -10.8125674600000004       0.0002182270849644
      5.9565490099999998       2.4617642800000001     -10.8915031899999999       0.0085327235523387
      7.3732795900000001      -1.3070099100000001     -10.9704389199999994      -0.0065177647362482
      8.7374145599999995       2.1203527800000002     -11.0493746500000007       0.0003079245852682
      5.7642310900000000       0.6647067800000001     -11.1283103800000003       0.0004396662841408
      8.5280438499999995      -0.1243829900000000     -11.2072461099999998      -0.0039725662403427
      7.2659907199999996       1.8541657800000000     -11.2861818399999994       0.0015861473473038
      7.0721656199999998       0.2374274500000000     -11.3651175700000007      -0.0034076724710559
     -1.8632088200000001      -0.7592440000000000       7.9206121400000002       0.0144809958858971
     -3.3126387899999998      -0.0155439100000000       7.8500930999999996       0.0224049886279474
     -2.3769315199999999      -2.1707950600000001       7.7795740599999998       0.0151957925486457
     -1.4838727500000000       0.5671728200000000       7.7090550100000002       0.0139915771021641
     -0.7440255800000000      -1.8767675500000001       7.5680169299999998       0.0064663369101332
     -1.3008612200000000      -3.3234685399999999       7.2154217100000002       0.0059525751819933
      0.6036903800000000      -1.4417600800000001       7.0038645800000001      -0.0008678246783980
     -1.6114546500000000      -4.7125253699999998       6.2986741500000001       0.0029703957001175
      1.0545470200000000      -3.1948468800000001       6.5912208400000001      -0.0069968363885380
      0.4947899500000000      -4.6248498199999997       6.1965421999999997      -0.0080871178619688
     -1.1244827600000000      -5.3939378400000004       5.8018635500000002      -0.0028177630711639
      1.8572960999999999      -4.6219017600000001       5.5650563599999998      -0.0106261810406068
      0.1755091500000000      -5.9524680900000000       5.1703777100000003      -0.0100527541004816
     -2.1392337700000001      -6.0963338699999996       4.7756990600000000       0.0009762329406655
      1.6947795999999999      -5.7988354299999996       4.5388918699999996      -0.0122517067465218
     -0.6726575600000000      -6.7176198899999999       4.1442132200000001      -0.0087073886328035
      1.0071304999999999      -6.6736954700000002       3.5127273799999998      -0.0122312058269927
     -1.7479030799999999      -6.9836700499999997       3.1180487299999999      -0.0046368636328573
      2.5892832800000001      -5.9405860300000004       2.8812415400000000      -0.0076722633133350
      0.0138096200000000      -7.1641094299999999       2.4865628900000001      -0.0106123030822367
      1.7324029400000001      -6.6466525100000000       1.8550770500000000      -0.0086044763478945
     -1.0958450300000000      -7.2213726400000002       1.4603984000000001      -0.0070835323734784
      0.6679372800000000      -6.9623844200000002       0.8289125700000000      -0.0083559564977627
     -2.1367319800000000      -6.8394119299999998       0.4342339200000000      -0.0011451747558731
      2.1602943600000000      -6.0604269799999999       0.1974267300000000      -0.0001412027815100
     -0.4298315800000000      -6.8198332800000001      -0.1972519200000000      -0.0060412597872528
      1.0504871899999999      -6.1414790400000001      -0.8287377600000000      -0.0028682366630228
      2.0272286400000001      -4.9676980500000001      -1.4602236000000000       0.0074595686492067
     -6.8209405199999997      -7.9083981000000003       2.5032762000000002       0.0204934985966858
     -5.6000099099999998      -8.3399212600000006       1.7068258400000000       0.0175780748189034
     -7.7259099300000003      -8.3966707599999992       1.2090443600000000       0.0197347978448761
     -4.2626664500000002      -8.0784999099999997       0.9103754700000000       0.0142254452399264
     -6.3903919299999998      -8.7957168100000001       0.4125939900000000       0.0183989778794320
     -8.5840160000000001      -8.1930537599999997      -0.0851874900000000       0.0193351424445893
     -4.9964581299999997      -8.5518993000000005      -0.3838563800000000       0.0175311250553953
     -7.2485501100000000      -8.6427426100000009      -0.8816378600000000       0.0188919958397911
     -5.8938492099999999      -8.4394496399999994      -1.6780882300000000       0.0199707950357499
     -7.8525074400000001      -7.9007823300000002      -2.1758697100000002       0.0182654956175803
     -6.4985311799999996       3.5382785100000000      -4.9703632899999999       0.0222053146325472
     -1.3342900499999999       0.4339830000000000      -7.6483602599999996       0.0220970910705311
     -0.2864587500000000      -1.2736300300000001      -8.1461417399999991       0.0189008648004609
     -2.6280941699999998       0.4883400400000000      -8.4448106299999992       0.0202740935664387
     -0.4415079000000000      -3.1045294999999999      -8.6439232199999996       0.0160214189512082
     -1.4343690000000000      -0.7441531800000000      -8.9425921099999996       0.0192744911000773
     -3.6563098300000001      -0.2641370200000000      -9.2412609900000007       0.0179465174959645
     -1.4203737800000000      -2.2310061999999999      -9.4403735900000001       0.0172595996523519
     -2.7929939600000000      -1.3544942200000001      -9.7390424699999993       0.0175445604115900
     -2.8379262100000000      -2.8430542399999998      -9.9381550700000005       0.0160471975880370
     -4.4397749199999996      -8.4937079099999995      -1.3150306599999999       0.0176002661042318
     -3.2188443100000002      -8.9252310799999997      -2.1114810300000002       0.0142130001441139
     -5.3447443400000001      -8.9819805800000001      -2.6092625100000002       0.0176004348195349
     -1.8815008600000001      -8.6638097199999997      -2.9079313999999998       0.0119164593883738
     -4.0092263299999997      -9.3810266200000001      -3.4057128799999998       0.0155491123273563
     -6.2028504099999999      -8.7783635800000006      -3.9034943599999998       0.0161198375447213
     -2.6152925300000001      -9.1372091100000006      -4.2021632499999999       0.0140040786623636
     -4.8673845199999999      -9.2280524300000000      -4.6999447300000003       0.0152947623191402
     -3.5126836099999998      -9.0247594499999995      -5.4963951000000000       0.0144792650130547
    -10.0663710200000001      -4.2671440599999997       5.4364338600000002       0.0227061716816159
    -11.2737288299999996      -4.9574195599999999       4.9386523799999997       0.0196319147369621
    -12.7279330300000009      -4.3403058400000001       4.4408709000000002       0.0169948441391270
    -10.5998325199999996      -6.0387672999999999       4.1422020100000001       0.0210363891393399
    -12.4539503200000006      -5.5830627899999996       3.6444205300000001       0.0185898109938520
    -11.5048019299999993      -6.5270399699999997       2.8479701600000000       0.0194168195540101
    -13.3617943399999994      -5.3261177499999999       2.3501886800000000       0.0185718235634305
    -13.8064131900000007      -2.6358632200000001      -3.3801807600000000       0.0156089019086458
    -13.4093854599999993      -0.7023591500000000      -3.8779622400000000       0.0137269376129581
    -12.8680565500000004      -3.5163027200000001      -4.1766311199999997       0.0151754958671013
    -12.0645421200000005       0.4921547100000000      -4.3757437200000000       0.0137109255951842
    -12.8691528399999999      -1.8445316599999999      -4.6744126000000001       0.0147217219296323
    -11.5812636199999996      -3.5823026499999999      -4.9730814900000002       0.0138608141022907
    -11.8348870799999997      -0.8365087600000000      -5.1721940799999997       0.0143291125475642
    -11.2804123999999995      -2.2043282600000000      -5.4708629699999998       0.0135397827412262
     -8.1850238399999995       6.0890675600000002      -1.5705416200000000       0.0068247802094881
     -9.4175068100000008       5.5666105799999999      -2.3669919899999998       0.0100329519813975
     -7.5270816299999996       5.2988195700000000      -2.8647734699999998       0.0151481508382716
     -8.5552972900000004       4.5463425099999997      -3.6612238300000000       0.0166167363268350
     -7.6919814100000004       3.4559853000000000      -4.1590053100000004       0.0227284137152637
    -11.4613563799999998       6.1727557099999997       6.6161547299999999       0.0035159957715294
    -10.0404199199999997       6.7477120499999996       6.1183732500000003      -0.0029672519459716
    -11.0493514699999995       7.5147714499999996       5.3219228799999998       0.0005572639169849
    -12.3767633400000001       7.5982999800000002       4.5254725100000002       0.0041865623316433
    -10.2124694700000003       7.9783424099999998       4.0276910299999997      -0.0047996489996969
    -11.6193321800000007       8.0585079299999993       3.2312406600000001       0.0013394595609704
    -17.4848009200000014       3.3037246800000002       6.4024805699999998       0.0102273046486872
    -16.8610154899999998       4.8547602799999998       5.9046990900000003       0.0101173452927323
    -18.4116318800000016       2.4450083800000000       5.6060302100000001       0.0109154562027083
    -18.0598144199999986       4.3872476799999998       5.1082487299999997       0.0109252568787550
    -16.5576611999999983       5.8621980799999998       4.6104672500000001       0.0094942088858065
    -18.8850654899999988       3.3125253799999999       4.3117983600000001       0.0111907191962821
    -17.8165258599999987       5.2760392300000003       3.8140168800000001       0.0099706911067727
    -18.6944791700000010       4.1669821799999998       3.0175665100000000       0.0101385226808279
    -13.9979175999999992      -4.5910563599999996       2.0617533899999998       0.0192873546130699
    -16.1915416699999994      -3.9883933200000001       1.5639719100000000       0.0160266921032193
    -14.8560757900000002      -4.4380821700000004       0.7675215399999999       0.0183091817885739
    -16.7230194800000014      -3.2791510000000001       0.2697400600000000       0.0154306472208372
    -15.4600331099999995      -3.6961218800000002      -0.5267103000000000       0.0171867677165274
    -16.6292489500000009      -2.2312188399999999      -1.0244917800000000       0.0140591512189996
    -15.3424560200000002      -2.2972187700000002      -1.8209421500000000       0.0152918191660234
      0.4945420900000000       4.3729502900000004       8.3234443799999998       0.0056515089779552
     -0.9476549800000000       5.1119281200000000       8.2238880800000000       0.0044905403082538
      0.8630653600000000       5.6825532599999997       8.0247754899999997       0.0047924326183626
     -0.7135292700000000       6.5027947800000003       7.7261065999999996       0.0016547703924630
      2.1964333400000000       5.2265708999999996       7.5269940100000001       0.0042700235486954
      0.7074071800000000       7.0777511100000003       7.2283251200000000       0.0034809447994775
     -1.9322905200000000       6.9209012500000000       6.9296562399999999      -0.0067205793667249
      2.3616289600000000       6.4821540999999998       6.7305436399999996       0.0047017665013200
     -0.3015243600000000       7.8448105200000002       6.4318747600000004      -0.0003863099971149
     -2.5903168499999998      10.2245588699999992       1.8392550700000001      -0.0076315006308683
     -3.8491814999999998       9.6384000299999997       1.0428047100000000      -0.0115029156621418
     -1.8328856899999999      10.6847668200000001       0.5450232300000000      -0.0011798298643022
     -3.1313924499999999      10.1313485100000005      -0.2514271400000000      -0.0019497652264668
     -4.0155019999999997       9.0761503099999992      -1.0478775100000000      -0.0015060439018200
      4.6228555599999996       8.1281008200000002       3.1068702400000001       0.0034363073487391
      5.6787663799999999       6.4976911900000003       2.6090887600000001       0.0010300925085893
      3.9780487600000001       9.2610143199999992       2.3104198700000000       0.0033498184798013
      5.5883757999999997       7.8416499699999997       1.8126383900000000       0.0023215251359652
      6.1366694099999997       5.6861443700000001       1.3148569100000000      -0.0040224023670348
      4.8527391399999997       9.0310742600000005       1.0161880299999999       0.0033122881606218
      6.0542558299999998       7.0970465999999996       0.5184065500000000      -0.0008227020565279
      5.3573648599999997       8.3183961499999999      -0.2780438200000000       0.0020449774216615
     -4.8911144799999997       4.7162269800000001      -5.1711685999999997       0.0183851460420357
     -4.3508818600000003       3.5740544700000001      -5.9676189700000002       0.0205927002207957
      2.3055373200000000       9.3183284499999992      -4.0710541200000003       0.0091709172798993
      4.0129404500000003       7.8601136699999996      -4.5688355999999999       0.0098373648879893
      0.9174917000000000       9.4455111400000007      -4.8675044800000000       0.0100139179952556
      2.8692380399999999       8.6009060999999996      -5.3652859599999996       0.0116029042946977
     -0.3149912700000000       8.9230541599999995      -5.6639548499999997       0.0106011359096172
      3.9170693399999998       6.8932930700000004      -5.8630674400000000       0.0160575179979325
      1.5754339100000001       8.6552631499999997      -6.1617363300000001       0.0123069880969915
      2.7691590800000001       7.4227699300000003      -6.6595178099999996       0.0154641436412497
      0.5472182500000000       7.9027860900000002      -6.9581866999999997       0.0131029093095023
      2.7831543100000000       5.9359168999999996      -7.1572992900000001       0.0202757827721243
      1.4105341300000001       6.8124288799999997      -7.4559681800000002       0.0157120980119601
      1.4965167200000000      -1.5893700900000001      -7.7162553899999997       0.0135628435523429
     -0.8958532200000000       1.2113014499999999      -7.9153679800000001       0.0204191323218730
      0.3920360000000000      -0.5264695500000000      -8.2140368699999993       0.0177363237776511
      0.1384125400000000       2.2193243400000000      -8.4131494599999996       0.0188431670498801
      2.1607102700000000      -0.3525784900000000      -8.5127057599999993       0.0123422425300213
      2.3514972200000002       2.4886070299999998      -8.6122620500000000       0.0210240859048554
      0.6928872200000000       0.8515048500000000      -8.7118183499999997       0.0175814997462886
      2.3065649700000002       1.0000470100000001      -8.8113746400000004       0.0158380839783518
      3.5440144000000000      -5.2343452499999996      -1.4375682400000001       0.0170126890616231
      2.6859083400000001      -5.0307282500000001      -2.7318000900000001       0.0136516361435035
      4.0213742200000002      -5.4804171000000004      -3.5282504600000002       0.0151264464312426
      2.1544305300000000      -4.3214859399999996      -4.0260319400000002       0.0133794226125659
      3.4174169000000001      -4.7384568199999997      -4.8224823099999998       0.0134704862901458
      4.6394747000000001      -4.4024542400000000      -5.6189326700000004       0.0108743706214973
      3.5349939799999999      -3.3395537000000002      -6.1167141500000000       0.0091709467844225
      8.6687530699999993       3.8825938400000002       4.3056841400000003       0.0009474075284039
     10.3229748499999996       3.2869968300000001       3.8079026599999999       0.0017961247052405
      7.6598215200000004       4.6496532500000001       3.5092337699999998       0.0004906617084366
      9.6781680399999992       4.4199103199999996       3.0114522899999998       0.0024426675550693
     11.2884950800000006       3.0005459700000001       2.5136708099999998      -0.0002873996630512
      8.4967035099999997       5.1132242000000003       2.2150019200000002       0.0021464600417147
     10.5528584199999997       4.1899702699999999       1.7172204400000000       0.0022201410585829
      9.3500810100000002       4.9355069299999998       0.9207700800000000       0.0036921690897351
     11.0574841399999997       3.4772921499999998       0.4229886000000000       0.0006716114907377
      3.5283336799999998      -5.9047568799999999       2.2074203799999998      -0.0018650755286451
      6.4246843499999997      -8.0481776800000002       1.2174272300000000      -0.0102339394136273
      4.5676919500000004      -6.8472554499999996       0.7196457500000000       0.0012644703656548
      7.7602023600000001      -8.4472237200000002       0.4209768700000000      -0.0073164289456855
      5.5665782899999998      -7.8445606799999998      -0.0768046100000000       0.0003279837755770
      4.0851994800000000      -6.1223966100000000      -0.5745860900000000       0.0110973006503343
      6.9020441699999999      -8.2942495300000001      -0.8732549800000000       0.0001962894685406
      5.0351004799999997      -7.1353183700000002      -1.3710364600000000       0.0079118082086111
      8.2567450800000000      -8.0909565499999996      -1.6697053500000001      -0.0001650876776935
      6.2980868499999998      -7.5522892500000003      -2.1674868300000001       0.0066125018625023
      5.1288710200000001      -6.0873862000000001      -2.6652683100000001       0.0146950484244819
      7.5201446499999998      -7.2162866699999997      -2.9639372000000002       0.0065513873751861
     14.9148863299999999      -6.1833119200000004       4.3004324000000000      -0.0125678462357222
     13.5964393099999992      -7.9218313900000004       3.8026509200000000      -0.0134173071286483
     15.4653475100000009      -4.9147011100000002       3.5039820399999999      -0.0135112628333474
     14.6981480500000004      -7.0479952299999997       3.0062005599999999      -0.0121618249282349
     12.8626476400000005      -8.3952307800000003       2.5084190799999999      -0.0127733544596893
     15.3002190299999992      -5.7693445199999998       2.2097501899999998      -0.0146781749972931
     13.9884205099999992      -7.5654555700000001       1.7119687100000001      -0.0126488124273330
     14.5729565799999996      -6.3519015999999997       0.9155183400000000      -0.0170571942343045
     12.9856857199999993      -7.4716133700000000       0.4177368600000000      -0.0142012627689141
     11.6059357900000002       1.1836333100000000       6.8443911300000000      -0.0053918513834397
     13.2601575700000005       0.5880362900000000       6.3466096500000004      -0.0070956901880699
     10.5970042400000004       1.9506927100000000       6.0479407600000004      -0.0024272120362063
     12.6153507699999992       1.7209497800000000       5.5501592799999999      -0.0044923745395806
     14.2256777999999997       0.3015854400000000       5.0523778000000004      -0.0088906475298032
     11.4338862399999996       2.4142636700000000       4.7537089100000003      -0.0013840198676611
     13.4900411400000007       1.4910097300000000       4.2559274299999998      -0.0070159793364368
     12.2872637400000002       2.2365463900000000       3.4594770600000002      -0.0039411690910391
      6.2543038700000002      -1.1337579799999999       8.4695843499999999      -0.0066453045964465
      4.4117571900000003      -2.2666871099999999       8.1709154599999998      -0.0041285963255113
      5.0355426200000002      -0.7156515100000000       7.6731339800000002      -0.0062119909364178
      3.4849262300000001      -3.1254034100000001       7.3744651000000001      -0.0042202044418325
      6.6663087799999996       0.2082577600000000       7.1753524999999998      -0.0067587279433745
      3.2267391700000001      -4.4121361400000003       6.5780147299999996      -0.0064372307784559
      5.8259580399999997      -5.8894537500000004      -3.4955587299999999       0.0151329709047836
      9.0184684500000003      -7.4894220200000001      -3.7942276200000000       0.0005850309800017
      6.8248443800000000      -6.8867589799999998      -4.2920090999999996       0.0084053953553429
      5.3434655700000002      -5.1645949000000000      -4.7897905800000000       0.0140533257403526
      8.1603102599999993      -7.3364478300000000      -5.0884594700000001       0.0035411449376461
      6.2933665699999999      -6.1775166700000002      -5.5862409499999996       0.0084813835430850
      9.5150111699999993      -7.1331548500000004      -5.8849098299999998      -0.0008866668582073
      7.5563529400000000      -6.5944875500000002      -6.3826913100000002       0.0046187746745652
      6.3871371100000003      -5.1295845000000000      -6.8804727899999998       0.0048528576011080
      8.7784107400000000      -6.2584849699999996      -7.1791416799999999       0.0014638350555956
      7.6739300300000002      -5.1955844300000003      -7.6769231600000003       0.0022137564517166
     11.7966198500000008       3.1668842900000000      -7.7886602299999996       0.0047397336662129
     13.7483661900000005       2.3222792499999998      -8.2864417100000001       0.0034885352996170
     12.4545620600000007       2.3766362999999999      -9.0828920800000006       0.0082534373106995
     13.6482872299999993       1.1441430800000001      -9.5806735599999993       0.0079585372749484
     11.4263463999999999       1.6241592400000000      -9.8793424400000003       0.0085041544448536
     10.3302010600000003      -2.4812745399999998      -9.9788987400000000       0.0056918524572147
     13.6622824600000001      -0.3427099500000000     -10.0784550399999997       0.0078022471352366
     12.0988753300000003      -2.3073834799999999     -10.2775676300000001       0.0073247967607699
     12.2896622799999999       0.5338020300000000     -10.3771239200000007       0.0107296366507512
     10.6310522800000005      -1.1033001400000000     -10.4766802200000004       0.0073749768017599
     12.2447300299999995      -0.9547579800000000     -10.5762365200000001       0.0099698652771174
     10.0236095899999995       4.8633492000000000      -0.1274867700000000       0.0042206720385636
     11.6778313699999998       4.2677521900000004      -0.6252682500000000      -0.0013319022166449
      9.0146780399999997       5.6304086099999999      -0.9239371400000000       0.0033928650807162
     11.0330245700000003       5.4006656800000004      -1.4217186200000000       0.0023916888639270
     12.6433516000000008       3.9813013300000000      -1.9195001000000000      -0.0070662406445408
      9.8515600400000007       6.0939795600000002      -2.2181689900000001       0.0048181869566264
     11.9077149500000008       5.1707256199999998      -2.7159504700000001       0.0000798459055673
     10.7049375399999995       5.9162622899999997      -3.5124008299999998       0.0049600947083768
     12.4123406599999999       4.4580475100000001      -4.0101823100000002      -0.0033346748041794
      7.1585098499999997       6.2140365199999996      -5.5566338100000001       0.0190080158730837
      5.7516471400000002       6.2942020400000001      -6.3530841799999997       0.0230191242405979
      8.0118873500000003       6.0363192500000000      -6.8508656600000002       0.0192275990734636
      4.4531403899999997       5.7407837300000004      -7.1495345500000003       0.0266250571619508
      6.6238417199999997       6.1635019399999997      -7.6473160299999998       0.0233174770950164
      3.5690308399999999       4.6855855300000000      -7.9459849100000000       0.0278239942936693
      5.3913587500000002       5.6410449600000003      -8.4437663900000004       0.0255673557329352
      3.3293010900000000       3.3952866099999999      -8.7424352800000005       0.0252083412942490
      7.2817839400000004       5.3732539499999996      -8.9415478700000008       0.0196695318984368
      4.6741444300000001       4.5898004700000001      -9.2402167599999991       0.0247540155062573
      6.2535682699999997       4.6207768800000002      -9.7379982399999996       0.0200918563544370
      4.9037994700000000       3.2611370000000002     -10.0366671299999997       0.0188424326179586
     -4.5142048499999996       5.0518856699999999       9.0345161300000001      -0.0019094575858745
     -5.9629645099999999       5.7952293600000004       8.9635930800000008      -0.0056325504529475
     -4.1351537699999996       6.3775639000000002       8.8217469800000003      -0.0068072857816333
     -7.0108023199999998       4.7230059500000001       8.7508239299999993      -0.0008566201742646
     -5.7368839600000001       7.2293862799999999       8.6089778399999997      -0.0103970743801121
     -2.7451408800000001       5.9306938300000001       8.4671317399999992      -0.0033325797868997
     -7.6468018799999999       6.0818990700000004       8.3962086899999999      -0.0066297902368326
     -4.2684712500000002       7.8672049299999998       8.2543625899999995      -0.0113579196861799
     -7.0379230799999997       7.7350906999999998       8.0415934399999998      -0.0118815451899046
     -2.4943341499999998       7.2913701800000004       7.8997473400000002      -0.0073874015877351
     -8.7149654699999992       5.1992450500000000       7.8288242900000000      -0.0022519501352214
     -5.3242190799999998       8.7865220799999992       7.6869781899999996      -0.0140856013215576
     -8.4131511099999994       7.3212391200000004       7.4742090399999999      -0.0100183135903791
     -3.1049112399999999       8.6235021700000001       7.3323629500000003      -0.0119588550646128
     -6.8167437900000003       9.0308372699999993       7.1195937999999996      -0.0147537865656560
     -4.3722056699999996       9.5865305000000003       6.7649785500000004      -0.0150549999368188
     -8.3790347500000006       8.5407275200000008       6.5522093999999997      -0.0129099626830005
     -1.8955387299999999       8.6411369499999999       6.4103633000000002      -0.0096797096915182
     -6.0419902499999996       9.9466619900000008       6.1975941499999996      -0.0161868283314064
     -3.2046134899999998       9.8344290000000001       5.8429789100000002      -0.0142401509951497
     -7.8121441400000000       9.5917580000000005       5.6302097599999996      -0.0151497852201814
     -4.9546037199999997      10.4518460500000003       5.2755945100000003      -0.0163128488041906
     -9.3727268000000006       8.5396515700000002       5.0628253599999997      -0.0107642013316074
     -2.0217668000000000       9.5972651599999992       4.9209792600000002      -0.0115544046832987
     -6.8721037000000003      10.3555895099999997       4.7082101200000004      -0.0162784068915194
     -3.7375729099999999      10.5241346599999996       4.3535948700000002      -0.0150301602089016
     -8.6553237500000009       9.5307833899999999       4.1408257199999996      -0.0137060190130676
     -5.7077771600000000      10.7510445800000003       3.7862104699999999      -0.0161274864659617
     -2.5540346700000001      10.1747819600000007       3.4315952300000001      -0.0119438337726550
     -7.6366458799999997      10.2302263199999999       3.2188260799999999      -0.0150077050913637
     -4.4710828999999999      10.7375539300000007       2.8642108300000002      -0.0145042888430851
     -9.2345528199999993       9.0365160600000003       2.6514416800000000      -0.0109301471626146
     -6.4457682700000003      10.5536773799999999       2.2968264299999999      -0.0147123148374533
     -8.1813854199999998       9.6644581899999995       1.7294420399999999      -0.0124809244835973
     -5.2306040300000003      10.4548568399999997       1.3748267900000000      -0.0127234252239781
     -6.9936465700000001       9.8757621800000006       0.8074424000000000      -0.0118798931794508
     -8.3284410799999993       8.7113111300000003       0.2400580000000000      -0.0084224469397824
     -5.8317400599999996       9.6024520300000002      -0.1145572500000000      -0.0091986542372098
     -7.1197410600000000       8.6672984799999995      -0.6819416400000000      -0.0066527154323843
     -4.8974051200000002       8.7818661200000001      -1.0365568900000000      -0.0040357426970523
     -7.7592328799999999       7.3488030400000000      -1.2493260399999999      -0.0009951582449119
     -5.9729563199999998       7.8857985399999997      -1.6039412900000001      -0.0013973205657791
     -4.1401855599999999       2.8584665100000000       9.3851035100000004       0.0084679871956830
     -5.5886247100000004       3.6018518300000002       9.3218023500000005       0.0053326935606215
     -4.6532393100000000       1.4466676800000000       9.2585011799999997       0.0143282514378811
     -3.7594076200000002       4.1859198099999997       9.1952000100000006       0.0029517929541321
     -3.0168152099999999       1.7386911700000001       9.0685976799999999       0.0119020931871674
     -2.3594816999999999       3.7413919000000000       8.8786941800000001       0.0058097784202467
     -7.2858390999999996       3.8940205099999998       8.8153930200000001       0.0041610022278569
     -3.5709121300000000       0.2808249300000000       8.7520918499999993       0.0171576411988852
     -6.0674478299999999       0.7495570100000000       9.5054165099999999       0.0159120863852316
     -6.5805015800000000      -0.6622418100000000       9.3788141700000001       0.0181003987259736
     -5.6866699000000001       2.0770103199999999       9.3155130100000001       0.0126646904774255
     -4.9440774799999998      -0.3702183300000000       9.1889106799999993       0.0178990448226948
     -7.2917056400000000       2.9342915600000001       9.1256095100000003       0.0092028167924916
     -7.8215987000000000      -1.4015343099999999       9.0623083399999995       0.0185773586097930
     -5.4981744099999998      -1.8280845699999999       8.8724048500000006       0.0197911608730479
     -3.5773622299999999       0.0620857600000000       8.6825013500000008       0.0177312807561982
     -8.6077461799999995       3.4568660800000002       8.6192001800000000       0.0068044907669638
     -7.1429518500000002      -2.6346900899999999       8.5558990099999992       0.0205284951020950
     -9.1851421000000002      -2.2231968800000002       8.2393931800000004       0.0181364691976356
    -10.4756811699999997      -2.1711323600000001       7.4164780199999996       0.0153337836659269
     -9.4645221500000005      -3.6365475500000000       6.9100687000000001       0.0203949881190155
     -8.2158541100000004       1.4070575700000001       9.4349591299999993       0.0133514032049717
     -7.2836214500000001      -0.7379881600000000       9.3451503700000007       0.0179821394903463
     -9.2497176000000003       0.3399459600000000       9.1655328500000000       0.0141113333389455
     -8.5029776300000002      -1.4446361500000000       8.8961065700000006       0.0179917653235719
     -9.8543467299999996       1.6762252900000001       8.7164890499999998       0.0107800397375861
     -9.9912775800000002      -0.8318127700000000       8.4470627700000005       0.0146336046716939
     -4.5812838999999999      -1.6336235600000000       8.7757337900000003       0.0191344398154776
     -5.0943376499999999      -3.0454223800000002       8.6491314599999995       0.0187124947854080
     -3.4579135499999998      -2.7533989000000001       8.4592279599999998       0.0159075206107957
     -6.3354347700000000      -3.7847148800000001       8.3326256300000008       0.0199137993273624
     -4.0120104699999999      -4.2112651400000001       8.1427221299999992       0.0158412564919104
     -2.5968142699999999      -4.2422918899999997       7.6363127999999998       0.0110360842389419
     -7.6989781600000002      -4.6063774500000001       7.5097104699999999       0.0207273035243141
     -2.7019186199999998      -5.5470808299999996       6.8133976399999998       0.0090916764808675
     -8.9895172300000006      -4.5543129300000000       6.6867953099999999       0.0211614568678300
     -7.9783582099999997      -6.0197281199999999       6.1803859799999996       0.0209081202897039
     -3.3702176300000000      -6.6183455100000002       5.9904824799999998       0.0103788781576952
     -9.2154489599999998      -5.6897639199999999       5.3574708199999996       0.0219999709852061
     -4.4181793899999997      -7.3680618300000003       5.1675673199999999       0.0134640619761974
     -7.6798909999999996      -7.0305737700000002       4.8510614900000002       0.0205871568988059
     -2.3975228799999999      -6.9375786799999997       4.6611579900000004       0.0030252360459535
     -5.6936285700000004      -7.7331928500000000       4.3446521599999999       0.0168868253724170
     -3.5347675199999999      -7.6608702199999996       3.8382428300000000       0.0087553530501197
     -2.6805556500000001      -7.5349484499999999       2.5089183400000001       0.0030970199763907
     -7.6302565800000002      -8.0888516500000005       3.2255940399999998       0.0187344304783181
     -5.6717143500000002      -8.4284411699999993       2.7191847199999999       0.0159509993678810
     -8.9334259599999992      -8.0909531099999992       2.4026788799999999       0.0186781689593225
     -3.6510578400000000      -7.9979580199999996       2.2127753900000000       0.0093589342046414
     -8.3052603800000000      -8.7455773200000007       1.0733543999999999       0.0177483019750220
     -2.7665594300000000      -7.8564926899999996       0.8834509000000000       0.0056892065078671
     -9.6078424800000004      -8.2927889700000001       0.2504392400000000       0.0172752332477835
     -3.9340906000000002      -8.5953277900000007       0.0605357400000000       0.0128352588052394
     -8.8065641800000005      -8.5935333200000006      -1.0788852499999999       0.0166134941687268
     -9.9140276200000006      -7.7991452700000004      -1.9018004100000001       0.0154107574936795
     -7.9119453999999996      -8.5010483499999996      -2.4082097400000002       0.0161799845126644
     -8.9515858099999992      -7.7054343799999998      -3.2311249000000002       0.0141601977147445
     -8.1631353999999998       3.4606135800000000      -4.7878425299999998       0.0186843630659332
     -9.6356568599999992       2.0114589999999999      -5.2942518600000001       0.0150567332021332
     -6.8572876000000003       3.5887570100000001      -5.6107576899999998       0.0187513443352927
    -10.4312977900000003       0.1898761100000000      -5.8006611899999996       0.0129176475943211
     -8.4326198100000003       2.4729785099999999      -6.1171670200000001       0.0153101410457488
    -10.4718657000000004      -1.7025189000000001      -6.3070705199999999       0.0106390258386426
     -5.6248934000000004       3.2605354499999999      -6.4336728499999998       0.0187472009058816
     -9.3957580800000002       0.9232504200000000      -6.6235763499999996       0.0122179109245621
     -7.1704087999999997       2.4404984199999999      -6.9400821800000001       0.0155703445186113
     -9.6288154499999994      -0.7621615300000000      -7.1299856799999999       0.0096459143389040
     -4.6409330999999998       2.4645692499999998      -7.2565880099999998       0.0185609709234065
     -8.1410503900000002       1.1473331700000000      -7.4464915100000004       0.0123852804560904
     -6.0235992200000004       1.8093495600000000      -7.7629973400000001       0.0156527636472745
     -2.3492233499999999      -8.3060743200000005      -0.5585019400000000       0.0075121906767208
     -0.5501409400000000      -7.6061202400000001      -1.0649112700000001       0.0015381566091754
     -1.3765286100000000      -8.6253074900000009      -1.8878264300000001       0.0076700652372175
      0.3970502200000000      -7.4483893700000001      -2.3942357599999999       0.0045513132192276
      1.6484738999999999      -5.6678934600000002      -2.9006450899999998       0.0074452843801858
     -6.0307311500000003      -9.3729267899999993      -3.0272474200000001       0.0153777547919098
     -0.4920302000000000      -8.4838421600000000      -3.2171509199999999       0.0080993921659669
      1.0997344600000001      -6.9306686199999996      -3.7235602499999998       0.0072681534668426
     -7.3333132499999998      -8.9201384400000006      -3.8501625800000001       0.0138473338349456
     -1.6595613700000000      -9.2226772599999993      -4.0400660799999999       0.0110455224316262
      2.0309830500000001      -4.8982695100000004      -4.2299695799999997       0.0114025893997685
      0.2039836700000000      -7.9868034100000003      -4.5464754100000002       0.0086225613148727
     -8.4542347899999992      -8.1070700500000008      -4.6730777400000001       0.0117471278301693
      1.4924902600000001      -6.1714458800000003      -5.0528847399999997       0.0091688734032616
     -6.5320349499999999      -9.2208827899999992      -5.1794870700000004       0.0124731230197632
     -0.9530380300000000      -8.7352310000000006      -5.3693905700000002       0.0103504498758369
     -9.2861668700000006      -7.0115119000000004      -5.4959929000000001       0.0098335736964010
     -4.3638771399999996      -9.5620000600000008      -5.6858963999999999       0.0126305302911334
      0.6156446700000000      -7.2196164600000001      -5.8757998999999996       0.0092171777614141
     -7.6394983900000000      -8.4264947400000008      -6.0024022300000004       0.0105792119185111
     -2.2592200800000000      -9.1025594299999995      -6.1923057300000002       0.0114151903263568
     -9.7469792900000005      -5.7399926499999996      -6.3189080600000000       0.0084156937258975
      1.5070843599999999      -5.2792862800000000      -6.3822092200000000       0.0100249720588614
     -5.6374161699999998      -9.1283978200000000      -6.5088115599999998       0.0114366353832693
     -0.5135963600000000      -7.9366501400000002      -6.6987150599999996       0.0100376025352951
     -8.4323458500000008      -7.3558303499999997      -6.8253173900000004       0.0088908645740666
      1.6216544900000001      -3.2077926799999998      -6.8886185500000003       0.0116674936085630
     -3.5819065100000000      -9.0474863499999998      -7.0152208900000002       0.0113773681285601
     -9.7845015600000007      -4.4224995500000004      -7.1418232200000000       0.0075162999854186
      0.6378081200000000      -6.2661014200000000      -7.2051243800000000       0.0098919465240179
     -6.6770565800000004      -8.3327838500000002      -7.3317267199999998       0.0099029829827906
     -1.7783533000000000      -8.2381293699999993      -7.5216302099999996       0.0106148461866411
     -8.8156828199999993      -6.1196107000000000      -7.6482325500000004       0.0077171893020029
      1.0579003000000000      -4.3696261600000001      -7.7115337100000003       0.0109385031032048
     -4.7726918600000001      -8.5626012800000009      -7.8381360500000001       0.0105353874543184
     -9.3783057999999997      -3.2083023200000000      -7.9647383800000000       0.0072411407092865
     -0.4872070200000000      -6.8719765700000002      -8.0280395400000000       0.0103231413184233
     -4.5313334999999997       1.7547520299999999      -8.0913407100000008       0.0172758118046232
     -7.3488089600000004      -7.2513927999999996      -8.1546418799999998       0.0086372387201941
      0.7311536300000000      -2.5600632900000000      -8.2179430399999998       0.0136112276169662
     -8.3021981799999995      -0.5825330000000000      -8.2812442100000005       0.0094514731850701
     -3.0331794799999998      -8.0617952000000006      -8.3445453700000005       0.0105611511339774
     -1.8798280400000000       0.9122617700000000      -8.4078465399999995       0.0194400002805182
     -8.7124430000000004      -4.8595173100000002      -8.4711477100000003       0.0072426681855973
      0.1181163500000000      -5.2138773799999996      -8.5344488700000003       0.0111002030380831
     -6.0768488999999999       0.9347150000000000      -8.5977500399999993       0.0138741186101754
     -5.6666566300000003      -7.6713934200000002      -8.6610512100000001       0.0095346643367300
     -8.5352555500000005      -2.2679449500000000      -8.7876535400000009       0.0078674428632084
     -1.7471315100000000      -6.9731885699999996      -8.8509547000000008       0.0106467297471369
     -3.5473732000000000       0.9587858300000000      -8.9142558699999999       0.0173139468596624
     -7.5127816100000002      -5.9941922900000000      -8.9775570400000007       0.0080175227888653
     -0.0194473900000000      -3.5855147800000000      -9.0408582000000006       0.0130354663851691
     -7.0474904900000004      -0.3584502500000000      -9.1041593699999996       0.0109083478799974
     -4.0988585500000001      -7.3542051600000002      -9.1674605299999996       0.0101193677134006
     -8.0448809299999997      -3.7538217399999998      -9.2940628699999994       0.0077120225935019
     -1.1369170399999999      -5.5512791000000004      -9.3573640299999994       0.0114670748707724
     -4.9300393199999997       0.3035661400000000      -9.4206652000000002       0.0146169383972747
     -6.0582350500000004      -6.4107800099999999      -9.4839663600000002       0.0090010947473314
     -7.2631615700000003      -1.8228161800000000      -9.6105687000000000       0.0094064205103628
     -2.9865094399999998      -6.4013449400000004      -9.6738698599999999       0.0107337936889529
     -6.9622710600000000      -4.6984475100000003      -9.8004721999999997       0.0084753880807114
     -1.3419598100000001      -4.1410128200000003      -9.8637733599999997       0.0130204713801128
     -5.6838371600000004      -0.8945706500000000      -9.9270745300000005       0.0123299698645702
     -4.7151774199999998      -5.9855001300000001      -9.9903756900000005       0.0099985863379501
     -6.6079344300000002      -3.0685738300000001     -10.1169780300000003       0.0094966503600098
     -2.6975586200000001      -5.0151435600000003     -10.1802791900000003       0.0118244825373068
     -4.1619090500000002      -1.2353523700000000     -10.2435803599999993       0.0143090059225308
     -5.4986502399999999      -4.6945353900000004     -10.3068815199999992       0.0098981608146005
     -2.5287155499999998      -3.2033591100000001     -10.3701826900000000       0.0138937384949607
     -5.3071901199999996      -2.4401315299999999     -10.4334838600000008       0.0116257644680822
     -4.0239382299999997      -4.4081328299999996     -10.4967850200000008       0.0114861890958942
     -3.8463196800000001      -2.7897851100000000     -10.5600861899999998       0.0131845119451768
    -10.3224514000000003      -3.8695943800000001       6.1667357000000003       0.0195255185424479
     -9.6438045399999996      -5.1027501700000002       5.6603263699999999       0.0215951406144868
     -9.1811831399999999      -6.6531955399999996       4.3310018899999996       0.0212023251883018
    -10.3637382500000008      -7.1133518100000002       3.5080867300000000       0.0189605896320231
    -11.6669076199999999      -7.1154532699999997       2.6851715700000001       0.0173823256548395
     -9.6806451899999999      -7.8180723499999996       2.1787622400000002       0.0187231598838302
    -12.9358175699999993      -6.6839494699999999       1.8622564100000001       0.0163280314859300
    -11.0387420499999998      -7.7700774800000003       1.3558470800000000       0.0168006062729162
    -14.0374185699999998      -5.8723592299999998       1.0393412500000001       0.0160429231341794
    -12.3413241500000002      -7.3172891299999998       0.5329319200000000       0.0154860923189908
    -10.2312294099999992      -8.0582837400000003       0.0265225900000000       0.0167034893410296
    -13.4622456899999996      -6.5042207400000001      -0.2899832400000000       0.0148587767214572
    -11.5400458500000003      -7.6180334800000002      -0.7963925700000000       0.0149571467384177
    -14.2941777699999992      -5.4086625899999996      -1.1128984000000000       0.0148757118908733
    -12.6475092799999995      -6.8236454300000000      -1.6193077300000001       0.0140812949677382
    -14.7549901899999991      -4.1371433399999997      -1.9358135599999999       0.0150152025121244
    -10.6454270700000002      -7.5255485100000001      -2.1257170599999999       0.0145653528738734
    -13.4403567499999994      -5.7529810399999999      -2.4422228900000000       0.0138811940631527
    -14.7925124599999993      -2.8196502400000001      -2.7587287200000001       0.0143825832667055
    -11.6850674699999999      -6.7299345400000004      -2.9486322199999999       0.0134654587683976
    -13.8236937199999996      -4.5167613900000001      -3.2651380500000000       0.0139877047487467
    -14.3863167000000001      -1.6054530100000000      -3.5816438800000001       0.0130989634104033
    -12.3568198599999999      -5.6485434799999998      -3.7715473799999999       0.0132012405645376
    -10.6746675300000007      -6.0685441100000004      -4.2779567099999998       0.0121289838889744
    -12.5207925099999997      -4.3913429800000001      -4.5944625400000003       0.0132901907277443
    -12.0555013899999999       1.2443990599999999      -4.7210648700000002       0.0116703488577237
    -11.0662459399999999      -4.8079307000000000      -5.1008718699999998       0.0116261730941147
    -10.6918480599999999       0.7082786599999999      -5.5439800300000002       0.0132645554761019
     -8.5299214299999999       6.8535662500000001      -1.3757891900000001       0.0023479080312754
     -9.2635179700000005       6.0657072899999998      -2.7051136800000002       0.0084129594546987
     -9.6622237900000005       4.6145214000000001      -4.0344381699999996       0.0125631687553280
    -11.9953460300000003       2.4881390900000002      -4.2243416700000003       0.0096193765042045
    -10.4160216299999995       3.4163846100000002      -4.5408474999999999       0.0125706762127891
     -8.8940935200000002       3.0756028899999999      -4.8573533299999996       0.0171417787762316
    -10.0393745899999995       1.8708237299999999      -5.0472568300000002       0.0148269086781418
    -10.5966043400000007       2.2089927800000000       8.7565366299999994       0.0073687797904327
    -12.0450435000000002       2.9523780999999998       8.6932354600000004       0.0042915578313192
    -11.1096580899999999       0.7971939600000000       8.6299343000000004       0.0080229104437919
    -10.2158264100000000       3.5364460900000001       8.5666331299999996       0.0053429411119943
    -11.8208621399999991       4.3937273299999999       8.3767296299999998       0.0036644636643501
    -10.3445056700000002       5.0434382199999996       8.0602237999999993       0.0020345971245668
    -13.1369026899999994       4.9163018400000000       7.8703203000000004       0.0042981163442910
    -11.4084676100000006       5.9915302600000002       7.5538144699999998       0.0022702104601144
    -12.9313057499999999       6.2656693600000004       7.0474051500000003       0.0042661604156997
    -10.4354405900000007       6.8530214899999997       6.7308993099999999      -0.0014194640512635
    -12.1526946200000001       7.2613692600000004       6.2244899900000004       0.0028458638985427
    -14.0041553099999998       6.9365224300000001       5.7180806600000000       0.0055607570106577
    -13.0557500599999994       7.8259195899999998       4.8951655000000001       0.0037623047021462
    -13.9643074299999999       7.8991581200000001       3.5658410100000002       0.0039233692453191
    -12.7022601799999997       8.4524029100000000       2.7429258500000002       0.0016814105890823
    -11.3273629800000002       8.6180769300000009       1.9200106900000000      -0.0011625518490561
    -13.5005239199999991       8.1453885499999998       1.4136013599999999       0.0015469053977206
     -9.9711985199999997       8.3803080199999993       1.0970955300000000      -0.0047006852131197
    -12.1465617500000000       8.3168904399999999       0.5906862000000001       0.0002444827218611
    -14.1058902100000001       7.4851753099999998       0.0842768700000000       0.0008597740726302
    -10.8340516699999991       8.0729561400000005      -0.2322289600000000      -0.0004546923208615
    -12.8000424099999996       7.6133187400000004      -0.7386382900000000       0.0007240724814039
     -9.7069583000000002       7.4307232299999999      -1.0551441200000000       0.0007610634420274
    -14.3753746200000005       6.4975402400000002      -1.2450476200000000       0.0001924779239015
    -11.5676482200000006       7.2850971800000002      -1.5615534499999999       0.0017770593856881
    -13.1131636100000009       6.4650601500000002      -2.0679627799999998       0.0012535782706173
    -10.5836879199999991       6.4891309799999997      -2.3844686099999999       0.0047868733656600
    -11.9663540299999998       5.8339112899999996      -2.8908779400000002       0.0039063738001595
    -12.7201518799999995       4.6357745000000001      -3.3972872600000001       0.0040092862717742
    -12.3435048399999996       3.0902136200000001      -3.9036965900000000       0.0073601009070252
    -12.9056797999999997       1.2724173400000001       8.8078034200000008       0.0043582318058242
    -14.3541189500000002       2.0158026599999999       8.7445022500000000       0.0043089749526910
    -13.4187335399999998      -0.1393814800000000       8.6812010799999992       0.0049540759727087
    -15.4056151299999993       0.9428824700000000       8.5545987500000003       0.0049712712033561
    -11.7823094400000006       0.1526420000000000       8.4912975900000003       0.0067600140934374
    -14.1299375999999999       3.4571518900000000       8.4279964199999995       0.0044584179178297
    -14.6598306699999998      -0.8786739800000000       8.3646952500000005       0.0052998731089833
    -16.0513333299999985       2.3079713399999999       8.2380929199999997       0.0058562267769382
    -12.3364063700000006      -1.3052242400000000       8.1747917599999997       0.0073959710157041
    -16.2152501399999984      -0.2764174800000000       8.0481894199999999       0.0057568809458921
    -15.4459781399999994       3.9797264000000001       7.9215870900000001       0.0059923479274762
    -13.9811838099999992      -2.1118297699999999       7.8582859200000001       0.0066690463833812
    -17.1461947600000002       1.4214358300000001       7.7316835900000003       0.0068112032396108
    -13.7175430600000006       5.0549548099999999       7.6050812600000004       0.0049136637269473
    -16.0233740599999983      -1.7003365500000001       7.5417800899999996       0.0063903646311942
    -16.8540213200000011       3.5763933500000000       7.4151777599999997       0.0076312061007542
    -12.6402844400000003      -2.7386235600000002       7.3518765999999998       0.0092785035596812
    -17.5999049499999991      -0.0219622800000000       7.2252742599999999       0.0070286039724543
    -15.2403811999999999       5.3290939200000000       7.0986719300000001       0.0065185440394657
    -15.0535131500000006      -2.9282074499999999       7.0353707600000002       0.0076111293322842
    -17.9824945400000011       2.4427499400000001       6.9087684300000003       0.0084494302104368
    -11.0263145199999997      -2.6410399299999998       6.8454672700000003       0.0143494618938327
    -17.3139131299999995      -1.6482720399999999       6.7188649299999996       0.0072782960599511
    -16.8574086600000008       4.8555900100000002       6.5922625999999998       0.0083761674120382
    -13.5185624099999995      -3.6622751500000001       6.5289614399999998       0.0100932039674966
    -18.5587540900000008       0.8075246000000000       6.4023591000000000       0.0082553499226368
    -14.4617700700000000       6.3247938200000000       6.2757567700000001       0.0061501880174344
    -16.3027541099999986      -3.1136872200000001       6.2124556100000001       0.0082627224626393
    -11.6946135200000008      -3.7123046199999998       6.0225521100000003       0.0150376614516574
    -18.4223950800000011      -1.0401917899999999       5.8959497699999996       0.0080460606897361
    -16.3132307700000005       5.9999469899999998       5.7693474399999998       0.0078442365411373
    -14.7011175200000004      -4.1224314099999999       5.7060462799999998       0.0104249736698279
    -19.0911254200000009       1.9639149499999999       5.5794439400000000       0.0093394415887076
    -17.5398448599999988      -2.7837230200000000       5.3895404500000001       0.0087237833803044
    -12.7425752800000005      -4.4620209300000004       5.1996369500000004       0.0148157269397338
    -19.2428777599999989      -0.0391950900000000       5.0730346199999996       0.0087104664066686
    -15.3648255099999993       6.8893441500000003       4.9464322799999998       0.0065095822375376
    -16.0042868899999995      -4.1245328700000004       4.8831311199999998       0.0105821522003016
    -18.6186776199999997      -2.0265467699999999       4.5666252900000002       0.0089808664105124
    -14.0180244599999995      -4.8271519600000001       4.3767217900000004       0.0140677862764385
    -19.6995808399999994       1.2123446200000001       4.2501194599999996       0.0091942733729429
    -17.2731968400000007      -3.6930290700000001       4.0602159599999998       0.0105817592994057
    -19.4259348799999998      -0.9414453900000000       3.7437101300000002       0.0090389797049912
    -16.2733828799999998       6.9625826799999997       3.6171077899999999       0.0062019475305508
    -15.3761213199999993      -4.7791570800000001       3.5538066300000000       0.0134573428909022
    -19.7523841400000002       2.5742328200000002       3.4272043000000001       0.0092267550135254
    -18.3747978399999994      -2.8814388300000000       3.2373007999999999       0.0102976055243396
    -18.1138303100000009       5.7334519600000000       3.1106984700000000       0.0077820809959732
    -19.8818795299999991       0.3564271400000000       2.9207949700000002       0.0088860561796285
    -15.0113356299999996       7.5158274699999996       2.7941926300000000       0.0041528638484891
    -16.6787034200000015      -4.3263687300000004       2.7308914700000000       0.0129197306007622
    -19.3987102100000008       3.9090494699999998       2.6042891400000001       0.0084472135465763
    -19.2006040899999988      -1.7720686200000000       2.4143856399999999       0.0097232063831498
    -17.0694313800000010       6.6415128000000001       2.2877833100000000       0.0054841242030985
    -14.5686086800000005      -5.0673633400000000       2.2244821400000001       0.0165440272751134
    -19.9428577500000017       1.7398384899999999       2.0978798099999998       0.0083870838607130
    -17.7996249599999992      -3.5133003399999998       1.9079763100000000       0.0120686474068492
    -18.6731553499999983       5.0879861899999996       1.7813739799999999       0.0067698862459977
    -19.6714504900000016      -0.4716987100000000       1.5914704799999999       0.0089302776047919
    -15.8095993700000008       7.2088131100000004       1.4648681500000000       0.0031810374756986
    -19.6030821599999996       3.0763600900000001       1.2749646500000000       0.0073365785327919
    -18.6315570400000006      -2.4177421899999998       1.0850611500000000       0.0108428866027701
    -17.6451397800000009       5.9980113900000003       0.9584588200000000       0.0045672866639492
    -19.7418396200000004       0.8947744399999999       0.7685553200000000       0.0079096682745678
    -16.9848885500000009      -3.8327250300000002       0.5786518200000000       0.0139432576632377
    -18.8949033799999988       4.2361934300000001       0.4520494900000000       0.0056968368660737
    -19.0923694600000005      -1.1462229399999999       0.2621459900000000       0.0094145669398777
    -16.4149656600000000       6.5485998700000003       0.1355436600000000       0.0023921637599287
    -19.4028525499999986       2.1914685899999999      -0.0543598400000000       0.0065817188722264
    -17.7777360199999990      -2.7620606400000001      -0.2442633400000000       0.0120904325463176
    -17.8874871199999994       5.0994452900000002      -0.3708656700000000       0.0037435420475251
    -19.1298917300000006       0.1712701600000000      -0.5607691700000000       0.0078974618255021
    -15.1091178599999996       6.6767433000000000      -0.6873715000000000       0.0007189948874373
    -18.6831280600000014       3.2778624000000001      -0.8772750000000000       0.0049683658959463
    -18.1610729900000010      -1.5258410000000000      -1.0671785000000000       0.0100719229030197
    -16.6844500700000005       5.5609647999999998      -1.1937808299999999       0.0019470541711328
    -18.7236959700000014       1.3854673900000001      -1.3836843299999999       0.0063152245541769
    -16.6941991300000012      -2.6576230900000000      -1.5735878299999999       0.0127960923351118
    -17.6475883499999995       4.0112367100000004      -1.7001901600000000       0.0033292349476195
    -18.0578331699999985      -0.2657476000000000      -1.8900936600000000       0.0081325766785820
    -15.4222390699999998       5.5284847099999999      -2.0166959900000001       0.0008689135409448
    -17.8806457200000004       2.3258247600000002      -2.2065994899999999       0.0047807511550619
    -16.8581717799999993      -1.4004225800000001      -2.3965029900000001       0.0103230984156077
    -16.3928806599999994       4.2353194600000004      -2.5231053200000000       0.0021931608293002
    -17.3902710999999996       0.8399479700000000      -2.7130088200000002       0.0064349878452834
    -14.2754294900000005       4.8973358400000002      -2.8396111500000001       0.0012773774783632
    -15.4036252099999995      -1.8170103000000000      -2.9029123200000000       0.0123453067382560
    -16.6085517299999985       2.7709535299999999      -3.0295146499999999       0.0037506570105492
    -16.3076612300000008      -0.1046778000000000      -3.2194181500000001       0.0081861404816230
    -15.0292273299999994       3.6991990600000002      -3.3460204800000000       0.0025785242842975
    -15.9533245899999994       1.5251958800000001      -3.5359239800000002       0.0055331838087920
    -13.5072992200000002       3.3584173300000000      -3.6625263100000001       0.0042158739597475
    -14.8440404099999999      -0.1007656800000000      -3.7258274800000000       0.0094328701479860
    -14.6525802899999995       2.1536381800000002      -3.8524298099999998       0.0051914533995649
    -13.1917098500000005       1.8039845999999999      -3.9790321400000002       0.0078307274596305
     -5.1617933100000002      -4.4750617899999998       8.1476139399999994       0.0181134856888150
     -6.3811494900000003      -5.1817097700000003       7.6985701400000002       0.0192567217161113
     -4.1116043099999997      -5.5786326199999996       7.4291438599999999       0.0146167870553491
     -5.7051557500000003      -6.3134342200000004       6.9801000599999998       0.0174386949964926
     -4.4437996999999996      -6.8103815699999997       6.2616299800000004       0.0141856890904606
     -6.6666836700000003      -6.9125703700000001       5.8125861800000003       0.0191684079564034
      0.5321696200000000       3.3134898700000002       8.9356477999999999       0.0042171603044814
     -0.9162695300000000       4.0568751900000004       8.8723466299999991       0.0052347449395924
      0.0191158800000000       1.9016910499999999       8.8090454699999992       0.0054244936796799
      0.9129475600000000       4.6409431799999998       8.7457443000000001       0.0037728118277442
      1.6555399799999999       2.1937145299999998       8.6191419699999994       0.0013597342275311
     -1.2219812500000000       1.1623985500000000       8.4925396400000004       0.0099771282700623
      2.3128734799999999       4.1964152700000001       8.4292384699999996       0.0018524285246606
      1.1014430500000001       0.7358483000000000       8.3026361400000006       0.0016078458937479
      3.0222552199999999       2.6260186200000000       8.1127326400000008      -0.0017219382995215
      2.5802815200000002       5.5764676800000004       7.9228291400000002       0.0024928686983081
      2.5166392499999999       0.7048215500000000       7.7962268100000003      -0.0039893860305504
      3.8141964599999998       3.8407834300000001       7.6063233099999996      -0.0014700248870589
      1.9764832200000000       6.9455823099999998       7.4164198099999998       0.0030378516450220
      3.9039612300000002       5.4203751100000002       7.0999139800000002       0.0007997040070116
      4.7051117500000004       2.9149996699999998       6.7834081499999996      -0.0065826678641443
      3.2458047600000000       7.0070272500000002       6.5935046499999999       0.0025873586105014
     -1.0239206500000000       8.3658663499999992       6.4036011600000000      -0.0049591690318671
      4.9373856199999997       4.6953400900000002       6.2769988200000002      -0.0018537528021838
      1.9156642300000000       8.2766757500000008       6.0870953300000004       0.0022616883208464
      4.4239974300000000       6.5305255400000002       5.7705894899999999       0.0015999673164515
      0.1015266300000000       8.9709383999999996       5.5806860000000000      -0.0017280593995892
      5.3798360100000000       5.6403464999999997       4.9476743399999998      -0.0002635526670396
      2.3630903999999999       8.7981283500000007       5.2314331999999997       0.0019991600409028
     -1.4159246000000001       9.2227125000000001       5.0415296999999999      -0.0088487944556626
      1.0799405600000000       9.8100646200000003       4.7250238700000002      -0.0005234937546952
      3.6324119499999998       8.8595732900000002       4.4085180399999997       0.0022862784421029
     -0.6373134700000000      10.2184124000000001       4.2186145399999999      -0.0046781196480872
      5.3239928000000001       6.5478861400000001       4.0920122100000000       0.0013330140054535
      2.3022714099999999      10.1292217900000008       3.9021087099999998       0.0008190614287003
      4.8106046200000003       8.3830715900000001       3.5856028800000002       0.0024474731754793
      0.4881338100000000      10.8234844399999997       3.3956993799999999      -0.0015819994867527
      6.0017055499999996       5.4584974600000002       3.2690970500000001      -0.0009273148272086
      3.5824678900000002       9.9595963600000008       3.0791935499999998       0.0019157949218389
     -1.5403689100000000      10.7829627299999995       2.8892900500000001      -0.0056571515275081
      1.7905948000000000      11.0052554100000002       2.5727842200000000       0.0003848485197935
      4.7671315900000000       9.3561623399999991       2.2562783899999999       0.0025691968818684
     -0.3198267800000000      11.3303195599999995       2.0663748900000001      -0.0016594460010140
      3.1183355800000001      10.7603439999999999       1.7498690600000000       0.0017773039003970
      1.0380082600000000      11.4846041999999997       1.2434597300000001       0.0005315514433413
      4.3340714299999998      10.1194388600000007       0.9269539000000000       0.0026807379885234
     -1.1868790300000001      11.4094460499999997       0.7370504000000000      -0.0009273861039212
      2.3972076800000002      11.2325535399999996       0.4205445700000000       0.0020089727589401
      0.1880181700000000      11.5751200700000005      -0.0858647600000000       0.0013102507773013
      3.6270039600000001      10.5987370700000003      -0.4023705900000000       0.0030710250310051
     -1.9851427699999999      11.1024316899999995      -0.5922740900000000       0.0004844357427309
      1.5441826200000000      11.3373511600000008      -0.9087799200000000       0.0028325745522295
      4.6092452100000001       9.6438150100000009      -1.2252857500000001       0.0034158686178714
     -0.6311806000000000      11.2739335799999996      -1.4151892500000001       0.0026938109410679
     -5.0704467800000002       8.1298120100000002      -1.6050927399999999      -0.0008513316422309
      2.7492422599999999      10.7184833400000006      -1.7316950799999999       0.0041161813814270
     -2.5905090600000000      10.4422184500000004      -1.9215985700000000       0.0025355665017273
      5.2453928999999997       8.4612288000000007      -2.0482009099999998       0.0024953610617970
      0.6813294700000000      11.0299992800000002      -2.2381044000000001       0.0043580732873245
     -4.0630305199999999       8.9930638700000003      -2.4280078999999999       0.0029615844680464
      3.6772175499999999       9.7783991799999992      -2.5546102400000001       0.0051611407446934
     -1.2846612600000000      10.5703618800000001      -2.7445137300000000       0.0046752413910305
      1.8084228499999999      10.3877663600000005      -3.0610195600000001       0.0061218355512445
      5.2316796200000004       8.0600966100000004      -2.5786797099999998       0.0024580731632362
     -4.9361075699999999       7.8952975500000004      -2.9584867099999999       0.0051593225264988
      3.5395951399999999       9.5124298399999994      -3.0850890400000002       0.0061166889905628
     -2.0725515900000002      10.0161244699999994      -3.2749925400000000       0.0053637205656010
     -5.8660343800000003       5.8836714499999996      -3.4648960299999998       0.0132824502578188
      1.4567738100000001      10.2510439400000006      -3.5914983700000001       0.0069978337845704
     -3.9080919999999999       8.8053227500000002      -3.7814018599999999       0.0059098074729818
      4.5218363899999998       8.5575077799999999      -3.9080042000000002       0.0067938195340389
     -0.7185894200000000      10.1876263599999994      -4.0979077000000004       0.0068896768409523
     -5.1578556000000004       7.0435047900000001      -4.2878111900000002       0.0096674603330875
      2.6618334400000001       9.6321761099999996      -4.4144135300000000       0.0084463212841150
     -2.6779178799999999       9.3559112300000002      -4.6043170199999999       0.0069175478822245
      5.1579840800000003       7.3749215799999996      -4.7309193599999997       0.0095280361391872
     -5.6658047700000003       4.9987799500000003      -4.7942205199999997       0.0172504532803117
      0.5939206600000000       9.9436920499999992      -4.9208228600000004       0.0085917695837558
     -4.1504393400000001       7.9067566400000002      -5.1107263500000002       0.0085899327933596
     -1.3720700800000001       9.4840546600000000      -5.4272321799999999       0.0082814149601873
     -4.9460802800000003       6.0851737500000000      -5.6171356799999996       0.0127532662229797
     -2.9474022899999999       8.3682761600000006      -5.9336415100000002       0.0088158945612200
      4.1255705999999996       7.5263211800000001      -6.0602438500000000       0.0141187677857033
     -4.9866481900000004       4.1927787500000004      -6.1235450100000000       0.0178217941748606
     -0.1396758900000000       9.1558331000000006      -6.2501473399999998       0.0100422545650964
     -3.9105405599999998       6.8185480700000003      -6.4400508399999996       0.0109802087898601
     -1.6851912800000000       8.3357960700000007      -6.7565566700000002       0.0099277754162834
      4.1612869899999998       6.2644313000000000      -6.8831590000000000       0.0214500155186101
     -4.1435979400000003       5.1331361199999996      -6.9464601699999999       0.0141242072827481
     -2.6558328800000002       7.0426308200000003      -7.2629659999999996       0.0109602164451488
     -3.6532233199999999       3.6472593199999999      -7.4528695000000003       0.0165724810962864
     -0.5383817000000000       7.7046472000000001      -7.5794718300000001       0.0116759349066662
     -2.8715039500000001       5.5782648899999998      -7.7693753299999999       0.0128719530706434
      1.3435059700000000       7.0681375900000001      -7.8959776599999998       0.0143433417420624
     -2.5706134500000002       2.7026335600000002      -7.9592788299999997       0.0176386021063486
     -1.2921795500000000       6.5065104199999997      -8.0858811599999996       0.0123346210053690
      2.2632421500000000       5.6109301800000004      -8.2124834900000003       0.0184740153972989
     -2.2162768100000001       4.3325072300000000      -8.2757846599999993       0.0146509179630741
      0.2297485600000000       6.1657286899999999      -8.4023869900000001       0.0140592399904236
     -1.1069926299999999       2.7065456800000001      -8.4656881599999991       0.0173028476779855
     -0.9155325100000000       4.9609495299999997      -8.5922904899999999       0.0142919661623893
      0.5453379300000000       4.6112959599999996      -8.7188928200000007       0.0161803988101958
      2.9589430299999999      -3.0007128999999999      -6.9642633800000002       0.0075989357256070
      1.8932639499999999      -2.2931228600000000      -7.7871785400000002       0.0106440585247576
      2.9439708599999999       4.7281388299999998      -8.3568890299999996       0.0226650866876916
     -0.9701485600000000       0.3626348000000000      -8.4201902000000004       0.0194752808512391
     -0.6158119200000000       1.9925084700000000      -8.7366960299999992       0.0175762395812455
      1.8302134600000000       3.8257299300000001      -8.8632983599999999       0.0189448640573779
      0.6849323899999999       2.6209507699999999      -9.0532018599999997       0.0171842434784892
      2.1458028300000000       2.2712971899999999      -9.1798041900000005       0.0178305070597418
      7.4473389100000000       6.7445081399999998      -0.4821313200000000      -0.0014951589874563
      6.9150710399999999       7.3220249400000004      -1.9715153500000000      -0.0001229830204714
      6.1534455499999998       7.4640365500000003      -3.4608993899999998       0.0037208146103218
      5.3146090299999997       7.0733149900000001      -4.9502834299999998       0.0111144150213036
      2.7510840900000000      -5.5339181200000001      -1.6687081200000000       0.0107988150408076
      2.7355883900000002      -3.8651724800000000      -5.9731874200000004       0.0109275635072521
      4.4177407200000003      -4.2851731099999997      -6.4795967499999998       0.0066368692449537
      7.7180794400000003       2.3555996200000000       6.3831163399999999      -0.0049709756141851
      8.9102943600000000       3.1532466200000000       5.5602011800000000      -0.0015815862778865
      7.6271445199999999       4.1651828899999996       5.0537918599999996      -0.0019591207228977
     10.1796159100000008       3.2146915599999999       4.7372860200000000       0.0000251988449307
      5.9098904900000004       4.5735306600000003       4.5473825300000001      -0.0029315744336351
      7.0353377699999999       5.1786027099999998       3.7244673700000002      -0.0007646833580139
     12.2782921700000003       2.7505438400000002       1.7621312200000001      -0.0068974407808469
      7.5852122199999998       5.8397224599999999       1.5722277200000001      -0.0003836711022842
      8.9444116400000002       5.5876718099999998       0.7493125600000000       0.0018939674953593
      4.0769012900000003      -0.1737688600000000       8.0789397399999991      -0.0069462748639459
      5.9047120299999998       0.4085656800000000       7.9370936399999996      -0.0073728867456566
      3.0290634900000000      -1.2459922699999999       7.8661706000000002      -0.0058579168111983
      4.3029818400000002       1.2603880599999999       7.7243244999999998      -0.0076922265893948
      5.7713945500000001       1.8982067100000000       7.3697092499999997      -0.0079612236243598
      2.2356576100000001      -2.4543958199999998       7.2987862000000003      -0.0058444611006685
      7.5455316500000000       1.3223719599999999       7.0150940000000004      -0.0062718711698757
      4.7156467199999996       2.8175238500000002       6.8023248499999998      -0.0069130576352165
      2.4409476600000000      -3.8499056999999999       6.7314018000000004      -0.0069271707953149
      6.9349545600000004       2.6545039500000001       6.4477096100000004      -0.0062426298151799
      5.6676601299999998       3.6175322799999998       5.8803252099999996      -0.0058623724857583
      3.2233780900000002      -6.4124573199999997       2.2632496899999999      -0.0051191012552536
      3.8809862700000002      -6.8405253799999999       1.4272418300000000      -0.0024926793669415
      5.5770806899999998      -8.2854552800000008       0.9208325100000000      -0.0064483467380754
      7.6871754299999999      -9.0264498900000003       0.4144231800000000      -0.0080273888705840
      9.9176130300000001      -8.9593016199999997      -0.0919861500000000      -0.0090983858406979
     11.9573559100000004      -8.1005478400000008      -0.5983954800000000      -0.0128266195303688
      3.6242270799999998      -6.3768287399999997      -0.7249978100000000       0.0084337340126126
      8.5465168100000000      -8.9273168999999992      -0.9149013100000000      -0.0045905872727516
     10.6511738699999992      -8.4678762699999996      -1.4213106400000000      -0.0087523620620082
      9.3284874299999991      -8.4128031900000000      -2.2442258000000002      -0.0036337083316731
      8.1377020800000004      -7.9279181200000002      -3.0671409600000001       0.0019460306703039
      5.5615849900000001      -6.6167096299999999      -3.3836467899999998       0.0111945291465432
     10.9493045400000000      -1.9203617300000000       9.3583449299999995      -0.0180413368693735
     12.3492304599999994      -2.3648896499999998       9.0418391000000007      -0.0168978362506458
     10.8206252799999998      -0.4133696000000000       8.8519355999999991      -0.0122842335138564
     13.0586122099999997      -3.9352862900000001       8.7253332700000001      -0.0189363471590358
     12.6166385000000005      -0.9848372300000000       8.5354297700000004      -0.0124459564286354
     12.5529962400000006      -5.8564833700000003       8.4088274399999996      -0.0237853857655139
      9.7566633399999994       0.5347224400000000       8.3455262700000006      -0.0088875727969686
     13.8505534400000005      -2.7205214799999999       8.2189239399999998      -0.0146075351621349
     12.0128402100000002       0.3842774000000000       8.0290204400000000      -0.0089272859571068
     13.8615744299999992      -5.0635763400000000       7.9024181100000002      -0.0178780740066511
      8.2338252000000001       0.8088615400000000       7.8391169400000003      -0.0070110068048734
     13.9403182200000000      -1.1409298000000001       7.7125146100000004      -0.0113731561733310
     12.4478918800000002      -7.1612723100000002       7.5859122799999996      -0.0242857882017180
     10.7296903599999993       1.3962136700000001       7.5226111099999997      -0.0060925459919972
     14.7414687299999994      -3.6463052399999998       7.3960087799999998      -0.0142261524928600
     13.2821617500000002       0.4457223400000000       7.2061052800000001      -0.0082349736326073
     13.9837378300000008      -6.3232652600000003       7.0795029500000002      -0.0176855992525482
      9.0124363400000007       1.8045614400000001       7.0162017800000003      -0.0046355361735984
     14.9737426100000004      -1.8659648200000001       6.8895994500000004      -0.0118311722254845
     15.1304013200000007      -4.8506700199999999       6.5730936199999999      -0.0141926328368527
     14.4603544199999998      -0.0307793700000000       6.3831901200000001      -0.0093025013909802
     13.5786752899999996      -7.5325829100000004       6.2565877900000002      -0.0179821221837457
     10.1378836200000002       2.4096334900000000       6.1932866200000003      -0.0026426703416469
     15.6514553500000009      -2.9553535000000002       6.0666842900000004      -0.0126413031272552
     15.0454095700000003      -6.1451115900000000       5.7501784599999999      -0.0140567588629992
     15.4161929900000008      -0.9209584100000000       5.5602749600000001      -0.0112518901353695
     12.7522876200000006      -8.5517701600000002       5.4336726300000002      -0.0188676998303041
     15.9247359599999996      -4.2477211199999996       5.2437691299999996      -0.0131056892386745
     14.4168813999999994       0.9423113800000000       5.0538656299999998      -0.0086801427228238
     14.5258664500000005      -7.3748520400000004       4.9272632999999999      -0.0139517828398841
     16.0526321900000006      -2.1033877699999999       4.7373598000000001      -0.0131564056883597
     11.6150429800000001      -9.2750617000000002       4.6107574700000002      -0.0202393405306083
     15.7772901399999999      -5.5943561300000004       4.4208539699999996      -0.0130036067237462
     15.3808380200000006      -0.0184253800000000       4.2309504699999998      -0.0122248668141545
     13.6367860299999997      -8.4103048299999994       4.1043481399999999      -0.0142456751589357
     16.3083982600000006      -3.4492175199999999       3.9144446400000001      -0.0143940130281983
     10.2892103800000001      -9.6316143499999995       3.7878423099999998      -0.0214267499351024
     13.9838212300000002       1.7055879100000000       3.7245411399999999      -0.0091302038805701
     16.0286033500000009      -1.2369479800000001       3.4080353099999998      -0.0156652639523038
     12.4692548599999995      -9.1491399300000005       3.2814329799999999      -0.0149334245852764
     12.0469574799999997       2.8187025900000000       3.2181318200000000      -0.0032620684586355
     16.1597992899999987      -4.8247321799999998       3.0915294800000002      -0.0147641458391483
     14.9688382400000002       0.7325528700000000       2.9016259799999999      -0.0148569249392665
     16.2979562099999988      -2.5950734199999999       2.5851201499999998      -0.0183314066905851
     11.1360353300000003      -9.5204474500000007       2.4585178200000000      -0.0153276039649732
     13.2767537600000001       2.1848861099999999       2.3952166600000000      -0.0103621263557940
     15.6288672799999997      -0.4793707700000000       2.0787108299999999      -0.0207938595256536
     16.1630195100000016      -3.9627594799999999       1.7622049900000001      -0.0199583384703494
      9.7649390999999994      -9.4884627300000002       1.6356026600000000      -0.0143537887331853
     11.8695961600000004      -9.0290220899999998       1.1291933300000001      -0.0123516532454211
     15.6359005999999994      -5.2057489400000003       0.9392898400000000      -0.0207092355665317
     10.5469097200000004      -8.9739490199999992       0.3062781700000000      -0.0106743813637848
     14.7666243500000007      -6.1925640900000003       0.1163746800000000      -0.0209763361147672
     12.3504629399999999      -8.1645920400000005      -0.2001311600000000      -0.0131833673403499
      8.8836317600000001      -4.3464148299999996      10.5682764200000001      -0.0225609465956289
      7.4348720999999998      -3.6030711400000000      10.4973533700000008      -0.0180094736462664
      8.3701261799999997      -5.7572349999999997      10.4264303199999997      -0.0242667518821538
      9.2626828400000001      -3.0207366000000002      10.3555072700000004      -0.0202125076752537
      6.3870342999999998      -4.6752945400000003      10.2845842199999993      -0.0176381272328925
     10.0019782599999996      -5.4632271899999996      10.2136611700000000      -0.0256358360520554
      7.6609526499999996      -2.1689142200000000      10.1427381299999997      -0.0149086146286344
      7.1335652500000002      -6.4889373700000004      10.0718150800000004      -0.0231092521966900
     10.6526957299999996      -3.4676066699999999      10.0008920299999993      -0.0223054833879068
      5.7510347399999997      -3.3164014300000000       9.9299689799999999      -0.0122444602221883
      9.4452473599999998      -6.9084740800000004       9.8590459300000006      -0.0270480983924628
      9.1293653599999995      -1.5310955700000000       9.7881228799999995      -0.0159427401607353
      5.5936284199999999      -5.8836981000000002       9.7171998300000002      -0.0180054106274739
     11.3477825600000006      -5.0282648500000002       9.6462767800000009      -0.0249864951749359
      6.3599135300000000      -1.6632098000000000       9.5753537299999998      -0.0098512810539404
      7.8119886300000001      -7.6980437799999999       9.5044306800000005      -0.0260368393639894
     10.9035024600000003      -2.1069303100000001       9.4335076299999994      -0.0187760951205682
      4.6828711399999996      -4.1990554400000004       9.3625845800000000      -0.0108663051513531
     10.8365557300000006      -6.9240551799999999       9.2916615300000007      -0.0272192891162764
      8.0736175299999999      -0.6117784200000000       9.2207384799999996      -0.0112161036815159
      5.7989184700000003      -7.2792079699999999       9.1498154300000003      -0.0213214418073306
      4.9846855000000003      -2.0770613700000000       9.0079693299999999      -0.0065098766412248
      9.1343733300000007      -8.2939448400000000       8.9370462800000006      -0.0278799489541512
      4.2599485399999999      -5.6181729000000002       8.7952001899999992      -0.0132074398731028
     12.1043429800000002      -6.1289238700000004       8.7242771399999999      -0.0251957844331212
      6.5810928200000003      -0.3674632300000000       8.6533540900000006      -0.0074540067120452
      6.7656754799999996      -8.4629563300000008       8.5824310399999995      -0.0250887712891803
     10.7056294399999992      -8.1712214299999992       8.3696618899999997      -0.0276012475437177
      4.5673006300000001      -7.1956465700000001       8.2278157899999993      -0.0178537556884244
      8.2697266299999992      -9.1465175199999997       8.0150466399999996      -0.0275037861720300
      3.3767019899999999      -4.7977290200000002       7.8732005400000000      -0.0084073992048133
     12.1761258100000003      -7.3290048299999997       7.8022774899999998      -0.0251186535842187
      7.3558463600000001       0.5483614900000000       7.7313544399999996      -0.0069189881677048
      5.5750837400000002      -8.5912607500000000       7.6604313900000003      -0.0227272060250812
     10.0290464700000008      -9.1550400399999994       7.4476622499999996      -0.0275659434027489
      3.5494466400000002      -6.5723460899999999       7.3058161500000001      -0.0136267988939061
      7.1351233499999998      -9.5210178200000009       7.0930470000000003      -0.0261447262289138
     11.7317909000000000      -8.4413006700000004       6.8802778499999997      -0.0250838640661790
      4.4358836000000004      -8.2130185999999998       6.7384317500000002      -0.0192866115814958
      9.0059801799999999      -9.7913563600000000       6.5256626000000004      -0.0270448396417251
      2.8486568100000000      -5.5884022399999997       6.3838165000000000      -0.0099921550084758
      5.9253075600000003      -9.4350050599999999       6.1710473600000002      -0.0237309834971349
     10.8938802300000006      -9.3247924799999993       5.9582782099999996      -0.0250794927797759
      3.4968180800000002      -7.4331511900000002       5.8164321100000000      -0.0153477867222485
      7.8036938200000003     -10.0254880400000008       5.6036629600000003      -0.0257365221348245
      4.8035811300000004      -8.9287510399999999       5.2490477100000001      -0.0202991362982843
      9.7909959700000009      -9.8767724700000006       5.0362785700000003      -0.0247300836815860
      2.8697141899999998      -6.3696070100000002       4.8944324699999999      -0.0119771875181343
      6.5813489000000001      -9.8417595999999996       4.6816633200000002      -0.0233472126126095
      3.9086238999999998      -8.0752060799999992       4.3270480700000000      -0.0161352534046770
      8.5649339500000004     -10.0337921300000001       4.1142789200000003      -0.0235052743895956
      5.4907683599999997      -9.2658518999999995       3.7596636800000001      -0.0197064491498367
      3.3521193999999999      -6.9799209500000003       3.4050484299999999      -0.0113994080311670
      7.3680412100000003      -9.7734886799999998       3.1922792800000002      -0.0209159923020401
      4.6723301700000004      -8.3642915900000006       2.8376640300000000      -0.0146803108393527
      6.3590994099999998      -9.1150059199999998       2.2702796400000000      -0.0164961281054588
      4.2523653699999997      -7.2425674200000003       1.9156643900000001      -0.0074427563121020
     12.6371443499999998       2.6943590199999998       1.4517904699999999      -0.0095687339887753
     15.0289327499999992       0.9938259300000000       1.0971752200000000      -0.0226982470884209
     16.1357812100000011      -1.8097496900000001       0.7425599800000000      -0.0279884855003445
     13.8199910399999997       2.4571951799999998       0.5297908300000000      -0.0172901536543044
     15.5258083300000003      -4.8278289200000000       0.3879447300000000      -0.0249373448853625
     15.8538410600000006       0.1024824800000000       0.1751755800000000      -0.0286924676280762
     16.2887946300000017      -3.0222546200000000      -0.1794396700000000      -0.0306784700106313
     14.8592094600000006       1.8064279700000001      -0.3922088200000000      -0.0251257183769447
     14.9455429700000000      -5.9107134500000003      -0.5340549100000000      -0.0246226264901033
     16.3284279000000012      -1.0340360900000001      -0.7468240600000000      -0.0338198107784073
     16.0214125400000000      -4.2281837299999996      -1.1014393099999999      -0.0318528270259861
     14.0321789100000007      -6.7445320799999999      -1.4560545600000001      -0.0227505370314027
     15.3712570199999998      -5.2777947500000000      -2.0234389500000001      -0.0313533905039236
     11.6366131900000003      -7.7656573800000004      -2.0965849699999999      -0.0127956606357280
     13.6583562300000008      -6.9009005099999996      -2.6029943000000002      -0.0223287638324159
     10.3107805799999994      -8.1222100299999997      -2.9195001299999999      -0.0063722480872812
     12.4908250600000006      -7.6397356099999998      -3.4259094600000002      -0.0152503284872623
      8.9271679200000005      -8.0781913999999997      -3.7424152899999998      -0.0005809718478353
     11.1576055299999997      -8.0110431299999991      -4.2488246199999997      -0.0086543882933015
     13.1973484100000000      -7.1522893600000002      -4.7552339500000000      -0.0180165506045178
      9.7865093000000005      -7.9790584100000004      -5.0717397799999997      -0.0029560944937117
     11.8911663599999997      -7.5196177799999999      -5.5781491100000000      -0.0109959956093704
     10.5684799199999997      -7.4645447000000003      -6.4010642700000000      -0.0051562896128559
      5.3347036200000000      -4.5366690500000004      -7.0340759300000002       0.0035466685391334
      9.3776945699999992      -6.9796596299999996      -7.2239794300000000      -0.0010156911760788
      6.8015774799999997      -5.6684511500000001      -7.5404852599999996       0.0030086777050791
     11.1172069600000007      -6.4788535500000002      -7.7303887500000004      -0.0061810372480338
      8.4837298099999998      -6.0884517699999998      -8.0468945800000000       0.0007537996283915
     10.0515278800000001      -5.7712635099999998      -8.5533039100000003      -0.0018997218176970
      8.0921513899999997      -4.8278383600000003      -8.8698097400000009      -0.0004185516875808
      9.4352090099999995      -4.4025584799999997      -9.3762190699999994       0.0000270046424511
     16.0532136500000000       0.7595433700000001      -1.2621620600000001      -0.0308869711235928
     16.8159615100000011      -1.6917129600000000      -1.6167773100000000      -0.0341136027794136
     15.3841751099999993       2.2859108400000001      -1.8295464600000000      -0.0248843540409354
     16.0580030499999999      -4.2859304500000004      -1.9713925600000000      -0.0339338950795778
     17.0027960000000000       0.0325876900000000      -2.1841617100000001      -0.0306610106855167
     14.0751003600000004       3.4792028799999999      -2.3969308599999999      -0.0165375484426598
     17.1264478599999990      -2.8443575800000001      -2.5387769499999999      -0.0326687275404502
     16.4668887599999998       1.7786698000000001      -2.7515461000000001      -0.0258611749785942
     15.6136681399999997      -5.3982262900000002      -2.8933922000000001      -0.0305340019967488
     17.5737372100000009      -1.0249058200000001      -3.1061613499999998      -0.0301492745109240
     15.2579470399999995       3.2420390499999998      -3.3189305000000000      -0.0191691051784630
     16.9637643300000001      -4.0429850500000004      -3.4607766000000000      -0.0307797338971625
     17.2917970700000012       0.8873263400000000      -3.6735457500000002      -0.0261304656996320
     14.7757574599999995      -6.2817181000000000      -3.8153918400000002      -0.0262534726110353
     13.5421409399999995       4.1689085500000003      -3.8863148900000000      -0.0100383325138900
     17.7267506300000015      -2.2374107500000000      -4.0281609899999999      -0.0291159773450840
     16.2971654599999987       2.5912718400000001      -4.2409301399999997      -0.0204431928884041
     16.3834989799999988      -5.1258695799999998      -4.3827762400000001      -0.0281494650042564
     17.7663839099999983      -0.2491922200000000      -4.5955453899999998      -0.0256832771203470
     14.7256791800000002       3.8195558500000000      -4.8083145399999996      -0.0129166008630435
     17.4593685500000007      -3.4433398700000000      -4.9501606400000000      -0.0274392063508149
     17.0656686399999984       1.6227504699999999      -5.1629297799999998      -0.0206098709748854
     15.4701349100000005      -5.9596882200000003      -5.3047758800000002      -0.0245607920584252
     17.8383886899999986      -1.4836885600000000      -5.5175450300000000      -0.0245618946998771
     15.7288565100000000       3.0980572400000002      -5.7303141799999997      -0.0139378680529347
     16.8092130200000014      -4.4929508900000004      -5.8721602800000001      -0.0249414786933091
     17.4694978300000017       0.4582813500000000      -6.0849294299999999      -0.0198987716870356
     14.3376316500000005      -6.4413516700000004      -6.2267755300000003      -0.0199362882653027
     13.9640536900000001       3.9615674500000000      -6.2976985799999996      -0.0060144327053706
     17.4974626399999984      -2.6627803600000002      -6.4395446700000001      -0.0226864652109402
     16.4244676299999988       2.0915113700000001      -6.6523138199999998      -0.0136797359082870
     15.8533584100000002      -5.2521473099999998      -6.7941599200000002      -0.0214177257784982
     17.4505119399999984      -0.7576457500000000      -7.0069290700000000      -0.0183655292409437
     13.1262274100000003      -6.5009522200000003      -7.1487751700000004      -0.0144593800136441
     14.8872076999999994       3.1774110300000000      -7.2196982199999997      -0.0062519019541440
     16.7753751599999994      -3.6312025499999998      -7.3615443200000001      -0.0198307199174721
     16.7081377599999996       0.9221603200000000      -7.5743134699999999      -0.0123847872103280
     14.7061781400000005      -5.6054481599999999      -7.7161595600000004      -0.0167371215964387
     13.1252171600000000       3.5708459000000001      -7.7870826099999997       0.0010682694816033
     16.9867914000000013      -1.8607761500000000      -7.9289287100000001      -0.0158271193528083
     12.0000637399999999      -6.1017900400000000      -8.0707748099999996      -0.0086544418386438
     15.4310355099999992       2.1142641300000000      -8.1416978600000007      -0.0051496202780097
     15.7441662900000008      -4.2321505500000001      -8.2835439599999994      -0.0156622536070916
     16.4953623100000009      -0.2534966500000000      -8.4963131099999991      -0.0099492488150208
     13.5186686399999996      -5.4512019000000000      -8.6381592099999995      -0.0109386029654051
     13.8798079199999993       2.6383381099999998      -8.7090822600000006       0.0023110640208408
     16.0858573199999988      -2.6617570599999998      -8.8509283599999993      -0.0118094961729120
     11.1542213900000000      -5.2305582599999996      -8.9927744500000006      -0.0032645988434332
     15.4385410200000006       0.8943216899999999      -9.0636975000000000      -0.0027332114342187
     14.5110186700000003      -4.2888247300000000      -9.2055436000000004      -0.0097634294737556
     15.6939929399999993      -1.2337513899999999      -9.4183127500000001      -0.0057637257334839
     12.4892907900000001      -4.6636464000000002      -9.5601588500000005      -0.0041602198716006
     14.7467024599999998      -2.8981252799999999      -9.7729280000000003      -0.0053315254951478
     10.8736449299999993      -3.8386355800000000      -9.9147741000000007       0.0016754462616539
     14.6453383499999994      -0.3280057700000000      -9.9856971500000000       0.0017416108243022
     13.1939290000000007      -3.4696273000000000     -10.1275432500000004      -0.0012518830440698
     13.9798463200000000      -1.6727014000000000     -10.3403123899999994       0.0021892793479843
     11.5031815099999992       4.1896888399999996       0.3509726700000000      -0.0013238762325578
     12.6813741800000006       3.7131871400000001      -0.4719424900000000      -0.0083853620120955
      8.3589033799999992       6.1535999900000000      -0.6618459900000000       0.0006679567021060
      8.9087778300000000       6.8147197500000001      -2.8140856400000001       0.0045693842354417
     10.2679772400000004       6.5626690900000000      -3.6370008000000000       0.0049956212489271
     13.1898579999999992       4.4765193800000000      -3.9535066300000001      -0.0071085186779456
      8.0587877399999996       6.9052356200000000      -4.1434101300000004       0.0080524847154990
     11.4977735200000009       5.9288526199999998      -4.4599159600000000       0.0025526072950051
      9.4149521899999993       6.6674667100000002      -4.9663252900000003       0.0084410561462320
     12.4800147700000004       4.9739305600000003      -5.2828311200000000      -0.0013739320049559
     10.6200118200000002       6.0485988900000001      -5.7892404500000003       0.0059830670507175
     11.5479871099999993       5.1085147299999996      -6.6121556100000003       0.0029138816553882
     12.0837489799999993       3.9427439600000000      -7.4350707700000003       0.0022156228790386
     11.0293029199999992       5.1674964900000004      -7.0499102000000002       0.0045505039259339
      4.6730919999999996      -4.1533382699999999      -7.3336024000000002       0.0027169425817917
      9.2645000900000003       6.0310067099999998      -7.6172945900000002       0.0110459262781397
     11.7249140300000008       4.1609506200000004      -7.9719098400000004       0.0030798447378189
      3.8546538099999998      -3.2517779500000001      -8.2556020399999994       0.0015690614633286
     10.1876540999999996       5.2468502800000003      -8.5392942400000003       0.0064804658635538
      5.5414230499999997      -4.0024922900000002      -8.8229864300000003      -0.0019896523691791
      8.4256635699999993       5.6402851500000004      -9.1066786299999993       0.0123985763439016
      3.4346890100000000      -2.1300537899999998      -9.1776016800000004       0.0021915868972862
      7.3005101400000001      -4.0323507899999997      -9.3903708300000002      -0.0030083069603535
     10.7314819200000002       4.1837033799999999      -9.4612938799999995       0.0040068195676533
      2.7335029199999998       0.4800809800000000      -9.5322169300000006       0.0108088094756589
      4.8864627699999996      -3.0041483599999999      -9.7449860800000003      -0.0024380986348689
      3.5495426299999999       2.9141148900000000      -9.8868321800000007       0.0176601857315077
      8.8191150399999998      -3.3817626500000002      -9.9577552300000001      -0.0014883679975100
      9.1802543199999995       4.7077773699999996     -10.0286782799999994       0.0070871417592002
      3.5326341399999999      -0.9318243200000000     -10.0996013199999997       0.0032887685194787
      6.4546677900000002      -3.1611190100000002     -10.3123704699999994      -0.0042646972104450
     10.7389874200000008       2.9637609500000002     -10.3832935200000005       0.0032758357003324
      3.5776772499999998       1.3700399800000000     -10.4542165699999998       0.0101879588937202
      9.8114650799999996      -2.2193854800000001     -10.5251396199999991       0.0018847472112569
      7.6827551300000003       4.4960792600000001     -10.5960626700000002       0.0101149029958236
      4.7827741599999998      -1.7544227800000001     -10.6669857199999996      -0.0015873821221426
      4.8209273699999997       3.0630161800000000     -10.8088318200000000       0.0131385137286912
      7.7897372000000003      -2.5942071499999999     -10.8797548699999993      -0.0038862191666951
      9.3731146899999995       3.4075141900000001     -10.9506779200000004       0.0035823227450962
      4.3130250300000004       0.1520686600000000     -11.0216009699999997       0.0035289815941084
     10.0471488699999991      -0.8286860300000000     -11.0925240200000008       0.0021612456198703
      6.6072039299999998       3.6000116700000002     -11.1634470700000001       0.0096247915298768
      6.1740913400000004      -1.7691963300000000     -11.2343701199999995      -0.0035532554639950
      9.9457847499999996       1.7414334800000000     -11.3052931700000006       0.0015664067465089
      5.0419916999999996       1.6971923600000001     -11.3762162100000008       0.0065941467265915
      8.4943753999999991      -1.4001880499999999     -11.4471392600000001      -0.0026430231070300
      8.0613533999999998       2.9303118600000002     -11.5180623099999995       0.0040072613204671
      5.6490205199999997      -0.3121484600000000     -11.5889853600000006      -0.0005516147802531
      9.2802927299999993       0.3967378500000000     -11.6599084099999999      -0.0003558507288091
      6.4414221400000002       2.1136334099999998     -11.7308314599999992       0.0045742187513191
      7.2740705800000001      -0.6416846300000000     -11.8017545100000003      -0.0026929705457519
      8.2560944799999998       1.4915643500000000     -11.8726775599999996       0.0005017496193460
      6.7914637800000000       0.7800017700000000     -11.9436006100000007       0.0002914094987894
     -1.8638560300000000      -0.7592440000000000       8.5667279199999999       0.0119486371014226
     -2.3769097800000001      -2.1710428300000002       8.4401255800000001       0.0127172497034316
     -1.4830780900000000       0.5682093000000000       8.3768244200000002       0.0114775989811378
     -0.7404856800000000      -1.8790193500000001       8.2502220899999994       0.0059545046965468
     -1.2945826000000000      -3.3368855800000001       7.9337162599999997       0.0059833395959892
      0.6262295700000000      -1.4467152599999999       7.7438127600000000       0.0003501918404254
      0.1206136000000000      -3.3679123299999998       7.4273069300000003      -0.0012835124847932
     -1.5984606800000001      -4.7702849000000001       7.1108010999999998       0.0043589147477583
      1.0603952699999999      -3.1985670599999998       7.2097672900000003      -0.0046503899630217
      0.5036643700000000      -4.6438139500000002       6.8551520400000001      -0.0053409714496482
     -1.1295943600000000      -5.4333836499999997       6.5005367900000000      -0.0002084613676736
      1.8949727400000000      -4.6593950499999996       6.2877676400000002      -0.0086427943585718
      0.1927903400000000      -6.0292847199999997       5.9331524000000000      -0.0069022763257536
      1.7640464499999999      -5.9065612999999999       5.3657680000000001      -0.0105672475402194
     -0.6718563600000000      -6.8818573900000004       5.0111527499999999      -0.0053002879515880
      1.0874634800000000      -6.8903799100000001       4.4437683600000000      -0.0101829942253033
     -1.8064596399999999      -7.2563576899999997       4.0891531099999998      -0.0012511522708607
      2.7902079099999999      -6.1766405500000001       3.8763839600000001      -0.0105294628444987
      0.0643971900000000      -7.5266962299999998       3.5217687199999999      -0.0080036549062896
      1.9522972400000000      -7.0601323499999999       2.9543843200000000      -0.0094726800813767
     -1.1378891600000001      -7.7608279199999997       2.5997690699999998      -0.0043139789037347
      0.8494129800000000      -7.6121123400000004       2.0323846799999998      -0.0077259109936634
     -2.3602340900000001      -7.5770994700000003       1.6777694299999999       0.0014295067039178
      2.6466746900000002      -6.7381024800000002       1.4650002799999999      -0.0037630480595006
     -0.3766490300000000      -7.7691320099999999       1.1103850300000000      -0.0048982753391336
      1.5141714300000000      -7.2197659300000003       0.5430006400000000      -0.0041472080292309
     -1.5735417800000000      -7.5088285600000004       0.1883853900000000      -0.0001214422090499
      3.0298981899999999      -6.0305615599999998      -0.0243837600000000       0.0062801334882039
      0.3027671900000000      -7.2793664800000002      -0.3789990000000000      -0.0028712601487513
      1.8827179199999999      -6.3838624199999998      -0.9463834000000000       0.0019801401994854
     -6.3889263500000002      -9.0961413199999992       1.2219132900000000       0.0163513785041758
     -4.8447896600000000      -8.9609989599999995       0.5034432100000000       0.0144419045797086
     -7.3622030299999999      -9.1720044299999994       0.0543994200000000       0.0169188512675795
     -5.7895394900000001      -9.1870904299999996      -0.6640706600000000       0.0164350398092807
     -6.7337760400000004      -8.8905289799999991      -1.8315845399999999       0.0173627071186928
     -5.7953534800000002       4.1473974900000004      -5.0848694600000002       0.0202877079752248
     -0.5428277900000000      -0.8966466600000000      -8.9596229100000002       0.0172967620158744
     -1.8331827500000000      -0.6571868100000000      -9.6780929899999997       0.0168544077496939
     -1.8521546700000000      -2.0866738699999998     -10.1271367899999998       0.0152442202785323
     -3.2180948800000002      -2.0051770200000001     -10.3965630699999991       0.0146527771604852
     -3.1878145899999999      -9.0631613200000007      -1.4288797000000000       0.0121387728110527
     -4.0077607600000000      -9.6814511400000001      -2.5963935700000000       0.0137875999374373
     -2.4636240599999999      -9.5463087699999996      -3.3148636499999999       0.0117957467549488
     -4.9810374399999997      -9.7573142500000003      -3.7639074500000000       0.0141734980272439
     -3.4083738900000000      -9.7724002500000005      -4.4823775299999999       0.0128867489667002
    -11.2852219700000003      -4.9795489100000001       5.4652931400000000       0.0179087243731928
    -10.6092282299999994      -6.1112733600000002       4.7468230599999996       0.0193359189217084
    -12.5265912900000007      -5.6701109499999998       4.2977792600000004       0.0168111543977041
    -11.5707561499999994      -6.7104094999999999       3.5793091800000001       0.0178804892014988
    -13.5655429800000000      -5.4839121400000002       3.1302653800000000       0.0167304809632398
    -13.6710934099999992      -3.1039322399999998      -4.2326520800000003       0.0138430511332395
    -13.4563546100000000      -1.1482245400000000      -4.6816958700000004       0.0128242673550432
    -12.5216869299999995      -3.7662410799999999      -4.9511221499999998       0.0132280266773783
    -12.6103088200000002      -2.1591519799999999      -5.4001659499999999       0.0130088645284303
    -11.1711017300000002      -3.4518378799999998      -5.6695922300000001       0.0116484415833042
    -11.5415831600000001      -1.2404538000000001      -5.8492097500000000       0.0125617106828244
     -6.6475915299999997       5.5157804500000003      -2.9305419499999998       0.0144246383989319
     -7.9599105899999998       5.2689668899999997      -3.6490120300000002       0.0143407152008344
     -8.7980175900000006       4.2077476200000001      -4.3674821100000001       0.0157462580881429
    -11.0541873400000004       7.6193516700000004       5.9655340700000004      -0.0004011526416079
    -10.1710850199999996       8.2191466999999996       4.7980201899999999      -0.0056291397359409
    -11.6844874000000001       8.4166586300000006       4.0795501200000004       0.0004228270690625
    -18.1679330599999993       4.4624738099999997       5.7811025300000001       0.0092750342293701
    -19.0966571999999992       3.3683002800000001       5.0626324499999997       0.0097080552089004
    -18.0105656799999991       5.4857905899999997       4.6135886499999996       0.0088327386163840
    -19.0657875399999988       4.3575315000000003       3.8951185700000002       0.0092647998920761
    -14.9697287100000000      -4.9673439799999999       1.7035588200000000       0.0163853827024401
    -15.8459180699999997      -4.5421401100000001       0.5360449400000000       0.0155249049507145
    -16.3846981300000003      -3.6844623599999999      -0.6314689400000000       0.0145371483943428
     -0.9500053899999999       5.1140812899999997       8.6920436300000006       0.0034151374220350
      0.8684374000000000       5.6895601400000002       8.5124261099999998       0.0034021253507994
     -0.7188168600000000       6.5224643599999999       8.2429998300000005       0.0009075507145866
      0.7213252900000000       7.1221242299999998       7.7939560300000004       0.0022124607136398
     -0.3063602400000000       7.9493907400000001       7.0754859500000000      -0.0009597912737469
     -3.3937347700000000      10.5789891800000007       0.6748626000000000      -0.0057095873960549
     -3.6914982599999999       9.9788565800000004      -1.2111213599999999      -0.0004862374164887
      5.7713036799999999       7.9377917399999998       2.5537249499999999       0.0018296960894091
      5.0647756399999997       9.2648135600000003       1.8352548700000000       0.0025464959586934
      6.4390631400000000       7.2025063300000003       1.3862110700000001       0.0001020305826422
      5.8176683599999999       8.6453741999999991       0.6677409900000000       0.0018727500213984
      6.1546742300000004       7.7305083000000003      -0.4997728900000000      -0.0002648419726867
      1.8519731699999999       9.7255186800000004      -5.0599909399999996       0.0091857030912799
      3.7898498599999999       8.3762877299999996      -5.5090347399999997       0.0111606787650977
      0.3881864300000000       9.5321731500000002      -5.7784610199999999       0.0096301742266398
      2.4549240100000000       8.8722240299999999      -6.2275048200000001       0.0113583717855512
      1.1426049500000000       8.6254104700000003      -6.9459749000000004       0.0116802693537181
      2.3703453400000001       7.5097363000000001      -7.3950186999999996       0.0145431896860160
      1.8648899500000000      -1.4068976600000000      -8.4615038100000000       0.0110128566130037
      0.8021979000000000      -0.3960047800000000      -8.9105476100000001       0.0150514879519541
      0.4317164600000000       1.8153793000000000      -9.0901651300000008       0.0169394575149973
      2.1502135400000002       0.2288589700000000      -9.1799738899999994       0.0124618968724342
      1.9263963000000000       1.8379242300000000      -9.2697826499999998       0.0166006435822190
      3.0315319299999999      -5.5844750400000001      -3.7597270599999999       0.0121296389518619
      4.5361482999999998      -5.7282034599999996      -4.4781971399999998       0.0124228810667795
      2.4927518800000001      -4.7267972900000004      -4.9272409399999999       0.0119996193280940
      3.8642901400000000      -4.8618593099999998      -5.6457110200000002       0.0104879011501779
      9.7534299699999991       4.5512524200000000       3.7038011599999998       0.0008503066084629
      8.5380879699999994       5.3540284900000001       2.9853310899999999       0.0009845320376023
     10.7648949199999997       4.4237095699999998       2.5362872900000002       0.0005296393107983
      9.5219783899999992       5.3577685700000002       1.8178172100000001       0.0017929302645001
      3.1849495600000002      -5.9995690499999998      -0.0367581500000000       0.0072907953965320
      5.3635321200000003      -8.1672213500000002       0.7812523700000000      -0.0050047012573486
      6.7883912500000001      -8.8235113500000004       0.0627822900000000      -0.0048088179138617
      4.5669935400000004      -7.6103266300000003      -0.3862615000000000       0.0027386704279770
      5.9122018900000004      -8.3983074700000007      -1.1047315799999999       0.0014740255629491
      4.1595700799999999      -6.7173433400000002      -1.5537753800000000       0.0093140694052423
      7.4168182500000004      -8.5420358899999993      -1.8232016600000001       0.0004885545119677
      5.3734218299999998      -7.5406297200000001      -2.2722454600000002       0.0070288813017498
      6.7449600900000002      -7.6756917500000004      -2.9907155400000001       0.0057942795737418
     14.9748463399999991      -7.2579993700000003       3.8447624700000000      -0.0126701890922156
     14.3862861700000000      -8.0328844799999999       2.6772485900000000      -0.0125219905464196
     15.3168117299999995      -6.7733401899999999       1.9587785099999999      -0.0141472245433789
     13.4823522400000009      -8.4055238499999998       1.5097347100000000      -0.0126398389868072
     14.4526276599999992      -7.2801650899999997       0.7912646300000000      -0.0153044177149297
     12.6906127000000009       1.8522918900000001       6.2425081499999999      -0.0053237214716724
     11.4752706900000003       2.6550679599999998       5.5240380699999996      -0.0027133971289928
     13.7020776499999997       1.7247490299999999       5.0749942700000004      -0.0067690055398728
     12.4591611199999992       2.6588080299999999       4.3565242000000000      -0.0039602177281850
      4.3793351300000003      -2.2533037500000002       8.7170512999999996      -0.0055020434673274
      4.9975865600000002      -0.6616629200000000       8.2680074999999995      -0.0061360065087825
      3.3967254499999999      -3.1217560400000002       7.9985812200000002      -0.0051064789592488
      8.0466573500000003      -7.8657096500000003      -4.1524221900000002       0.0025738793292938
      5.8252596299999997      -6.6525249300000002      -4.6014659900000003       0.0092749850617544
      7.1704679799999997      -7.4405057699999997      -5.3199360699999998       0.0047239739466072
      5.4178361800000001      -5.7595416400000001      -5.7689798699999999       0.0087087006433748
      8.6750843399999997      -7.5842341900000001      -6.0384061500000001       0.0008065688538750
      6.6316879300000000      -6.5828280200000000      -6.4874499500000002       0.0051353379748953
      8.0032261800000004      -6.7178900400000003      -7.2059200199999998       0.0021385889615928
     13.3340521600000006       2.5935971800000002      -9.1486605700000005       0.0046628882451181
     14.5398284499999999       0.9916496000000000      -9.5977043599999998       0.0026385229506189
     12.0217331099999996       2.3467836300000000      -9.8671306399999992       0.0065137157191835
     13.2494734899999997       1.2311094499999999     -10.3161744399999993       0.0067573508210117
     13.4943515299999994      -1.9713662700000001     -10.4957919600000000       0.0031484629783840
     11.1836261100000005       1.2855643600000000     -10.5856007200000004       0.0060012560276874
     10.7403629499999997      -2.3508097700000001     -10.6754094800000008       0.0045878904772998
     13.2305015699999995      -0.1983776200000000     -10.7652182399999994       0.0065792204468273
     12.0883786000000004      -1.7259460200000001     -10.9448357600000001       0.0060619221942471
     11.8645613599999997      -0.1168807600000000     -11.0346445200000005       0.0073702104169833
     11.1082865000000002       5.5320077799999998      -0.7293697500000000       0.0010241268569047
      9.8929445000000005       6.3347838500000000      -1.4478398299999999       0.0029759223547465
     12.1197514500000008       5.4044649299999996      -1.8968836200000001      -0.0013643399407712
     10.8768349200000003       6.3385239200000001      -2.6153537000000000       0.0028722336790992
     11.7148270399999994       5.8468441200000001      -3.7828675800000000       0.0014770983809278
      5.6864919299999999       6.6523527400000004      -5.5047747300000003       0.0160537150715605
      6.6471600500000001       6.8029304799999997      -6.6722886099999998       0.0183952050000578
      5.1162629400000004       6.4890317499999997      -7.3907586900000002       0.0215135090397247
      7.5583231900000003       6.4435094800000003      -7.8398024800000004       0.0172725340709796
      3.8930345700000002       5.5882918000000004      -8.1092287600000006       0.0234338825771090
      6.0945364499999997       6.2501639400000002      -8.5582725600000007       0.0201447415893590
      3.2284023899999998       4.3040677900000004      -8.8276988400000000       0.0229354089041642
      4.9641377100000001       5.4417875899999997      -9.2767426400000002       0.0211197920402384
      6.8489549800000002       5.3434012700000002      -9.7257864400000003       0.0165664319146437
      4.5008472499999996       4.2121801000000003      -9.9952127199999996       0.0192328817529059
