*************************************************
******************* ORCA 6.0.1 ******************
*************************************************
$Calculation_Status
   &GeometryIndex 15
   &ListStatus       OUT
   &VERSION [&Type "String"] "6.0.1"
   &PROGNAME [&Type "String"] "LeanSCF"
   &STATUS [&Type "String"] "NORMAL TERMINATION"
$End
$Geometry
   &GeometryIndex 1
   &ListStatus       OUT
   &NATOMS [&Type "Integer"] 61
   &NCORELESSECP [&Type "Integer"] 0
   &NGHOSTATOMS [&Type "Integer"] 0
   &CartesianCoordinates [&Type "Coordinates", &Dim(61,4), &Units "Bohr"] 
              O     -5.177423492598    5.116525839611    3.550234024695
              C     -4.688873823518    2.911456343612    3.224322803851
              C     -6.515464641942    0.754473499119    2.997270092367
              H     -7.641694155708    0.679445041020    4.713292978004
              C     -4.859408152254   -1.585576885852    2.667204799946
              C     -5.632562652453   -2.831299036505    0.128488564763
              C     -3.992083666616   -2.096714753767   -2.053469882973
              C     -2.691061817599   -3.718193639369   -3.438453908182
              C     -8.337863443088   -1.857959384076   -0.203315956002
              C     -8.230335928472    0.886269405870    0.646927956515
              C    -10.694040939858    2.170194278944    1.141116606174
              C    -12.955389749351    1.207999135211    0.680639026683
              H     -5.104548736477   -2.931634461325    4.196638073537
              N     -2.258402424094    1.981794895077    3.000217970650
              C     -0.012297184947    3.556665046188    3.239252358405
              C      0.284900705539    5.537900884686    1.183382107502
              C     -0.103325349509    4.608949878690   -1.505532017449
              C      1.275312861958    2.211799056426   -2.174486980829
              O      3.901248783242    2.452729727665   -1.666076422362
              C      5.230450587416    0.146519537848   -1.800380751583
              C      6.630913510566   -0.389853524990    0.637637817177
              O      5.016216738675   -0.566011092886    2.758133470428
              C      8.199507673316   -2.790094125072    0.334436928167
              C      9.792087733042   -3.364487759629    2.641660710390
              O      8.311127559951   -4.179893814977    4.704480334664
              O      9.889516664582   -2.496193126389   -1.721912954126
              C      8.632291184034   -2.185901153445   -4.025191158256
              O     10.512852694227   -2.106183698993   -5.860867156323
              C      7.094724907108    0.225338106271   -3.970758976469
              O      5.873247035685    0.434216924682   -6.330463533684
              C     -2.197492317811   -0.612016286643    2.796688475595
              O     -0.281262869348   -1.865073919511    2.737394784355
              H     -5.591668393100   -4.874989133201    0.312627088630
              H     -3.902248731826   -0.101532301764   -2.512995437336
              H     -1.543960996780   -3.091094843738   -5.006877976683
              H     -2.728010876806   -5.722846699556   -3.033614647080
              H     -9.591703687137   -2.911892379020    1.044867392865
              H     -9.018042699402   -2.077018875267   -2.128608209750
              H     -7.244504751661    1.986953941909   -0.794317448687
              H    -10.551831489376    4.054472861544    1.930240803986
              H    -14.648941183433    2.273614832856    1.086168434666
              H    -13.192669394110   -0.658679256274   -0.115631699628
              H      1.581750681759    2.275055408882    3.232852158346
              H     -0.077458343551    4.468993491986    5.078782793072
              H     -1.006215747104    7.096492575831    1.528998201943
              H      2.188872256462    6.287435773526    1.391282803666
              H     -2.104972290055    4.252413926195   -1.844186663169
              H      0.444787504655    6.108894939722   -2.804130311596
              H      0.982477631019    1.767427008061   -4.167570306145
              H      0.538823168360    0.628420356705   -1.092446860773
              H      3.901929764952   -1.400229617561   -2.143657988681
              H      7.920208739648    1.170570954841    1.021935244976
              H      3.406567141830   -1.327590831542    2.334494703520
              H      6.932789928322   -4.387984938844   -0.018412830045
              H     11.095886345640   -4.879897243299    2.175319046143
              H     10.900107297762   -1.693707336488    3.132665700637
              H      6.933487841978   -2.993605686626    4.871045444835
              H      7.373478106767   -3.801252375291   -4.343601772616
              H      9.788335927468   -1.401919618540   -7.375517631491
              H      8.395890847743    1.801220243521   -3.688794735266
              H      5.199088163374    2.112794357852   -6.495588067828
$End
$SCF_Energy
   &GeometryIndex 1
   &ListStatus       OUT
   &SCF_ENERGY [&Type "Double"]      -1.4665773592173937e+03
$End
$Mulliken_Population_Analysis
   &GeometryIndex 1
   &ListStatus       OUT
   &NATOMS [&Type "Integer"] 61
   &ATNO [&Type "ArrayOfIntegers", &Dim (61,1)] 
                                                         0

0                                                        8
1                                                        6
2                                                        6
3                                                        1
4                                                        6
5                                                        6
6                                                        6
7                                                        6
8                                                        6
9                                                        6
10                                                       6
11                                                       6
12                                                       1
13                                                       7
14                                                       6
15                                                       6
16                                                       6
17                                                       6
18                                                       8
19                                                       6
20                                                       6
21                                                       8
22                                                       6
23                                                       6
24                                                       8
25                                                       8
26                                                       6
27                                                       8
28                                                       6
29                                                       8
30                                                       6
31                                                       8
32                                                       1
33                                                       1
34                                                       1
35                                                       1
36                                                       1
37                                                       1
38                                                       1
39                                                       1
40                                                       1
41                                                       1
42                                                       1
43                                                       1
44                                                       1
45                                                       1
46                                                       1
47                                                       1
48                                                       1
49                                                       1
50                                                       1
51                                                       1
52                                                       1
53                                                       1
54                                                       1
55                                                       1
56                                                       1
57                                                       1
58                                                       1
59                                                       1
60                                                       1
   &ATOMICCHARGES [&Type "ArrayOfDoubles", &Dim (61,1)] 
                                                         0

0                                     -5.9644061363133538e-01
1                                      8.3104864256549593e-01
2                                     -3.0981693746248418e-01
3                                      2.4425634644593297e-01
4                                     -3.0290932382828473e-01
5                                     -2.1075899121802966e-01
6                                     -1.4334172016131497e-01
7                                     -3.9385038247699367e-01
8                                     -3.2844227046690211e-01
9                                     -2.1480896910967306e-01
10                                    -1.2107359980849441e-01
11                                    -4.1536249828742378e-01
12                                     2.4414642015070698e-01
13                                    -7.7491295077049571e-01
14                                    -1.6281529490892410e-01
15                                    -3.3410896640047749e-01
16                                    -3.5424161884474259e-01
17                                     1.9827685025086694e-03
18                                    -7.0920378602242096e-01
19                                     1.2057019369596045e-01
20                                     2.0502718201042214e-01
21                                    -8.6400443724704701e-01
22                                     1.1037565924160297e-01
23                                     3.8890607008879030e-02
24                                    -8.1700255937187904e-01
25                                    -6.9236870837393560e-01
26                                     5.8388770927933642e-01
27                                    -7.9945836630722411e-01
28                                     1.2270271555490364e-01
29                                    -8.2113437296044012e-01
30                                     8.5817264049998698e-01
31                                    -6.4978367909922063e-01
32                                     2.0835114155527923e-01
33                                     1.9081785799138451e-01
34                                     1.9108213892455339e-01
35                                     1.8980981389939999e-01
36                                     1.8383906150409057e-01
37                                     1.9962385864580123e-01
38                                     1.9885398137047927e-01
39                                     2.1862847065679802e-01
40                                     1.9070140536953195e-01
41                                     1.8175682867996013e-01
42                                     2.5939797794372033e-01
43                                     2.0802157708183699e-01
44                                     2.0496067300877141e-01
45                                     1.9480016980093118e-01
46                                     1.5994553044434823e-01
47                                     1.8100501671359670e-01
48                                     1.5033369533143515e-01
49                                     1.7722436075962200e-01
50                                     1.7108452553036724e-01
51                                     1.9310616135095549e-01
52                                     5.2351635894817750e-01
53                                     1.6733818237470643e-01
54                                     1.8951676811284668e-01
55                                     1.5043746276892445e-01
56                                     4.9383381506112811e-01
57                                     1.4573619066418309e-01
58                                     4.6859137544719420e-01
59                                     1.9181496513760588e-01
60                                     4.7064979672431961e-01
$End
$Loewdin_Population_Analysis
   &GeometryIndex 1
   &ListStatus       OUT
   &NATOMS [&Type "Integer"] 61
   &ATNO [&Type "ArrayOfIntegers", &Dim (61,1)] 
                                                         0

0                                                        8
1                                                        6
2                                                        6
3                                                        1
4                                                        6
5                                                        6
6                                                        6
7                                                        6
8                                                        6
9                                                        6
10                                                       6
11                                                       6
12                                                       1
13                                                       7
14                                                       6
15                                                       6
16                                                       6
17                                                       6
18                                                       8
19                                                       6
20                                                       6
21                                                       8
22                                                       6
23                                                       6
24                                                       8
25                                                       8
26                                                       6
27                                                       8
28                                                       6
29                                                       8
30                                                       6
31                                                       8
32                                                       1
33                                                       1
34                                                       1
35                                                       1
36                                                       1
37                                                       1
38                                                       1
39                                                       1
40                                                       1
41                                                       1
42                                                       1
43                                                       1
44                                                       1
45                                                       1
46                                                       1
47                                                       1
48                                                       1
49                                                       1
50                                                       1
51                                                       1
52                                                       1
53                                                       1
54                                                       1
55                                                       1
56                                                       1
57                                                       1
58                                                       1
59                                                       1
60                                                       1
   &ATOMICCHARGES [&Type "ArrayOfDoubles", &Dim (61,1)] 
                                                         0

0                                     -3.0229882863301150e-01
1                                      2.1289030570225531e-01
2                                     -1.3873418045912178e-01
3                                      1.5880658798384473e-01
4                                     -1.3709881256143230e-01
5                                     -1.0658318689729729e-01
6                                     -1.4459010864652733e-01
7                                     -2.6137626583808249e-01
8                                     -2.1904381169449039e-01
9                                     -1.1246885187144873e-01
10                                    -1.3015620800361205e-01
11                                    -2.8160122727611192e-01
12                                     1.6016278813629481e-01
13                                    -1.1127026283796759e-01
14                                    -1.4105363395035475e-01
15                                    -2.3647126173170285e-01
16                                    -2.3798401611244380e-01
17                                    -7.6930536389010484e-02
18                                    -3.0498365534074345e-01
19                                    -8.5915473232480721e-03
20                                    -2.4090378008727598e-03
21                                    -4.5481398752329127e-01
22                                    -9.6263844356379025e-03
23                                    -6.6112528564115536e-02
24                                    -4.8016728604977743e-01
25                                    -2.6847102938838674e-01
26                                     1.2961870787282237e-01
27                                    -4.2694471407684809e-01
28                                    -2.2341790285360652e-02
29                                    -4.5737614186119657e-01
30                                     2.2504720376041121e-01
31                                    -3.2574584490541092e-01
32                                     1.3789501226104706e-01
33                                     1.2748101551879576e-01
34                                     1.3869504360272666e-01
35                                     1.3745533980064695e-01
36                                     1.2862810257713231e-01
37                                     1.3534458237353419e-01
38                                     1.3196451245589980e-01
39                                     1.4626136927511757e-01
40                                     1.3913726539184978e-01
41                                     1.3192382939855585e-01
42                                     1.6028692761893260e-01
43                                     1.4120018652716426e-01
44                                     1.3904878976466839e-01
45                                     1.3866228682278892e-01
46                                     1.1885544777452306e-01
47                                     1.3028047067679227e-01
48                                     1.0485064281968026e-01
49                                     1.1538998480668550e-01
50                                     1.1800175163134974e-01
51                                     1.3066806727730973e-01
52                                     3.3924545097068237e-01
53                                     1.1197169063130819e-01
54                                     1.3189667089544788e-01
55                                     1.0777989727461446e-01
56                                     3.3196516778084928e-01
57                                     9.6347032878450478e-02
58                                     3.4061757242250790e-01
59                                     1.2659890990929568e-01
60                                     3.4026652586362882e-01
$End
$Mayer_Population_Analysis
   &GeometryIndex 1
   &ListStatus       OUT
   &NATOMS [&Type "Integer"] 61 "Total number of atoms"
   &BONDTHRESH [&Type "Double"]       1.0000000000000001e-01  "The threshold for printing"
   &NBONDORDERSPRINT [&Type "Integer"] 63 "The number of bond orders larger than threshold"
   &BONDORDERS [&Type "ArrayOfDoubles", &Dim (63,1)] "The bond orders"
                                                         0

0                                      1.8097216665835167e+00
1                                      9.5454898599929638e-01
2                                      9.6790988364591934e-01
3                                      9.2353179708175281e-01
4                                      9.5368630217903783e-01
5                                      9.4262832746470016e-01
6                                      9.4722915649621842e-01
7                                      9.2682959548575794e-01
8                                      9.6487215524639858e-01
9                                      9.9501586655388119e-01
10                                     9.6715075812432294e-01
11                                     9.5202709079535841e-01
12                                     1.9513861761268581e+00
13                                     9.3761924661014207e-01
14                                     9.5159574260662561e-01
15                                     9.5161906359100268e-01
16                                     9.6844790046232498e-01
17                                     9.4926545544719843e-01
18                                     9.4781234890931498e-01
19                                     1.0128659336657702e+00
20                                     9.3836272580319469e-01
21                                     1.9524826350958779e+00
22                                     9.3385484508623284e-01
23                                     9.5158262298567087e-01
24                                     9.5144431086974868e-01
25                                     7.8985305357847280e-01
26                                     1.0120877345231643e+00
27                                     9.7308983768999535e-01
28                                     9.0864185252237684e-01
29                                     9.4903891992948319e-01
30                                     9.6928688688785136e-01
31                                     9.4335047945593176e-01
32                                     9.4476766037069837e-01
33                                     9.8522767166313518e-01
34                                     9.5020643797795079e-01
35                                     9.5428590072521857e-01
36                                     8.1359298001455649e-01
37                                     9.5041957568627178e-01
38                                     9.2768368536829671e-01
39                                     8.0096389547463731e-01
40                                     9.8769650527344810e-01
41                                     9.5975878419556160e-01
42                                     9.3257873709066708e-01
43                                     8.0774733467630955e-01
44                                     9.2949078194763457e-01
45                                     9.3308216099835573e-01
46                                     6.4872150409064111e-01
47                                     9.8411962518527185e-01
48                                     7.9568077133402948e-01
49                                     9.3345602897379809e-01
50                                     8.7258897408647162e-01
51                                     9.4934568557137866e-01
52                                     9.4510104982076204e-01
53                                     6.9060848762819860e-01
54                                     8.4056672457504855e-01
55                                     8.6877060490217883e-01
56                                     9.4742012178464896e-01
57                                     9.4048033009130549e-01
58                                     7.3327905057063136e-01
59                                     8.1902677290934889e-01
60                                     9.3281744833430946e-01
61                                     7.3870031387451596e-01
62                                     1.6932291368715546e+00
   &COMPONENTS [&Type "ArrayOfIntegers", &Dim (63,4)] "The indices and atomic numbers of the bonding atoms"
                                                         0                           1                           2                           3

0                                                        0                           8                           1                           6
1                                                        1                           6                           2                           6
2                                                        1                           6                          13                           7
3                                                        2                           6                           3                           1
4                                                        2                           6                           4                           6
5                                                        2                           6                           9                           6
6                                                        4                           6                           5                           6
7                                                        4                           6                          12                           1
8                                                        4                           6                          30                           6
9                                                        5                           6                           6                           6
10                                                       5                           6                           8                           6
11                                                       5                           6                          32                           1
12                                                       6                           6                           7                           6
13                                                       6                           6                          33                           1
14                                                       7                           6                          34                           1
15                                                       7                           6                          35                           1
16                                                       8                           6                           9                           6
17                                                       8                           6                          36                           1
18                                                       8                           6                          37                           1
19                                                       9                           6                          10                           6
20                                                       9                           6                          38                           1
21                                                      10                           6                          11                           6
22                                                      10                           6                          39                           1
23                                                      11                           6                          40                           1
24                                                      11                           6                          41                           1
25                                                      13                           7                          14                           6
26                                                      13                           7                          30                           6
27                                                      14                           6                          15                           6
28                                                      14                           6                          42                           1
29                                                      14                           6                          43                           1
30                                                      15                           6                          16                           6
31                                                      15                           6                          44                           1
32                                                      15                           6                          45                           1
33                                                      16                           6                          17                           6
34                                                      16                           6                          46                           1
35                                                      16                           6                          47                           1
36                                                      17                           6                          18                           8
37                                                      17                           6                          48                           1
38                                                      17                           6                          49                           1
39                                                      18                           8                          19                           6
40                                                      19                           6                          20                           6
41                                                      19                           6                          28                           6
42                                                      19                           6                          50                           1
43                                                      20                           6                          21                           8
44                                                      20                           6                          22                           6
45                                                      20                           6                          51                           1
46                                                      21                           8                          52                           1
47                                                      22                           6                          23                           6
48                                                      22                           6                          25                           8
49                                                      22                           6                          53                           1
50                                                      23                           6                          24                           8
51                                                      23                           6                          54                           1
52                                                      23                           6                          55                           1
53                                                      24                           8                          56                           1
54                                                      25                           8                          26                           6
55                                                      26                           6                          27                           8
56                                                      26                           6                          28                           6
57                                                      26                           6                          57                           1
58                                                      27                           8                          58                           1
59                                                      28                           6                          29                           8
60                                                      28                           6                          59                           1
61                                                      29                           8                          60                           1
62                                                      30                           6                          31                           8
   &ATNO [&Type "ArrayOfIntegers", &Dim (61,1)] "Atomic number of the elements"
                                                         0

0                                                        8
1                                                        6
2                                                        6
3                                                        1
4                                                        6
5                                                        6
6                                                        6
7                                                        6
8                                                        6
9                                                        6
10                                                       6
11                                                       6
12                                                       1
13                                                       7
14                                                       6
15                                                       6
16                                                       6
17                                                       6
18                                                       8
19                                                       6
20                                                       6
21                                                       8
22                                                       6
23                                                       6
24                                                       8
25                                                       8
26                                                       6
27                                                       8
28                                                       6
29                                                       8
30                                                       6
31                                                       8
32                                                       1
33                                                       1
34                                                       1
35                                                       1
36                                                       1
37                                                       1
38                                                       1
39                                                       1
40                                                       1
41                                                       1
42                                                       1
43                                                       1
44                                                       1
45                                                       1
46                                                       1
47                                                       1
48                                                       1
49                                                       1
50                                                       1
51                                                       1
52                                                       1
53                                                       1
54                                                       1
55                                                       1
56                                                       1
57                                                       1
58                                                       1
59                                                       1
60                                                       1
   &NA [&Type "ArrayOfDoubles", &Dim (61,1)] "Mulliken gross atomic population"
                                                         0

0                                      8.5964406136313443e+00
1                                      5.1689513574344890e+00
2                                      6.3098169374625037e+00
3                                      7.5574365355406714e-01
4                                      6.3029093238283034e+00
5                                      6.2107589912180323e+00
6                                      6.1433417201613461e+00
7                                      6.3938503824769821e+00
8                                      6.3284422704669119e+00
9                                      6.2148089691096455e+00
10                                     6.1210735998084873e+00
11                                     6.4153624982874247e+00
12                                     7.5585357984929247e-01
13                                     7.7749129507704984e+00
14                                     6.1628152949089268e+00
15                                     6.3341089664004961e+00
16                                     6.3542416188447479e+00
17                                     5.9980172314974860e+00
18                                     8.7092037860224050e+00
19                                     5.8794298063040555e+00
20                                     5.7949728179895903e+00
21                                     8.8640044372470541e+00
22                                     5.8896243407583952e+00
23                                     5.9611093929911458e+00
24                                     8.8170025593718950e+00
25                                     8.6923687083739534e+00
26                                     5.4161122907206645e+00
27                                     8.7994583663072081e+00
28                                     5.8772972844451115e+00
29                                     8.8211343729604472e+00
30                                     5.1418273595000290e+00
31                                     8.6497836790991975e+00
32                                     7.9164885844472122e-01
33                                     8.0918214200861571e-01
34                                     8.0891786107544783e-01
35                                     8.1019018610060078e-01
36                                     8.1616093849590887e-01
37                                     8.0037614135419943e-01
38                                     8.0114601862952128e-01
39                                     7.8137152934320164e-01
40                                     8.0929859463046805e-01
41                                     8.1824317132004043e-01
42                                     7.4060202205627912e-01
43                                     7.9197842291816356e-01
44                                     7.9503932699122948e-01
45                                     8.0519983019906738e-01
46                                     8.4005446955565122e-01
47                                     8.1899498328640352e-01
48                                     8.4966630466856641e-01
49                                     8.2277563924037989e-01
50                                     8.2891547446963354e-01
51                                     8.0689383864904474e-01
52                                     4.7648364105182295e-01
53                                     8.3266181762529345e-01
54                                     8.1048323188715343e-01
55                                     8.4956253723107511e-01
56                                     5.0616618493887111e-01
57                                     8.5426380933581736e-01
58                                     5.3140862455280546e-01
59                                     8.0818503486239290e-01
60                                     5.2935020327568050e-01
   &ZA [&Type "ArrayOfDoubles", &Dim (61,1)] "Total nuclear charge"
                                                         0

0                                      8.0000000000000000e+00
1                                      6.0000000000000000e+00
2                                      6.0000000000000000e+00
3                                      1.0000000000000000e+00
4                                      6.0000000000000000e+00
5                                      6.0000000000000000e+00
6                                      6.0000000000000000e+00
7                                      6.0000000000000000e+00
8                                      6.0000000000000000e+00
9                                      6.0000000000000000e+00
10                                     6.0000000000000000e+00
11                                     6.0000000000000000e+00
12                                     1.0000000000000000e+00
13                                     7.0000000000000000e+00
14                                     6.0000000000000000e+00
15                                     6.0000000000000000e+00
16                                     6.0000000000000000e+00
17                                     6.0000000000000000e+00
18                                     8.0000000000000000e+00
19                                     6.0000000000000000e+00
20                                     6.0000000000000000e+00
21                                     8.0000000000000000e+00
22                                     6.0000000000000000e+00
23                                     6.0000000000000000e+00
24                                     8.0000000000000000e+00
25                                     8.0000000000000000e+00
26                                     6.0000000000000000e+00
27                                     8.0000000000000000e+00
28                                     6.0000000000000000e+00
29                                     8.0000000000000000e+00
30                                     6.0000000000000000e+00
31                                     8.0000000000000000e+00
32                                     1.0000000000000000e+00
33                                     1.0000000000000000e+00
34                                     1.0000000000000000e+00
35                                     1.0000000000000000e+00
36                                     1.0000000000000000e+00
37                                     1.0000000000000000e+00
38                                     1.0000000000000000e+00
39                                     1.0000000000000000e+00
40                                     1.0000000000000000e+00
41                                     1.0000000000000000e+00
42                                     1.0000000000000000e+00
43                                     1.0000000000000000e+00
44                                     1.0000000000000000e+00
45                                     1.0000000000000000e+00
46                                     1.0000000000000000e+00
47                                     1.0000000000000000e+00
48                                     1.0000000000000000e+00
49                                     1.0000000000000000e+00
50                                     1.0000000000000000e+00
51                                     1.0000000000000000e+00
52                                     1.0000000000000000e+00
53                                     1.0000000000000000e+00
54                                     1.0000000000000000e+00
55                                     1.0000000000000000e+00
56                                     1.0000000000000000e+00
57                                     1.0000000000000000e+00
58                                     1.0000000000000000e+00
59                                     1.0000000000000000e+00
60                                     1.0000000000000000e+00
   &QA [&Type "ArrayOfDoubles", &Dim (61,1)] "Mulliken gross atomic charge"
                                                         0

0                                     -5.9644061363134426e-01
1                                      8.3104864256551103e-01
2                                     -3.0981693746250372e-01
3                                      2.4425634644593286e-01
4                                     -3.0290932382830338e-01
5                                     -2.1075899121803232e-01
6                                     -1.4334172016134605e-01
7                                     -3.9385038247698212e-01
8                                     -3.2844227046691188e-01
9                                     -2.1480896910964553e-01
10                                    -1.2107359980848731e-01
11                                    -4.1536249828742466e-01
12                                     2.4414642015070753e-01
13                                    -7.7491295077049838e-01
14                                    -1.6281529490892677e-01
15                                    -3.3410896640049614e-01
16                                    -3.5424161884474792e-01
17                                     1.9827685025139985e-03
18                                    -7.0920378602240497e-01
19                                     1.2057019369594446e-01
20                                     2.0502718201040970e-01
21                                    -8.6400443724705411e-01
22                                     1.1037565924160475e-01
23                                     3.8890607008854161e-02
24                                    -8.1700255937189503e-01
25                                    -6.9236870837395337e-01
26                                     5.8388770927933553e-01
27                                    -7.9945836630720812e-01
28                                     1.2270271555488854e-01
29                                    -8.2113437296044722e-01
30                                     8.5817264049997100e-01
31                                    -6.4978367909919754e-01
32                                     2.0835114155527878e-01
33                                     1.9081785799138429e-01
34                                     1.9108213892455217e-01
35                                     1.8980981389939922e-01
36                                     1.8383906150409113e-01
37                                     1.9962385864580057e-01
38                                     1.9885398137047872e-01
39                                     2.1862847065679836e-01
40                                     1.9070140536953195e-01
41                                     1.8175682867995957e-01
42                                     2.5939797794372088e-01
43                                     2.0802157708183644e-01
44                                     2.0496067300877052e-01
45                                     1.9480016980093262e-01
46                                     1.5994553044434878e-01
47                                     1.8100501671359648e-01
48                                     1.5033369533143359e-01
49                                     1.7722436075962011e-01
50                                     1.7108452553036646e-01
51                                     1.9310616135095526e-01
52                                     5.2351635894817705e-01
53                                     1.6733818237470655e-01
54                                     1.8951676811284657e-01
55                                     1.5043746276892489e-01
56                                     4.9383381506112889e-01
57                                     1.4573619066418264e-01
58                                     4.6859137544719454e-01
59                                     1.9181496513760710e-01
60                                     4.7064979672431950e-01
   &VA [&Type "ArrayOfDoubles", &Dim (61,1)] "Mayer's total valence"
                                                         0

0                                      1.9016196723212817e+00
1                                      3.6950336136092292e+00
2                                      3.6481970834781428e+00
3                                      9.1188568909257617e-01
4                                      3.6812808299856155e+00
5                                      3.7862395307061303e+00
6                                      3.7990746081882558e+00
7                                      3.8809039995726264e+00
8                                      3.7207964875422910e+00
9                                      3.7815103613682441e+00
10                                     3.8170279276373464e+00
11                                     3.8651719568518419e+00
12                                     9.0874065165796791e-01
13                                     2.7682958272644984e+00
14                                     3.5971398461027757e+00
15                                     3.7440473382197546e+00
16                                     3.7813043609562120e+00
17                                     3.6473661517963460e+00
18                                     1.6254426515396547e+00
19                                     3.6477495039152763e+00
20                                     3.5969645832049233e+00
21                                     1.5699233812233071e+00
22                                     3.6056393133490356e+00
23                                     3.7169136333639057e+00
24                                     1.5808182693603103e+00
25                                     1.6549989426946472e+00
26                                     3.5711306711065758e+00
27                                     1.6250334219074478e+00
28                                     3.6328640939596255e+00
29                                     1.5846333939582926e+00
30                                     3.6475006783789103e+00
31                                     1.8448344226189710e+00
32                                     9.2086078650385272e-01
33                                     9.2876941916395639e-01
34                                     9.3476482326205323e-01
35                                     9.3420993256124940e-01
36                                     9.2552372933331351e-01
37                                     9.2634485378789277e-01
38                                     9.1449512085307583e-01
39                                     9.2330129400805960e-01
40                                     9.3437983661236568e-01
41                                     9.3393346486082096e-01
42                                     9.1710118267764995e-01
43                                     9.1925239252156032e-01
44                                     9.2035970246369703e-01
45                                     9.2074052559629627e-01
46                                     9.2796652922522638e-01
47                                     9.2426789773256246e-01
48                                     9.2947527875039215e-01
49                                     9.2654838104889525e-01
50                                     9.3309030752953681e-01
51                                     9.2403056309849119e-01
52                                     7.0747021175496916e-01
53                                     9.2895960036196312e-01
54                                     9.2535703902173549e-01
55                                     9.2698937642907719e-01
56                                     7.4073235480437882e-01
57                                     9.3023295982831222e-01
58                                     7.5809366167893322e-01
59                                     9.2435225313745395e-01
60                                     7.5091884169881995e-01
   &BVA [&Type "ArrayOfDoubles", &Dim (61,1)] "Mayer's bonded valence"
                                                         0

0                                      1.9016196723212628e+00
1                                      3.6950336136092550e+00
2                                      3.6481970834780988e+00
3                                      9.1188568909257484e-01
4                                      3.6812808299856217e+00
5                                      3.7862395307061325e+00
6                                      3.7990746081881679e+00
7                                      3.8809039995726353e+00
8                                      3.7207964875422572e+00
9                                      3.7815103613683023e+00
10                                     3.8170279276373860e+00
11                                     3.8651719568518499e+00
12                                     9.0874065165798201e-01
13                                     2.7682958272645131e+00
14                                     3.5971398461027242e+00
15                                     3.7440473382196591e+00
16                                     3.7813043609561978e+00
17                                     3.6473661517963523e+00
18                                     1.6254426515396772e+00
19                                     3.6477495039152239e+00
20                                     3.5969645832049317e+00
21                                     1.5699233812233135e+00
22                                     3.6056393133491458e+00
23                                     3.7169136333638844e+00
24                                     1.5808182693602826e+00
25                                     1.6549989426946505e+00
26                                     3.5711306711066002e+00
27                                     1.6250334219074885e+00
28                                     3.6328640939596406e+00
29                                     1.5846333939582444e+00
30                                     3.6475006783788526e+00
31                                     1.8448344226190110e+00
32                                     9.2086078650385916e-01
33                                     9.2876941916394462e-01
34                                     9.3476482326205157e-01
35                                     9.3420993256124707e-01
36                                     9.2552372933331939e-01
37                                     9.2634485378789444e-01
38                                     9.1449512085307316e-01
39                                     9.2330129400805516e-01
40                                     9.3437983661236557e-01
41                                     9.3393346486081807e-01
42                                     9.1710118267765495e-01
43                                     9.1925239252155921e-01
44                                     9.2035970246368770e-01
45                                     9.2074052559628539e-01
46                                     9.2796652922523104e-01
47                                     9.2426789773256623e-01
48                                     9.2947527875038927e-01
49                                     9.2654838104889492e-01
50                                     9.3309030752952538e-01
51                                     9.2403056309849574e-01
52                                     7.0747021175496927e-01
53                                     9.2895960036197034e-01
54                                     9.2535703902173427e-01
55                                     9.2698937642907575e-01
56                                     7.4073235480438260e-01
57                                     9.3023295982831622e-01
58                                     7.5809366167893166e-01
59                                     9.2435225313745273e-01
60                                     7.5091884169881806e-01
   &FA [&Type "ArrayOfDoubles", &Dim (61,1)] "Mayer's free valence"
                                                         0

0                                      0.0000000000000000e+00
1                                      0.0000000000000000e+00
2                                      0.0000000000000000e+00
3                                      0.0000000000000000e+00
4                                      0.0000000000000000e+00
5                                      0.0000000000000000e+00
6                                      0.0000000000000000e+00
7                                      0.0000000000000000e+00
8                                      0.0000000000000000e+00
9                                      0.0000000000000000e+00
10                                     0.0000000000000000e+00
11                                     0.0000000000000000e+00
12                                     0.0000000000000000e+00
13                                     0.0000000000000000e+00
14                                     0.0000000000000000e+00
15                                     0.0000000000000000e+00
16                                     0.0000000000000000e+00
17                                     0.0000000000000000e+00
18                                     0.0000000000000000e+00
19                                     0.0000000000000000e+00
20                                     0.0000000000000000e+00
21                                     0.0000000000000000e+00
22                                     0.0000000000000000e+00
23                                     0.0000000000000000e+00
24                                     0.0000000000000000e+00
25                                     0.0000000000000000e+00
26                                     0.0000000000000000e+00
27                                     0.0000000000000000e+00
28                                     0.0000000000000000e+00
29                                     0.0000000000000000e+00
30                                     0.0000000000000000e+00
31                                     0.0000000000000000e+00
32                                     0.0000000000000000e+00
33                                     0.0000000000000000e+00
34                                     0.0000000000000000e+00
35                                     0.0000000000000000e+00
36                                     0.0000000000000000e+00
37                                     0.0000000000000000e+00
38                                     0.0000000000000000e+00
39                                     0.0000000000000000e+00
40                                     0.0000000000000000e+00
41                                     0.0000000000000000e+00
42                                     0.0000000000000000e+00
43                                     0.0000000000000000e+00
44                                     0.0000000000000000e+00
45                                     0.0000000000000000e+00
46                                     0.0000000000000000e+00
47                                     0.0000000000000000e+00
48                                     0.0000000000000000e+00
49                                     0.0000000000000000e+00
50                                     0.0000000000000000e+00
51                                     0.0000000000000000e+00
52                                     0.0000000000000000e+00
53                                     0.0000000000000000e+00
54                                     0.0000000000000000e+00
55                                     0.0000000000000000e+00
56                                     0.0000000000000000e+00
57                                     0.0000000000000000e+00
58                                     0.0000000000000000e+00
59                                     0.0000000000000000e+00
60                                     0.0000000000000000e+00
$End
$SCF_Nuc_Gradient
   &GeometryIndex 1
   &ListStatus       OUT
   &NATOMS [&Type "Integer"] 61
   &ROOT [&Type "Integer"] 0
   &GRADNORM [&Type "Double"]       9.3451501649463822e-02
   &GRAD [&Type "ArrayOfDoubles", &Dim (183,1)] 
                                                         0

0                                     -4.2638982754468202e-03
1                                      2.9734660973517180e-02
2                                      5.1186222075312315e-03
3                                     -1.3163810583782798e-03
4                                     -3.4030694373800685e-02
5                                     -6.7288880274189999e-03
6                                      4.8594459140858248e-03
7                                     -5.0123326461104512e-04
8                                     -6.5927840908088786e-03
9                                     -8.0361995332989267e-04
10                                    -5.4053781901586273e-04
11                                     2.3702702382148999e-03
12                                     7.2933590921309133e-05
13                                     6.9544934388563462e-03
14                                    -5.9415409478071890e-03
15                                     5.8777088097450303e-04
16                                     6.9416059227220828e-03
17                                    -1.9072800529281730e-03
18                                    -6.2334039157647680e-03
19                                     8.1333907221470270e-04
20                                     1.0153852240043171e-02
21                                     1.5697714777904714e-03
22                                    -1.6681198028116739e-03
23                                    -8.0996695668922314e-04
24                                     5.7610382509323266e-03
25                                     5.6451003738775540e-03
26                                     3.1435961001808899e-03
27                                    -2.2669100707535250e-03
28                                    -5.0300419071289681e-03
29                                     3.3400838246939735e-03
30                                     1.2184169750132812e-02
31                                    -5.2169811533255839e-03
32                                    -1.4445037623491697e-03
33                                    -2.3587942023759467e-03
34                                    -1.2010051445074943e-03
35                                    -6.8914556252175352e-04
36                                    -7.9812710467241921e-04
37                                    -1.0545944607924795e-03
38                                     1.6860843047750151e-03
39                                     8.0365118789984535e-03
40                                     7.7903603965605583e-03
41                                     1.1585683138370939e-04
42                                    -6.4934730853560829e-03
43                                     4.3497034113091360e-03
44                                    -8.5430264804160494e-03
45                                    -1.7680720952237966e-03
46                                    -1.0624368956670516e-02
47                                    -3.3952982268278253e-03
48                                     3.3672682729299908e-03
49                                    -4.9354502522458432e-03
50                                     5.9421367418825977e-03
51                                    -1.0503935842439471e-02
52                                     8.6440001666137078e-03
53                                    -3.7852333703369823e-04
54                                     9.2111160368411049e-03
55                                     7.1947049267073737e-03
56                                     4.9193373604810020e-03
57                                     7.5940685355186943e-03
58                                    -2.9643332030895309e-03
59                                     1.2130115230446492e-03
60                                     4.7504387914765189e-04
61                                    -5.6059403452000112e-03
62                                    -9.0329054294264743e-03
63                                     9.1977283583339897e-03
64                                     5.1313183474417379e-03
65                                     1.1631736892447009e-02
66                                    -3.8611724468609054e-03
67                                     4.2816605769099292e-03
68                                     6.9371713370749433e-03
69                                    -6.8225200115001883e-04
70                                     5.9468477023116861e-03
71                                    -1.2098279806340706e-02
72                                     5.7875123924535643e-03
73                                    -1.3515058246973410e-02
74                                     8.8394650995873292e-03
75                                     1.5473573696471732e-02
76                                    -1.8688290959074649e-03
77                                     2.8520730535699368e-03
78                                    -1.6609426224554191e-02
79                                     8.1909282282430773e-03
80                                     2.4110632658960185e-03
81                                     1.4648269530269431e-02
82                                    -6.1433368346559547e-03
83                                     5.5081229179059221e-03
84                                    -1.7114846383121662e-03
85                                    -6.1775874802697736e-03
86                                     3.9053037697271975e-03
87                                     2.8070424063062482e-03
88                                    -1.3098515234315933e-02
89                                    -2.4880818496875179e-03
90                                    -2.9143962079567487e-02
91                                     5.8770776216197085e-03
92                                    -2.8381689367718010e-03
93                                     2.3975581137690938e-02
94                                    -1.2158537692450011e-02
95                                    -1.5715673736060864e-04
96                                    -2.0668080319785620e-04
97                                    -2.5337594700562960e-03
98                                     5.0823064687610664e-04
99                                     4.0093914331260083e-04
100                                    5.2500659022074458e-03
101                                    2.7698541750709182e-04
102                                    2.4153755727009951e-03
103                                    3.0070045750343333e-03
104                                   -2.5370118357956883e-03
105                                   -1.3509460642157078e-03
106                                   -4.4599388810659946e-03
107                                    2.3339624242145751e-03
108                                   -7.7362482611942340e-04
109                                   -9.2528160847749064e-04
110                                    2.0430923636531872e-03
111                                   -2.6376998410615471e-04
112                                    4.0375516441804038e-04
113                                   -2.3479829517967232e-03
114                                    2.1167614913197852e-03
115                                    1.0996642444256466e-03
116                                   -1.2956185615315974e-03
117                                   -2.0891202826767152e-04
118                                    3.7788095075610428e-03
119                                    1.8106487149753825e-03
120                                   -2.8831064585652655e-03
121                                    3.1350697162815244e-03
122                                    1.2602550422973202e-03
123                                    1.8889908597277127e-03
124                                   -4.9050226606253133e-03
125                                   -1.7669247837810431e-03
126                                    3.5218071207445689e-03
127                                   -4.3660090155692721e-03
128                                   -8.8907711621799557e-04
129                                   -1.7432574531972556e-04
130                                    7.8272049257854803e-04
131                                    3.1018119104402331e-03
132                                   -1.3914279834761345e-03
133                                    2.1713253866320059e-03
134                                    3.4124788628320246e-04
135                                    2.1764778154498288e-03
136                                    1.0959138100146149e-03
137                                    1.2789811711917398e-03
138                                   -1.7309121557147478e-03
139                                   -2.2818327997644883e-03
140                                    1.4255392841677761e-04
141                                    7.9344900406574936e-04
142                                    1.5127243628318965e-03
143                                   -1.4069699833543226e-03
144                                   -1.2971808490660486e-03
145                                   -5.9879282261254829e-04
146                                   -2.5887574693932436e-03
147                                   -3.0058755288484562e-03
148                                   -5.4639418396673634e-03
149                                    4.5569520110189110e-03
150                                   -2.4715013282712306e-03
151                                   -3.4967923346016505e-03
152                                   -1.9505702081534793e-05
153                                    3.8814885087576911e-03
154                                    2.9679880184794172e-03
155                                   -1.2783295552321050e-05
156                                   -1.3919425386479389e-02
157                                   -5.9367027186487675e-03
158                                   -5.8533486750127484e-03
159                                   -3.0489198284517904e-03
160                                   -1.8915330541657838e-03
161                                   -1.2831838662042960e-03
162                                    2.3464763249529952e-03
163                                   -2.9165216831037455e-03
164                                   -1.8089817209308023e-03
165                                    8.6671598928234062e-04
166                                    3.0758887341972851e-03
167                                    7.1561488970806053e-04
168                                   -1.3073190516352362e-02
169                                    1.0983900561256199e-02
170                                   -1.2286846846898403e-03
171                                   -3.1716059897073379e-03
172                                   -3.2609176670721496e-03
173                                    3.6807203546462830e-04
174                                   -5.1494411774386517e-03
175                                    6.2211548050004062e-03
176                                   -1.2149535835727754e-02
177                                    2.3299054676044761e-03
178                                    3.1902521216533586e-03
179                                    1.1931716855506647e-03
180                                   -5.4114736579893297e-03
181                                    1.3200173258050896e-02
182                                   -1.7854511488999414e-03
$End
$Geometry
   &GeometryIndex 2
   &ListStatus       OUT
   &NATOMS [&Type "Integer"] 61
   &NCORELESSECP [&Type "Integer"] 0
   &NGHOSTATOMS [&Type "Integer"] 0
   &CartesianCoordinates [&Type "Coordinates", &Dim(61,4), &Units "Bohr"] 
              O     -5.240320107175    5.072822171548    3.546066392983
              C     -4.755680905939    2.903247134973    3.169403055714
              C     -6.591225190311    0.724817182944    3.054160411528
              H     -7.577889917872    0.617076262388    4.845184484673
              C     -4.931401510838   -1.602300342673    2.560135310093
              C     -5.875133064428   -2.798076440025    0.028923233938
              C     -4.429942207248   -1.959224302661   -2.277645051325
              C     -3.182528747304   -3.468749353544   -3.818028128379
              C     -8.636122718076   -1.872704734304   -0.058300650180
              C     -8.515513125104    0.874131024188    0.849519646439
              C    -10.957309233906    2.132369882440    1.583531124302
              C    -13.247454613611    1.182026333049    1.306206166137
              H     -5.064624443748   -2.984319415433    4.064072652122
              N     -2.332086252828    1.984467112747    2.828602312455
              C     -0.063617060797    3.561985641974    3.014005935424
              C      0.288144033387    5.503198441071    0.900853328875
              C      0.026228161892    4.514430684282   -1.806198918384
              C      1.461263514438    2.098663740105   -2.395860369652
              O      4.042756740645    2.358395731776   -1.772941772918
              C      5.432933144892    0.090753659248   -1.833166422501
              C      6.703265447748   -0.445492632654    0.693597706859
              O      4.989418998984   -0.716727073559    2.711855028737
              C      8.386552035937   -2.792247550856    0.454217561886
              C      9.892855630115   -3.349333368542    2.840123254403
              O      8.356252912739   -4.208920426591    4.815111751448
              O     10.155528190880   -2.414618367524   -1.504970600460
              C      9.056939368455   -2.121012831453   -3.872608883882
              O     11.025934085757   -1.952187708716   -5.577180223043
              C      7.439114655663    0.248219667999   -3.881619236123
              O      6.369505130891    0.462381457361   -6.303503128853
              C     -2.261192913645   -0.599013757053    2.581544324715
              O     -0.361739644164   -1.824688443472    2.396871148726
              H     -5.774652021749   -4.837962039425    0.146963826647
              H     -4.455390570137    0.035084081493   -2.688758136295
              H     -2.191837851487   -2.730712177810   -5.434127503896
              H     -3.087250000692   -5.474066249678   -3.496924804362
              H     -9.760978425087   -2.981203030720    1.254462958478
              H     -9.466838525671   -2.068595397723   -1.919786389161
              H     -7.679408007405    2.018124172509   -0.642328991145
              H    -10.751210025376    3.992457869722    2.388273543825
              H    -14.888124057938    2.233725412939    1.877360072587
              H    -13.570240109431   -0.653181608969    0.499022480680
              H      1.517719047752    2.287255018520    3.047405293752
              H     -0.126655276754    4.518673490906    4.821775501840
              H     -1.014449604565    7.059564995793    1.164112450256
              H      2.172534034592    6.268638401552    1.158095042226
              H     -1.952374692558    4.152412221460   -2.230865616631
              H      0.621252608362    5.996220403509   -3.095884768519
              H      1.261546075422    1.620067734505   -4.388077996438
              H      0.697039795995    0.535183328782   -1.342061819310
              H      4.178049727556   -1.476345168328   -2.278952682545
              H      7.894523876372    1.148510759982    1.178088179323
              H      3.451820417827   -1.526215987001    2.223772831123
              H      7.208554639431   -4.427977072180    0.029813981388
              H     11.243906221927   -4.823940899454    2.426350859271
              H     10.944309560848   -1.670396583389    3.389683930558
              H      6.981411935911   -3.060331577795    4.954281476405
              H      7.884525716575   -3.762432258801   -4.294260373648
              H     10.374531618333   -1.274240883950   -7.104404877513
              H      8.667784243859    1.847556779552   -3.501585412241
              H      5.670109309761    2.100467358873   -6.479567086271
$End
$SCF_Energy
   &GeometryIndex 2
   &ListStatus       OUT
   &SCF_ENERGY [&Type "Double"]      -1.4665839617488796e+03
$End
$SCF_Nuc_Gradient
   &GeometryIndex 2
   &ListStatus       OUT
   &NATOMS [&Type "Integer"] 61
   &ROOT [&Type "Integer"] 0
   &GRADNORM [&Type "Double"]       2.6096549601404433e-02
   &GRAD [&Type "ArrayOfDoubles", &Dim (183,1)] 
                                                         0

0                                      1.5930759349380708e-04
1                                      4.3771410751887174e-03
2                                      3.0531512061457988e-03
3                                     -2.5315509957488658e-03
4                                     -8.3877475635532051e-03
5                                     -6.4623681154003521e-03
6                                      1.6548429842533352e-03
7                                      7.5613472150282135e-04
8                                      7.2541539752474238e-04
9                                     -5.9544896217111898e-04
10                                    -5.7412807075518657e-04
11                                    -1.5769960607947553e-04
12                                     1.5129270265497041e-03
13                                     1.9092783247405265e-03
14                                    -8.1918954036619418e-04
15                                    -6.8697086062119439e-04
16                                     2.5288315796956340e-05
17                                    -7.2634042181235481e-04
18                                    -7.1683563789548543e-04
19                                    -9.0793960199508916e-05
20                                     5.9064816246312546e-04
21                                     2.1192309272510812e-04
22                                    -7.8643993455962402e-04
23                                    -1.4297118886759108e-03
24                                     7.4179171040889003e-04
25                                     8.1552061189027469e-04
26                                    -6.7212160897334172e-05
27                                    -7.6700784425831614e-04
28                                    -1.2778522169556439e-03
29                                    -1.4346066637616062e-04
30                                     3.2224788519839009e-03
31                                     6.2611788201838436e-04
32                                    -3.4641227438214628e-04
33                                    -3.1468286616274099e-03
34                                    -9.0539763670038909e-04
35                                    -1.8737614462077667e-04
36                                     6.7011665051031066e-04
37                                     6.4360921305617325e-04
38                                     7.6599303699431687e-04
39                                     2.3462082908363158e-03
40                                     1.8496195964470274e-03
41                                     1.5990021744123339e-03
42                                    -6.1906531684030597e-04
43                                     5.7210889875669579e-04
44                                    -1.8454925787718679e-03
45                                    -5.3766682569400537e-05
46                                    -9.6667987920273646e-04
47                                    -8.2953528445006697e-04
48                                    -1.0928508694263428e-04
49                                    -8.4611669475265217e-06
50                                     1.2653113961262896e-03
51                                    -4.4932457351567479e-03
52                                     1.1820444061942936e-03
53                                    -8.5980861117018748e-04
54                                     1.4199580866058881e-03
55                                     2.4972581853237585e-03
56                                     2.5144364023614862e-03
57                                     1.8318946905933053e-03
58                                    -2.2872115840222307e-03
59                                    -2.4113418455673497e-04
60                                     1.6606775058432000e-03
61                                    -2.7268570447791518e-04
62                                    -4.1725114592234824e-03
63                                    -1.2047822376715089e-04
64                                    -5.8305568733763025e-04
65                                     4.4165268798046498e-03
66                                    -3.2813093931700621e-03
67                                    -1.5721514374017476e-04
68                                     3.8724606906868075e-03
69                                     6.9205723680809683e-04
70                                     2.2439285753685922e-03
71                                    -4.1830157518107924e-03
72                                    -9.7647573291936851e-04
73                                    -2.0975959059992277e-03
74                                     4.2516353253212458e-03
75                                     6.1239089005127312e-03
76                                    -3.5083235488286846e-04
77                                     3.4708230929636485e-04
78                                    -7.5638819057939344e-03
79                                     2.0144874044051297e-03
80                                    -1.3342501085116254e-03
81                                     2.8540338986786651e-03
82                                    -6.6084228639695652e-04
83                                    -2.0358221771417107e-03
84                                     2.9189594976286592e-04
85                                    -9.0351331708625471e-04
86                                     1.3274588655907138e-03
87                                    -1.0205835641472483e-03
88                                     2.4802149043168242e-04
89                                    -1.3352188953419386e-03
90                                    -8.9907137088012234e-03
91                                     3.8021149359446227e-04
92                                     3.2688212809723893e-03
93                                     7.0510245789634496e-03
94                                     1.4120286383345615e-04
95                                    -1.5145030321122022e-03
96                                     4.0953362040130337e-05
97                                    -6.1775068923353160e-05
98                                     9.0256620513373687e-05
99                                     1.0499831257143599e-04
100                                   -5.1887273277717583e-04
101                                    6.6128100118678645e-04
102                                    1.0865857094555231e-03
103                                    2.0577664438317100e-03
104                                    1.1724074917118799e-04
105                                   -7.5457541801313144e-04
106                                    3.8899703683803466e-04
107                                    1.1546865089582803e-03
108                                    2.6624255703300292e-04
109                                   -6.7380122678706300e-05
110                                    1.8781963210345864e-04
111                                   -7.9794240551045448e-05
112                                    8.0867685282370871e-05
113                                    1.9391777072996774e-07
114                                    8.0145459582969814e-04
115                                    5.2846893686009366e-05
116                                   -7.5751113507216417e-05
117                                   -8.6519077096292030e-04
118                                    1.0775146437325134e-05
119                                    1.3929340070362173e-04
120                                    5.3467461759471036e-04
121                                    3.6174237809571963e-04
122                                    1.7743480912835174e-04
123                                    1.3540119386981075e-03
124                                    3.2909710106565626e-04
125                                    1.0115798216414618e-05
126                                   -2.3194688037442290e-04
127                                    9.3544996304473216e-04
128                                   -6.2388590184569992e-04
129                                    4.4320561435717831e-04
130                                   -1.0657208144904118e-03
131                                    9.3494503873348123e-04
132                                    1.2214081154255929e-03
133                                    4.5761971549751479e-04
134                                    4.2380705080813375e-04
135                                   -2.2112248413463931e-04
136                                    4.3374275508600846e-04
137                                    2.5039230817403002e-04
138                                   -7.9676577045439956e-05
139                                   -5.5886714368313939e-04
140                                    4.7082597604664045e-05
141                                   -3.4109457618192174e-04
142                                   -1.5436718374584046e-04
143                                   -3.8422638087887151e-04
144                                   -4.4463496234103950e-04
145                                   -2.1264069975950317e-03
146                                   -4.4921637441674989e-04
147                                    1.8480692915892050e-03
148                                    5.2833893395831666e-04
149                                   -2.5697218619979978e-04
150                                    1.9700263352273595e-04
151                                   -3.0506165811772235e-04
152                                    5.6730639615709677e-04
153                                    4.6028024355493358e-04
154                                   -9.6837203621191748e-05
155                                   -1.8395997202391712e-04
156                                   -2.1253738677513567e-03
157                                   -1.7790477626720147e-03
158                                   -1.2372442480186319e-03
159                                   -2.2900928175584312e-04
160                                    4.0744174457607585e-04
161                                   -5.9437423519126398e-04
162                                   -7.5355495607887235e-05
163                                    3.3997091417603542e-06
164                                    1.8440075330405925e-04
165                                   -3.9346226476943968e-04
166                                   -2.5799254599689903e-04
167                                    5.5844255609027726e-04
168                                   -3.7667750147551970e-04
169                                    1.3037781927502934e-03
170                                   -2.9452010268442574e-03
171                                    5.0867482743299774e-04
172                                   -7.0436909309634643e-06
173                                    4.9841081441703849e-04
174                                    1.8434274108614090e-04
175                                    1.8216621747635386e-04
176                                    1.2086170097234117e-03
177                                   -3.1706046115687059e-04
178                                    3.0944836358770544e-04
179                                   -6.8212825735991522e-05
180                                    7.1147145707817216e-04
181                                   -8.1562603511109444e-04
182                                    3.0043708931848379e-04
$End
$Geometry
   &GeometryIndex 3
   &ListStatus       OUT
   &NATOMS [&Type "Integer"] 61
   &NCORELESSECP [&Type "Integer"] 0
   &NGHOSTATOMS [&Type "Integer"] 0
   &CartesianCoordinates [&Type "Coordinates", &Dim(61,4), &Units "Bohr"] 
              O     -5.142307770386    4.972271233298    3.559311075173
              C     -4.704227545081    2.801102293802    3.183293459770
              C     -6.594130720552    0.659481187359    3.067059826006
              H     -7.527968276426    0.534139061683    4.883624987190
              C     -4.995182414873   -1.692575183976    2.473259698399
              C     -6.022038309289   -2.805994815734   -0.063215368618
              C     -4.608681373613   -1.940879423010   -2.386826866226
              C     -3.395370582366   -3.431641261929   -3.971259897678
              C     -8.773354645809   -1.830947929501   -0.056774973917
              C     -8.588516044124    0.892745910708    0.926966270349
              C    -10.991847262342    2.161384122543    1.778510563598
              C    -13.303340132936    1.254862370627    1.558931903854
              H     -5.122573119226   -3.112695167381    3.940584846660
              N     -2.312135105177    1.835066512889    2.753225340324
              C     -0.014264872902    3.373728493685    2.939088757464
              C      0.332321242142    5.374859004800    0.872069263003
              C      0.082727483592    4.479908523277   -1.873763276564
              C      1.529852862596    2.087492658292   -2.533895204965
              O      4.097394738208    2.363136766065   -1.893167322982
              C      5.503408064381    0.114458137268   -1.878699409567
              C      6.727220158048   -0.346766397327    0.690643374045
              O      4.983678654034   -0.536109004129    2.683820765572
              C      8.416067869775   -2.703942078286    0.541172442973
              C      9.898667943190   -3.200416586934    2.961899233024
              O      8.349242590468   -3.987631471817    4.946621022380
              O     10.206290858099   -2.378108583473   -1.398742037956
              C      9.175177743683   -2.134846921227   -3.793842150521
              O     11.171043944978   -1.995935310548   -5.457350028063
              C      7.558154206382    0.238814908314   -3.884422351048
              O      6.546552926276    0.416977137468   -6.330464317960
              C     -2.296405725798   -0.745461245634    2.448468083022
              O     -0.441618076239   -2.020220866789    2.235122926946
              H     -5.955627103783   -4.848606490875    0.003939011847
              H     -4.629669487348    0.059243265333   -2.771170678902
              H     -2.432147881517   -2.674012948481   -5.591968340550
              H     -3.299441282241   -5.442581908059   -3.692992300985
              H     -9.885473302782   -2.957765536492    1.250149190077
              H     -9.652124201809   -1.962133175740   -1.900980017900
              H     -7.794192798015    2.069667375078   -0.559296442595
              H    -10.725405861367    3.995975403545    2.620266875133
              H    -14.905477995486    2.316333210215    2.212965543385
              H    -13.694137024507   -0.552774133572    0.720027188974
              H      1.552265408418    2.079355568880    2.929521805330
              H     -0.049718783181    4.296075970079    4.763245787211
              H     -0.978596768283    6.916480201921    1.179816410742
              H      2.213176744043    6.138263499331    1.154170472919
              H     -1.892577705387    4.135914429844   -2.322612417623
              H      0.687860084175    6.006227954715   -3.104248732871
              H      1.337660813872    1.668189958786   -4.538712918793
              H      0.763380583643    0.493873373135   -1.525072844591
              H      4.268376206920   -1.468890749837   -2.316647638838
              H      7.913165272928    1.257899710862    1.144074644990
              H      3.433518543104   -1.314197733053    2.206257664855
              H      7.245346660782   -4.352560479501    0.152210756278
              H     11.238266699617   -4.697397398265    2.599000468188
              H     10.967291625469   -1.517486909856    3.463507963374
              H      6.997402065199   -2.816836015660    5.084551670465
              H      8.009493931340   -3.781226782948   -4.214063976374
              H     10.548776576392   -1.366333528615   -7.015872881323
              H      8.781161119292    1.839757276531   -3.500222855197
              H      5.846728608895    2.049000992222   -6.547256624773
$End
$SCF_Energy
   &GeometryIndex 3
   &ListStatus       OUT
   &SCF_ENERGY [&Type "Double"]      -1.4665846542177687e+03
$End
$SCF_Nuc_Gradient
   &GeometryIndex 3
   &ListStatus       OUT
   &NATOMS [&Type "Integer"] 61
   &ROOT [&Type "Integer"] 0
   &GRADNORM [&Type "Double"]       1.0993714290281280e-02
   &GRAD [&Type "ArrayOfDoubles", &Dim (183,1)] 
                                                         0

0                                      8.3247410099929198e-04
1                                     -2.8209248994102154e-03
2                                     -1.0435527108132447e-03
3                                     -8.7100479944623999e-04
4                                      1.4553040817055773e-03
5                                      2.4126504411401406e-03
6                                      2.6994752530562494e-04
7                                      1.0650200630148987e-03
8                                      5.6354354395554696e-04
9                                     -3.0894525305491527e-04
10                                     8.0067592569510460e-05
11                                    -6.7890229484657283e-04
12                                     8.0132484807649007e-04
13                                    -1.3895176837497303e-04
14                                     6.1015041985762464e-04
15                                    -1.7785536247849620e-04
16                                    -1.2908533359530239e-03
17                                     5.3653012009047263e-05
18                                     7.8963167340617701e-04
19                                    -5.0973811056453933e-04
20                                    -8.6393419163499630e-04
21                                     1.7336826457770016e-04
22                                    -1.7923671018849063e-04
23                                    -1.4073584139158157e-03
24                                    -7.7296030175677544e-04
25                                    -2.9712230838629949e-04
26                                    -6.2013283941353414e-04
27                                    -5.3766312406899885e-04
28                                    -2.2379950582607222e-04
29                                    -6.6267231225047851e-04
30                                     2.9460766961852958e-04
31                                     1.1300724493956693e-03
32                                     5.7922627273665483e-05
33                                    -1.3875922377799554e-03
34                                    -4.2427022654667468e-05
35                                     9.7315994159796748e-05
36                                     3.2440663983102080e-04
37                                     4.1180861876988217e-04
38                                     3.2994710220890511e-04
39                                     5.1209266562235456e-04
40                                     4.5547068774176580e-04
41                                     9.4013268189918620e-04
42                                     4.6667628157681662e-04
43                                     1.4648250200366419e-05
44                                     6.0159629635458955e-04
45                                     1.3715448903461880e-04
46                                     2.4547513748718330e-04
47                                    -5.1763963835438354e-04
48                                     3.0421202514885337e-04
49                                     8.6024184841004825e-04
50                                    -3.3581324563214388e-04
51                                    -1.5538146277220832e-03
52                                    -1.1749824108608919e-03
53                                    -1.2830880438832182e-03
54                                     2.6760475769815883e-04
55                                     5.6898187449938575e-04
56                                     1.8657588592958518e-03
57                                    -4.5203015918771072e-04
58                                    -5.2138893359643390e-04
59                                    -9.3737849119968075e-04
60                                     3.1150804136470533e-04
61                                     6.5308227669547136e-04
62                                    -7.1403627849342399e-04
63                                    -1.3123944637651874e-03
64                                    -6.6562484578724934e-04
65                                     5.0905274448354021e-04
66                                    -1.0349075246143258e-03
67                                    -3.9059471715108263e-04
68                                     8.5460090545835810e-04
69                                     2.1539663609448922e-04
70                                     5.0382433266715765e-04
71                                    -7.7503899513686747e-04
72                                    -5.7882886759408336e-04
73                                     2.9046303575697152e-05
74                                     1.7561554146787728e-03
75                                     9.1431456736401628e-04
76                                    -1.0785840872085117e-04
77                                    -3.5846121273275244e-04
78                                    -1.0567536636107988e-03
79                                     1.5064701477640607e-04
80                                    -9.7291682101285915e-04
81                                    -8.2036458908874010e-04
82                                    -2.3058059032265987e-04
83                                    -1.3392228376183368e-03
84                                     7.5146130193615157e-04
85                                     3.5780017719855284e-04
86                                     2.3272537351459732e-04
87                                    -8.4759177316318102e-04
88                                     9.6844165454612607e-04
89                                    -4.9168926802067858e-04
90                                     8.5934932495668193e-04
91                                    -1.6935932057746683e-03
92                                    -1.7534975110793383e-03
93                                    -2.1371685037614441e-03
94                                     5.8402511318433881e-04
95                                     8.4825853053605016e-04
96                                     1.3592358793718118e-04
97                                     3.1775065020767101e-04
98                                     9.0527434228160342e-05
99                                     2.1607413537388931e-04
100                                   -6.6113341450435570e-04
101                                    3.2930807941911056e-04
102                                    5.6915641390542504e-04
103                                    1.3139989165247279e-03
104                                    7.8195846922302081e-04
105                                   -4.0807057809141845e-04
106                                    6.1447541120074334e-04
107                                    5.5194259054994199e-04
108                                    1.3332142135080716e-04
109                                    1.5344007046369512e-04
110                                   -5.5985782346557045e-05
111                                    2.2644936455318287e-05
112                                   -1.4530556065672773e-04
113                                    3.1411931013192174e-04
114                                    3.3949907593200379e-05
115                                   -2.6387223975810059e-04
116                                    2.4198103366845913e-04
117                                   -6.0737600470434083e-04
118                                   -4.5658200856291131e-04
119                                   -8.4313087116871799e-05
120                                    6.5227078893315138e-04
121                                   -6.8205777423280267e-05
122                                   -7.5354003114203039e-05
123                                    6.9936001822323846e-04
124                                    4.4771194921366941e-04
125                                    1.1952482689547850e-04
126                                    1.1900509040678742e-03
127                                   -1.5425368962684871e-03
128                                   -7.3267255218523175e-04
129                                   -1.7172361292860927e-04
130                                   -1.0402336386796662e-03
131                                    3.8974814372316757e-05
132                                    8.1680889086577224e-04
133                                    5.5534605049256669e-04
134                                    2.1894951300582832e-04
135                                   -3.7779275359284270e-04
136                                    2.7134385184179877e-04
137                                   -1.3391692013309253e-05
138                                    3.3261176280596771e-04
139                                   -1.9826314827361968e-04
140                                    7.2692783665839755e-05
141                                   -4.0955022324862256e-04
142                                   -2.6562973148713809e-04
143                                   -2.1738483125055552e-04
144                                   -5.0611630179675515e-04
145                                   -1.5102887093005890e-03
146                                   -5.2077254892424207e-05
147                                    1.6936822148965192e-03
148                                    1.3516667626340961e-03
149                                   -4.9339028899630932e-04
150                                   -1.3906602295499226e-05
151                                    4.8692784820669743e-04
152                                    4.0859161650041997e-04
153                                   -3.5359355681574556e-04
154                                   -6.4312516217679416e-04
155                                    9.3824383517127075e-05
156                                   -2.3326401805601193e-04
157                                    3.0999539777818441e-03
158                                    9.8603396052987513e-04
159                                    2.2779830945030000e-04
160                                    4.0704654853040978e-04
161                                   -2.5855355529813551e-04
162                                   -3.0054789696620787e-04
163                                    4.0032847327431398e-04
164                                    1.7279294085248420e-04
165                                   -1.5898332036101692e-04
166                                   -6.0101346047591875e-04
167                                    4.3814299686983915e-04
168                                    7.7615833878486029e-04
169                                    5.9966321371618392e-05
170                                   -1.8699129391803737e-03
171                                    8.3734199008667076e-04
172                                    2.8157023161590189e-04
173                                    2.7501424929043949e-04
174                                    4.9366513138293655e-04
175                                   -9.8002062645985433e-05
176                                    1.5455427800148414e-03
177                                   -5.8178937347008741e-04
178                                   -2.1876794452868609e-04
179                                   -1.4635302568699604e-04
180                                    9.1623986645128497e-04
181                                   -1.2948480298344833e-03
182                                    3.4133837463246053e-04
$End
$Geometry
   &GeometryIndex 4
   &ListStatus       OUT
   &NATOMS [&Type "Integer"] 61
   &NCORELESSECP [&Type "Integer"] 0
   &NGHOSTATOMS [&Type "Integer"] 0
   &CartesianCoordinates [&Type "Coordinates", &Dim(61,4), &Units "Bohr"] 
              O     -5.256888673365    5.179590921657    3.236932356028
              C     -4.823493860939    2.986288658222    3.062780370949
              C     -6.731108318186    0.847367968626    3.083685949781
              H     -7.661054061175    0.852281539318    4.906688621926
              C     -5.146109426233   -1.551924913991    2.650058468330
              C     -6.154936632566   -2.812894395996    0.181282386059
              C     -4.710741559958   -2.112493203217   -2.181470963927
              C     -3.454856148438   -3.712747549231   -3.620426727937
              C     -8.906836720855   -1.833514890080    0.107122723496
              C     -8.732511771683    0.945138393550    0.937800805238
              C    -11.142960743937    2.242636153814    1.728459023978
              C    -13.449207409757    1.313944673982    1.580021149997
              H     -5.302793791233   -2.883730666632    4.195011289852
              N     -2.437705944364    1.967144298958    2.725998176443
              C     -0.135980355538    3.499476597508    2.880276044981
              C      0.284427145904    5.378379135023    0.714792028671
              C      0.132938793771    4.377897945754   -2.005188429983
              C      1.605993257084    1.974431330989   -2.572879819768
              O      4.144091986779    2.267495306743   -1.854834493774
              C      5.629176697696    0.078740771345   -1.945711380162
              C      6.726155386284   -0.575264586931    0.645169650009
              O      4.885391046937   -1.041462878381    2.489859929412
              C      8.550167148881   -2.826155826984    0.377734241950
              C      9.946746507343   -3.471145258942    2.819643423481
              O      8.363897461240   -4.505109084741    4.650622848651
              O     10.407601806875   -2.244431578461   -1.422159743935
              C      9.511459368240   -1.830293385699   -3.838871635682
              O     11.575885060632   -1.445354900104   -5.364690893338
              C      7.790302647942    0.474135512533   -3.803538295860
              O      6.912299394932    0.856520019030   -6.274744861997
              C     -2.431224420328   -0.629415925437    2.591776403115
              O     -0.593155707612   -1.938239177163    2.528614419249
              H     -6.098354722266   -4.847525661891    0.379280447350
              H     -4.751097574053   -0.148325534439   -2.731358438443
              H     -2.483305865550   -3.083414961187   -5.288698133494
              H     -3.336497941555   -5.696838322790   -3.188651530997
              H    -10.033147017839   -2.883517782974    1.465246712229
              H     -9.769754305383   -2.069310844983   -1.734541530260
              H     -7.959470597135    2.043640823892   -0.616832336368
              H    -10.875699069643    4.126795020442    2.454613811376
              H    -15.054436641536    2.405675237116    2.179018896079
              H    -13.847958637555   -0.544292013237    0.857176556389
              H      1.421994709750    2.202415429890    3.011745814557
              H     -0.229856039432    4.547562833489    4.632570912545
              H     -1.044246182660    6.926592747187    0.896443694771
              H      2.154342992924    6.158359761281    1.025708086736
              H     -1.825731326799    4.024449041527   -2.514991578897
              H      0.781251811410    5.872246866389   -3.253076438361
              H      1.482379842097    1.558454799530   -4.582509780900
              H      0.785097849350    0.381908553976   -1.590687387335
              H      4.488264269701   -1.499439115940   -2.605094054018
              H      7.790741713285    1.035949875504    1.323366976883
              H      3.412007293302   -1.853106837147    1.852760113066
              H      7.490489681612   -4.492987431206   -0.207243008142
              H     11.371156988153   -4.868341681978    2.383127498944
              H     10.918023877898   -1.794016931966    3.509920193320
              H      6.963728142541   -3.407927812737    4.890686915969
              H      8.445954989024   -3.476866555112   -4.479307210369
              H     11.003285267820   -0.725197366501   -6.907624826009
              H      8.919754336318    2.074206601142   -3.192463910358
              H      6.139234048950    2.471270731574   -6.374562115352
$End
$SCF_Energy
   &GeometryIndex 4
   &ListStatus       OUT
   &SCF_ENERGY [&Type "Double"]      -1.4665847447734791e+03
$End
$SCF_Nuc_Gradient
   &GeometryIndex 4
   &ListStatus       OUT
   &NATOMS [&Type "Integer"] 61
   &ROOT [&Type "Integer"] 0
   &GRADNORM [&Type "Double"]       2.1079970156713482e-02
   &GRAD [&Type "ArrayOfDoubles", &Dim (183,1)] 
                                                         0

0                                      7.4295463866214106e-04
1                                     -6.9581768742992267e-03
2                                     -3.0276750417623788e-03
3                                      5.0903133450086457e-04
4                                      9.7208521434204442e-03
5                                      7.5487804215574883e-03
6                                     -5.8003320955446469e-04
7                                      8.2097535175229552e-04
8                                      1.4443433733121736e-04
9                                     -2.0013514631678220e-04
10                                     4.2821559891547192e-04
11                                    -7.7078903227167928e-04
12                                    -5.4025234661381205e-04
13                                    -1.9117469607019544e-03
14                                     1.0827038617918783e-03
15                                     4.2661090814100078e-04
16                                    -1.3229936506027329e-03
17                                     5.3317351532777835e-04
18                                     1.7049816047425281e-03
19                                    -1.0583643782207108e-03
20                                    -7.0024189918982405e-04
21                                     3.6241613656118332e-04
22                                     4.0484401478479981e-04
23                                    -9.3653267781412808e-04
24                                    -1.4312274593581975e-03
25                                    -8.1393886251035497e-04
26                                    -5.2066549415363816e-04
27                                    -2.1812561603162806e-04
28                                     6.0234838758077558e-04
29                                    -6.1893469919782618e-04
30                                    -1.7841142680622424e-03
31                                     5.6202197243315766e-04
32                                     2.5512933877624988e-04
33                                     1.2223729455378418e-03
34                                     8.5755784194296858e-04
35                                     1.5904564957508471e-04
36                                    -1.3228994793146320e-04
37                                    -1.0934909218818234e-04
38                                    -9.0508516452203480e-05
39                                    -1.5629510508539113e-03
40                                    -1.9110716242867198e-03
41                                     4.0833809301066282e-04
42                                     3.7596935737038706e-04
43                                    -6.8868118482434681e-04
44                                     1.5784011599182524e-03
45                                     1.7912247064805209e-04
46                                     3.4990046679084230e-04
47                                     4.1917372121136331e-04
48                                     2.6956668317401622e-04
49                                     9.8937796133391487e-04
50                                    -1.6418615568152273e-03
51                                     1.5960894856184016e-03
52                                    -8.3875057409699139e-04
53                                    -1.1163803023679364e-03
54                                     2.6611621159666754e-04
55                                    -1.9914005075971630e-03
56                                     1.5862007083988772e-04
57                                    -2.7099720284753381e-03
58                                     6.0770054524983408e-04
59                                    -9.6440989337231997e-04
60                                    -9.0524142514869510e-05
61                                     1.9954259609056280e-03
62                                     1.7131576183846420e-03
63                                     4.3149850402901535e-04
64                                    -7.1264522664349350e-04
65                                    -7.8131389001612206e-04
66                                     1.5060877724408783e-03
67                                    -6.4582342333646681e-04
68                                    -1.7301792261956161e-03
69                                    -3.9973279739458079e-04
70                                    -1.2115041779052760e-03
71                                     1.6930679761744116e-03
72                                     1.0535599607521817e-03
73                                     8.8352107576561423e-04
74                                    -7.7990263240224067e-04
75                                    -4.3886100940966344e-03
76                                     4.8212515744250339e-04
77                                    -6.7918449316106688e-04
78                                     5.3265785715668201e-03
79                                    -1.3091540750472808e-03
80                                     6.2181967403374117e-04
81                                    -3.0792025185384375e-03
82                                    -6.9977586875857867e-04
83                                     1.3180610294423190e-03
84                                     8.7840740121092331e-04
85                                     6.9792518363243072e-04
86                                    -3.2621368020535613e-04
87                                     3.7982463399544031e-04
88                                    -7.2062142312967481e-04
89                                     7.2283832167485684e-04
90                                     4.7342021556442404e-03
91                                     1.1375904258184022e-03
92                                    -5.8445438008871697e-03
93                                    -1.3321186868644475e-03
94                                    -3.7936547867900572e-04
95                                     3.8847787925142541e-03
96                                     1.7739822542506278e-04
97                                     2.9272542005998048e-04
98                                     1.2503868869850887e-04
99                                     1.7694216043284694e-04
100                                    3.2087392098922862e-04
101                                   -1.9907047223632901e-04
102                                    1.8647689101758402e-05
103                                    5.2558472983443849e-04
104                                    9.4218685589453344e-04
105                                    9.1998199424903060e-05
106                                   -7.9481533013847638e-05
107                                   -1.5886327695624480e-04
108                                   -2.1323095629455224e-04
109                                    2.3342630070910531e-04
110                                    1.1168756939738955e-05
111                                    8.7475943774784071e-05
112                                   -2.6084237363677154e-04
113                                    2.3900269410859210e-04
114                                   -6.5542040040833527e-04
115                                   -3.5876492508091218e-04
116                                    3.4646005242322531e-04
117                                    2.0939053459456680e-05
118                                   -2.5908783111816547e-04
119                                   -3.7689835388654558e-05
120                                    5.0072031863024336e-05
121                                   -5.0053334563315843e-05
122                                   -7.6080860635929781e-05
123                                   -2.3987540139502883e-04
124                                   -3.8154780222043883e-04
125                                   -7.6230541991240131e-05
126                                   -8.0904027581585325e-04
127                                    1.9686560419769350e-03
128                                    2.4241390499946114e-04
129                                   -4.9348754864619870e-04
130                                   -6.6365809215263027e-04
131                                   -5.4227554401187206e-04
132                                   -2.2078903853905985e-04
133                                    4.9614711599232919e-04
134                                    1.5987034189812732e-05
135                                   -1.7195932065661168e-04
136                                   -2.2666196680987127e-04
137                                   -1.0969739282051805e-05
138                                    3.3844507834857041e-04
139                                    2.4599732995445045e-04
140                                   -1.0429216422203069e-04
141                                   -2.9069759212951851e-04
142                                   -1.9854798757812375e-04
143                                    8.8040153921831177e-05
144                                   -6.9824505755722299e-04
145                                   -2.7779465740818132e-04
146                                    4.7304985486107398e-04
147                                   -1.5739903171185787e-04
148                                    3.0940738953155744e-04
149                                   -1.3040538515687317e-03
150                                   -1.3294439066058317e-05
151                                    7.3477022281842608e-04
152                                    3.7547403405246982e-04
153                                   -6.2776732765357224e-04
154                                   -4.2404902956594270e-04
155                                    4.3577115782156284e-04
156                                   -5.2919033531040327e-04
157                                   -7.8485292559449249e-04
158                                   -1.3259868751598347e-03
159                                    5.1911058937070820e-04
160                                    2.9303184408746574e-05
161                                    1.7263461350758291e-04
162                                   -2.6287291208682007e-05
163                                    2.2915411622825843e-04
164                                   -1.3597140476695468e-04
165                                    4.2781166767458245e-04
166                                   -2.9186064370989584e-04
167                                    2.0871169246516885e-04
168                                   -2.6273785517538784e-04
169                                    9.1423481335617396e-05
170                                    4.7074980703776248e-05
171                                    3.7694462616189028e-04
172                                    6.1147822895790682e-05
173                                   -9.3296912575091540e-05
174                                   -3.7181262670937798e-05
175                                    6.3181947361146129e-04
176                                   -8.4254662974903027e-04
177                                   -2.5357888381183358e-04
178                                   -1.3634521419181311e-04
179                                   -2.6207003286571329e-04
180                                   -1.0170472048232071e-04
181                                    9.6609307673567457e-04
182                                   -2.6580308128565378e-04
$End
$Geometry
   &GeometryIndex 5
   &ListStatus       OUT
   &NATOMS [&Type "Integer"] 61
   &NCORELESSECP [&Type "Integer"] 0
   &NGHOSTATOMS [&Type "Integer"] 0
   &CartesianCoordinates [&Type "Coordinates", &Dim(61,4), &Units "Bohr"] 
              O     -5.227402113684    5.097606010532    3.380334409691
              C     -4.802255565875    2.917527026050    3.017603771523
              C     -6.687206349190    0.764439550593    3.059524172293
              H     -7.500543412622    0.670229858462    4.937360251436
              C     -5.123252748017   -1.592727013683    2.414908625514
              C     -6.270079639087   -2.728199535821   -0.050361909541
              C     -4.979761968263   -1.906491820089   -2.456190307456
              C     -3.824629210930   -3.436484177971   -4.048972105572
              C     -9.021349945726   -1.770427524631    0.085836899120
              C     -8.810144636419    0.956838014461    1.048900278676
              C    -11.174121389357    2.183709538802    2.048738719180
              C    -13.478106588705    1.235416773183    1.989408853944
              H     -5.195818767701   -3.003451351130    3.895582811506
              N     -2.424600730314    1.926227915913    2.563946955373
              C     -0.118716175974    3.441741436241    2.743039563231
              C      0.284334017225    5.328535453418    0.594922520194
              C      0.162551575688    4.278955051825   -2.099325707795
              C      1.662268719508    1.878348512810   -2.585775184475
              O      4.195745691241    2.216212199304   -1.857686470679
              C      5.702024151573    0.034940715068   -1.866326410509
              C      6.820387439734   -0.506635122309    0.738738541621
              O      4.999832376801   -0.910866485113    2.621401216718
              C      8.658084450196   -2.749604060730    0.549448429496
              C     10.064361560063   -3.290140597598    3.006801796563
              O      8.498670607797   -4.296167456036    4.874128178322
              O     10.509258281415   -2.220306938334   -1.277182938859
              C      9.589719483473   -1.905642190364   -3.704394955325
              O     11.650810465662   -1.560658046936   -5.253605055204
              C      7.846194589738    0.378901635432   -3.749878098383
              O      6.949094691044    0.652376216478   -6.230426130678
              C     -2.421079681725   -0.656184018893    2.272405555222
              O     -0.581582155015   -1.939144097104    1.978671616177
              H     -6.197258086381   -4.771380422695    0.040013446473
              H     -5.065032805678    0.081659463511   -2.911792815371
              H     -2.978003670436   -2.732770031050   -5.758624553857
              H     -3.681504328526   -5.439729901739   -3.716351604534
              H    -10.060735380536   -2.901938086393    1.449015496134
              H     -9.989893168226   -1.913081144636   -1.713782265881
              H     -8.135785995471    2.144062292994   -0.489293314206
              H    -10.878726574093    4.032316993333    2.856471220067
              H    -15.055560803992    2.275316426868    2.741059918752
              H    -13.901371903714   -0.588602267265    1.193767150567
              H      1.435034400096    2.133191103520    2.843748664303
              H     -0.194435085535    4.469520318593    4.511162630437
              H     -1.071284937647    6.855397801265    0.756155760216
              H      2.142237481251    6.137792921765    0.911746290947
              H     -1.789417546901    3.892223530925   -2.616435268809
              H      0.811724559022    5.751225666239   -3.374778911021
              H      1.562021904595    1.408578459024   -4.586429689182
              H      0.847271199198    0.302888463275   -1.561906603770
              H      4.574300664927   -1.582087005663   -2.459395915721
              H      7.881883047370    1.140726039568    1.339001617980
              H      3.531813017897   -1.778098354014    2.035835983900
              H      7.608108607158   -4.445819093345    0.028067375908
              H     11.514182870586   -4.676963330793    2.614517245316
              H     11.002822267981   -1.571263956205    3.641166669908
              H      7.077570598217   -3.214532174969    5.085696908049
              H      8.534946628422   -3.587423369719   -4.274504733748
              H     11.064513700457   -0.911226570428   -6.825822469555
              H      8.963244294754    2.015057776714   -3.208079408332
              H      6.147768079751    2.251793453404   -6.387969300159
$End
$SCF_Energy
   &GeometryIndex 5
   &ListStatus       OUT
   &SCF_ENERGY [&Type "Double"]      -1.4665856561907581e+03
$End
$SCF_Nuc_Gradient
   &GeometryIndex 5
   &ListStatus       OUT
   &NATOMS [&Type "Integer"] 61
   &ROOT [&Type "Integer"] 0
   &GRADNORM [&Type "Double"]       1.2904436764103796e-02
   &GRAD [&Type "ArrayOfDoubles", &Dim (183,1)] 
                                                         0

0                                     -4.7821582226248438e-04
1                                      1.2018640907385247e-03
2                                      2.1232518097367148e-03
3                                     -4.9243105686969102e-04
4                                      1.7397741590503557e-03
5                                     -5.6026981133552312e-03
6                                      7.9914849434903346e-04
7                                     -1.0942094027321936e-03
8                                      1.9721718972694063e-03
9                                     -8.4944882200055360e-04
10                                    -5.9528505105466145e-04
11                                     9.6126887978442710e-06
12                                    -3.2239996110483560e-04
13                                    -4.6307556589297860e-06
14                                    -3.9023510608404699e-04
15                                    -4.6098035567254669e-04
16                                     1.3288210591517746e-03
17                                     4.1926769054029256e-04
18                                     7.4455509505000350e-04
19                                    -1.2667227167786344e-03
20                                     1.0477890047636551e-03
21                                     3.9842207761964232e-04
22                                     6.9512543099392587e-05
23                                     9.7629160750400956e-05
24                                    -1.2776509150258519e-04
25                                    -1.3787089529149199e-05
26                                     6.5935873345912555e-05
27                                     3.7158522332436661e-04
28                                     4.2878596278805858e-04
29                                     2.4634194092598705e-04
30                                     2.7226870913976686e-04
31                                    -5.9640383635972682e-04
32                                    -1.5124235165031585e-04
33                                     8.6860952830747351e-04
34                                     3.0765634167995159e-04
35                                    -8.8348534188487093e-05
36                                     1.4968910401202962e-06
37                                    -4.9619186717642094e-05
38                                    -2.4805150360407424e-05
39                                    -5.4162884385000609e-04
40                                     1.9009269664671535e-04
41                                     2.9565688740529339e-04
42                                    -4.0752973712265828e-04
43                                    -1.3799828568448191e-03
44                                    -7.9436328995985406e-05
45                                    -1.3365662485665397e-03
46                                    -3.8518861967418161e-04
47                                     2.5677038794547080e-04
48                                    -2.2126637436337138e-04
49                                    -6.4370942128100239e-04
50                                     5.2077269069461529e-04
51                                     2.0144972921305460e-03
52                                     2.8287206974262347e-03
53                                     8.4600903877074529e-05
54                                    -3.2079007407048721e-04
55                                    -7.0621158264216888e-04
56                                    -3.9465850767150812e-04
57                                     2.3807945564424671e-04
58                                     2.3961120727644669e-04
59                                     3.4197141013603272e-05
60                                    -2.4148416098523917e-04
61                                     2.0343934658484386e-04
62                                     1.0238839978757852e-03
63                                     2.8173762452716744e-03
64                                     5.3285925750623520e-04
65                                    -1.1263285115390431e-03
66                                     1.0169866971416752e-03
67                                     3.1174829003138838e-04
68                                    -5.5048394023128611e-04
69                                    -3.7439280659556928e-04
70                                    -4.2265376735528548e-04
71                                     9.6724342726339785e-05
72                                     1.7962903574453293e-03
73                                    -6.4589096542633229e-04
74                                    -1.7035073557281066e-04
75                                    -1.6243642046198659e-03
76                                     3.0755413120964192e-04
77                                     1.1684128154776374e-05
78                                     2.2130320505890921e-03
79                                    -1.2152114161845251e-04
80                                     1.1855672407530271e-03
81                                    -2.2423078934252771e-04
82                                    -9.5911756988975583e-04
83                                     1.8538067270945646e-03
84                                    -1.2944468387066088e-04
85                                    -3.9214667576249751e-04
86                                     3.9900532327052929e-05
87                                     6.4497208348246460e-04
88                                    -2.0071548129241279e-03
89                                     2.2854140700090397e-04
90                                     1.7049404307538651e-03
91                                     9.9776556901698399e-04
92                                    -2.0240639335611377e-04
93                                     9.1067582674853043e-04
94                                    -4.2435314460220752e-04
95                                    -1.7726504855999359e-03
96                                    -3.4466170403202323e-05
97                                    -1.8751288543050748e-04
98                                     1.5537529034287401e-04
99                                    -1.3927161123816756e-04
100                                    8.4575030864275647e-04
101                                   -2.3916957521574744e-04
102                                    1.4670664813909440e-04
103                                    7.4576932374581517e-04
104                                   -3.4448574064871451e-04
105                                   -5.2388560470517653e-05
106                                   -8.1049806179755990e-04
107                                   -9.4216651097378534e-05
108                                   -1.7935390775303262e-04
109                                   -1.2670196435049519e-04
110                                    2.0915731029269580e-04
111                                   -1.8833912409288445e-04
112                                    8.9839593009344298e-07
113                                   -2.1277255509755122e-04
114                                   -2.0789847744273615e-04
115                                    8.8516857377207714e-05
116                                   -1.3237159970369561e-04
117                                    2.9258153777605989e-04
118                                    4.5148056396193681e-04
119                                    2.0851650111808340e-04
120                                   -5.1429265653535339e-04
121                                    3.6816593798771891e-04
122                                    2.0376615668915576e-04
123                                   -2.1562478932279916e-04
124                                   -8.9422344347589444e-04
125                                   -2.9398494524768282e-04
126                                   -5.1484494883347054e-05
127                                    3.9998347372449672e-04
128                                   -5.3934625336315989e-05
129                                    4.3961815379711666e-04
130                                    5.1092446183975682e-04
131                                    1.6714754951863142e-04
132                                   -6.3248887174793822e-05
133                                    2.2553022515658938e-04
134                                   -4.9501525382217304e-04
135                                    4.0776797320773994e-04
136                                   -3.3845630382955960e-04
137                                    3.4604708963703601e-04
138                                   -4.1301757357015134e-04
139                                    5.5891157154517451e-05
140                                    2.6143176272697133e-05
141                                    1.6287463529995883e-04
142                                    1.6177559685015552e-04
143                                    1.6976413273539492e-04
144                                   -6.5514508296304896e-04
145                                   -2.8353639580203094e-04
146                                   -1.2702067573933107e-04
147                                   -2.0696874376424645e-03
148                                   -2.4692559094372513e-03
149                                    1.6050681979873360e-03
150                                   -2.0498452678241463e-04
151                                   -3.9912366578942482e-04
152                                   -1.3902047960590025e-04
153                                    2.6831382508518686e-04
154                                    4.9549115484204265e-04
155                                    1.8669463879072978e-04
156                                   -2.1537215803801857e-03
157                                   -1.6801002064203985e-03
158                                    5.8053832914839454e-04
159                                   -6.0041534613031189e-05
160                                   -4.5121198281528052e-04
161                                   -6.6139954371102760e-06
162                                    4.6941949155598905e-04
163                                   -3.7871364656982820e-04
164                                   -4.4681009728619880e-04
165                                    4.8564762604286216e-04
166                                    4.3946900996960636e-04
167                                    5.0801704318370611e-05
168                                   -2.4577569951151901e-03
169                                    8.9115981972298641e-04
170                                    5.5861848457006147e-04
171                                   -4.5489223001338175e-04
172                                   -6.1411791452137265e-04
173                                   -2.0005802502387482e-04
174                                   -5.4127949430182731e-04
175                                    1.1718870527364089e-03
176                                   -2.3052665399934114e-03
177                                    2.3730881041750251e-04
178                                    3.8531598160673752e-04
179                                    1.7701578798767770e-04
180                                   -9.1334098646900230e-04
181                                    2.4158263167635141e-03
182                                   -6.1437586844115266e-04
$End
$Geometry
   &GeometryIndex 6
   &ListStatus       OUT
   &NATOMS [&Type "Integer"] 61
   &NCORELESSECP [&Type "Integer"] 0
   &NGHOSTATOMS [&Type "Integer"] 0
   &CartesianCoordinates [&Type "Coordinates", &Dim(61,4), &Units "Bohr"] 
              O     -5.166595960044    5.062752928996    3.378578633980
              C     -4.769643130956    2.870289778034    3.050778898374
              C     -6.687125069748    0.751325742194    3.086493048545
              H     -7.518945663924    0.686626396170    4.957138444973
              C     -5.151882617556   -1.632705763867    2.479348913343
              C     -6.295888687375   -2.776693004095    0.013159071135
              C     -4.983979378982   -1.998400573685   -2.393445946652
              C     -3.839801643561   -3.566583638046   -3.956265289501
              C     -9.030261024156   -1.774436227490    0.117054011264
              C     -8.784142530633    0.958316066885    1.050915644700
              C    -11.138294776060    2.237078584408    2.008771046906
              C    -13.457920343215    1.326813339781    1.932014204246
              H     -5.257052226401   -3.025776112643    3.974767426290
              N     -2.405137653971    1.853264941679    2.594822992145
              C     -0.083428020056    3.355736819801    2.742613325896
              C      0.300983929458    5.279622714475    0.618940452752
              C      0.158655557629    4.293932082396   -2.098895793232
              C      1.685466161911    1.928272093814   -2.656870740949
              O      4.216767125472    2.278457200371   -1.920043173607
              C      5.721556073381    0.094070303591   -1.925580588097
              C      6.794101078479   -0.464053408866    0.691269634028
              O      4.935825079116   -0.857057242484    2.543499113582
              C      8.612487850002   -2.720423470560    0.523383594856
              C      9.962062721462   -3.287766885681    3.004050676954
              O      8.347510187884   -4.301790703661    4.826734213308
              O     10.506036458003   -2.193197808869   -1.265615950112
              C      9.625242708871   -1.856150924660   -3.708357164768
              O     11.722145895280   -1.516464898966   -5.214904035819
              C      7.893838362750    0.435554775765   -3.774886320275
              O      7.035715083203    0.714073970157   -6.268791310466
              C     -2.437770345807   -0.734636111750    2.356223481563
              O     -0.610719276369   -2.042278833126    2.089180843947
              H     -6.255434475191   -4.819613515781    0.123176057571
              H     -5.034404178798   -0.016426107845   -2.869714209910
              H     -2.961340471228   -2.901743422825   -5.664991494822
              H     -3.727552224561   -5.563857163698   -3.588287040106
              H    -10.097697076024   -2.874165936017    1.483696988401
              H     -9.985594951654   -1.921329124687   -1.688797485047
              H     -8.067892248272    2.115699140314   -0.491792353488
              H    -10.823473330919    4.088199620860    2.800890509864
              H    -15.024959956825    2.399797018360    2.654617037305
              H    -13.899436423799   -0.495557837298    1.148932647420
              H      1.463843306898    2.036417466322    2.800989925504
              H     -0.123454377433    4.355023664521    4.528012030278
              H     -1.053402709261    6.800514895524    0.828231091008
              H      2.157210232744    6.091688520817    0.935324444251
              H     -1.793314174519    3.893483668328   -2.603718367717
              H      0.772674881627    5.803823720280   -3.347526239532
              H      1.587667792759    1.502583463861   -4.667615145236
              H      0.903475537869    0.323144165659   -1.669296576908
              H      4.597745829541   -1.516783102105   -2.540174165211
              H      7.861598980729    1.170517640629    1.312775801423
              H      3.474902480246   -1.704099858974    1.920128450003
              H      7.557318368636   -4.401349534879   -0.032940965032
              H     11.413544904903   -4.677611391948    2.636269307229
              H     10.889083269360   -1.578636249618    3.675736865381
              H      6.933782838765   -3.210488052139    5.004945736412
              H      8.574430267178   -3.528873751553   -4.305027311623
              H     11.170088870342   -0.858158915285   -6.790653726378
              H      9.007297765145    2.066728515631   -3.213942235241
              H      6.236605404749    2.309010807392   -6.431493518971
$End
$SCF_Energy
   &GeometryIndex 6
   &ListStatus       OUT
   &SCF_ENERGY [&Type "Double"]      -1.4665860335883826e+03
$End
$SCF_Nuc_Gradient
   &GeometryIndex 6
   &ListStatus       OUT
   &NATOMS [&Type "Integer"] 61
   &ROOT [&Type "Integer"] 0
   &GRADNORM [&Type "Double"]       7.4659247121493764e-03
   &GRAD [&Type "ArrayOfDoubles", &Dim (183,1)] 
                                                         0

0                                      3.0812419256065482e-05
1                                      2.1079398058603260e-03
2                                      7.2082106040127769e-04
3                                     -6.9862093537143011e-04
4                                     -2.3588140256745049e-03
5                                     -1.5890812240009211e-03
6                                      6.7742973525497518e-04
7                                     -5.4276819164877921e-04
8                                      9.1111655007275472e-05
9                                     -3.2837371091964940e-04
10                                    -2.4550817506840961e-04
11                                     1.2072538607910133e-05
12                                    -1.6710550658594059e-04
13                                     6.3290277880412305e-04
14                                    -1.1678195654383217e-03
15                                    -5.3400228483191370e-04
16                                     9.1244293877457139e-04
17                                    -6.0067824166731842e-05
18                                    -5.1906616889851875e-04
19                                    -4.4261433289771723e-04
20                                     6.5594932191892497e-04
21                                    -1.2717087159375140e-04
22                                    -4.5941588023978852e-04
23                                    -9.4867857569624903e-05
24                                     4.0153146453913990e-04
25                                     2.1939988663488563e-04
26                                    -1.5500634161269566e-04
27                                     7.0036074460766429e-05
28                                    -3.7977678644907087e-04
29                                     2.2048467817192829e-04
30                                     8.2672751383827681e-04
31                                    -2.0345824833789550e-04
32                                    -1.3270774641360727e-04
33                                    -4.6106396278489115e-04
34                                    -3.2323608245787838e-04
35                                    -1.0872524164917685e-04
36                                     2.6654603268638777e-04
37                                     2.2038365650445257e-04
38                                     2.2146766966368858e-04
39                                     6.4526221909666504e-04
40                                    -6.6947310536136229e-05
41                                    -3.2596136220863769e-04
42                                    -5.7824343466084116e-04
43                                    -4.2564864351390952e-05
44                                    -5.0143286224191286e-04
45                                     7.4290908605334494e-05
46                                    -5.9337243106405424e-04
47                                    -4.4117772696394830e-04
48                                     2.8918633472385658e-04
49                                    -5.0588892975866884e-04
50                                     2.7141422380716484e-04
51                                    -3.7551569090488179e-04
52                                     2.5377868134768278e-04
53                                     8.6205235286129778e-05
54                                    -1.9247592500359900e-04
55                                     5.3939870185359950e-04
56                                     1.1937693770707192e-03
57                                     7.7737674347932995e-04
58                                    -2.1580798129594569e-04
59                                    -4.5585480575649484e-04
60                                    -2.2580516390280359e-04
61                                    -1.6501494523790683e-04
62                                    -2.4669441516733670e-04
63                                     2.8388406354107332e-04
64                                    -7.0452923236485887e-05
65                                     4.2542393946831680e-04
66                                    -2.1256854517304191e-04
67                                     3.2156198008909120e-04
68                                     3.5350305201444648e-04
69                                    -2.6413320890039671e-05
70                                     3.5618585269947545e-04
71                                    -6.7325633557402398e-04
72                                    -8.7949420013444524e-06
73                                    -1.2526773144472259e-04
74                                     7.4659244283914461e-04
75                                     9.9194873592622912e-04
76                                     5.6131073775667062e-05
77                                     2.9815998404680855e-04
78                                    -1.0018160618514571e-03
79                                     5.4933126441758517e-04
80                                    -8.7090239106135670e-05
81                                     7.8028158215559529e-04
82                                    -3.0168889427084622e-04
83                                    -5.7685258963857677e-04
84                                    -1.4339461122592212e-04
85                                    -6.1897258703194624e-04
86                                     3.4810178114064172e-04
87                                    -4.8267987857286698e-04
88                                     1.3802447526778394e-04
89                                    -3.6668064175415793e-04
90                                    -1.8165722341780821e-03
91                                     7.7866890443267778e-04
92                                     3.5182621526450575e-03
93                                     1.1193815671575180e-03
94                                    -8.2568443741948272e-04
95                                    -1.0508825690385137e-03
96                                    -9.7905075695514654e-05
97                                    -1.8595515183150724e-04
98                                     7.0287713974659383e-06
99                                    -1.5906515487662531e-05
100                                    2.6862448687658969e-05
101                                    5.8582595756195843e-05
102                                    4.3323898582325882e-04
103                                    6.5308103601680045e-04
104                                   -6.7977664421015049e-05
105                                   -7.4784990637899451e-05
106                                   -8.2332526837092246e-05
107                                    9.2111995346533249e-05
108                                    1.0144575560033786e-04
109                                   -7.6655877524700600e-05
110                                    8.4734110831874432e-05
111                                   -6.3746769307648776e-05
112                                    6.0288726037693863e-05
113                                   -9.9520136020103678e-05
114                                    1.0117818184696148e-04
115                                    1.2615263712323355e-04
116                                   -2.3676330268607160e-04
117                                    2.5918335010644000e-05
118                                    1.6715952933932243e-04
119                                    8.8493121098931482e-05
120                                   -6.7410246740173818e-05
121                                    1.1128724708120430e-04
122                                    5.6064357435658962e-05
123                                    1.5599722640624591e-04
124                                    1.6220257803567506e-06
125                                   -9.4501982910166760e-06
126                                    5.7302170642259398e-04
127                                   -2.3395475311271952e-04
128                                   -1.5125637947832615e-04
129                                   -1.9874503764283347e-05
130                                   -3.0636642455839080e-05
131                                    3.0107658421396621e-04
132                                    2.3467469660864992e-04
133                                    1.2317038720155438e-04
134                                    1.0052110190117425e-05
135                                    7.3427029872341620e-05
136                                    2.9926033916360950e-04
137                                    5.6053071682438116e-05
138                                   -1.5109171969918123e-04
139                                    9.9495613064333466e-05
140                                   -1.8492222144228521e-05
141                                    5.4247895481474018e-05
142                                    9.8601790544883272e-05
143                                   -6.7246640827356430e-05
144                                   -5.9044535273722332e-04
145                                   -3.7922481845087397e-04
146                                   -3.0035780078208063e-04
147                                    7.2566913097027452e-04
148                                    7.0077148312552850e-04
149                                   -5.8346183784507843e-04
150                                   -1.5122379937793085e-04
151                                   -2.8257153491395570e-04
152                                    2.5008519788505268e-04
153                                    2.4745769062040068e-04
154                                    2.3342825578698267e-04
155                                   -4.0840705131106603e-05
156                                   -6.0891593900258556e-04
157                                    6.7812101217867848e-05
158                                   -3.1402877257136197e-04
159                                   -2.0093085037053982e-04
160                                   -9.7390358312132719e-05
161                                   -8.4599118857386912e-05
162                                    6.3103477023318533e-05
163                                   -1.8334052714941151e-04
164                                   -1.7149734111499004e-04
165                                    5.4329700719613072e-05
166                                    8.8703332428607951e-05
167                                    2.4023806486361821e-06
168                                   -3.6007677035065910e-04
169                                    3.0116408742397738e-05
170                                   -4.1141303252500983e-04
171                                   -1.7038364047516907e-04
172                                   -2.6841633860730241e-04
173                                    8.7317571588307885e-05
174                                   -3.6570412746961267e-06
175                                    2.2352772811284893e-04
176                                    2.9886015603430849e-04
177                                    6.2304804392177005e-05
178                                    1.6524640243176236e-04
179                                    1.2059100477013196e-04
180                                    3.3532640663436197e-04
181                                   -5.5004188095786333e-05
182                                   -8.5727655362521915e-05
$End
$Geometry
   &GeometryIndex 7
   &ListStatus       OUT
   &NATOMS [&Type "Integer"] 61
   &NCORELESSECP [&Type "Integer"] 0
   &NGHOSTATOMS [&Type "Integer"] 0
   &CartesianCoordinates [&Type "Coordinates", &Dim(61,4), &Units "Bohr"] 
              O     -5.166504808180    5.060029257548    3.368013824855
              C     -4.769003306659    2.870065525787    3.039791007668
              C     -6.686257534148    0.749531183508    3.086380922673
              H     -7.487829837432    0.674241832774    4.969330117609
              C     -5.156709339974   -1.630941469200    2.442782335947
              C     -6.334676038490   -2.762940199577   -0.012537147159
              C     -5.058762857052   -1.973311977197   -2.437138251515
              C     -3.936441209081   -3.536631781965   -4.020220192871
              C     -9.070373916707   -1.764499454519    0.138199817330
              C     -8.815879010959    0.965017362917    1.084598374178
              C    -11.158165452443    2.234336819108    2.087384789918
              C    -13.477030292696    1.321732183794    2.045135618661
              H     -5.239095003390   -3.034414899334    3.929821089690
              N     -2.410352688246    1.855353569760    2.550806951797
              C     -0.087194366463    3.354737486679    2.698124604210
              C      0.297758464742    5.268094856315    0.565675747804
              C      0.171991905030    4.261412576693   -2.146731011076
              C      1.706816329345    1.893190488657   -2.680518875700
              O      4.232190255410    2.255225124735   -1.933370642848
              C      5.750690560456    0.082153779051   -1.924763787555
              C      6.802683727595   -0.473784575270    0.702633204933
              O      4.932171779989   -0.883056345244    2.537271609835
              C      8.641048322192   -2.716114060043    0.547217205704
              C      9.973761410773   -3.279292809148    3.039494535022
              O      8.353616099191   -4.311859716415    4.843956337358
              O     10.544932280624   -2.169761485934   -1.222736192385
              C      9.689812526599   -1.832464014658   -3.672933059404
              O     11.797580568644   -1.468889201732   -5.155343435716
              C      7.939788106568    0.445625770839   -3.750943007949
              O      7.104370162111    0.723733039164   -6.251252525559
              C     -2.444681136525   -0.729664100435    2.279597017828
              O     -0.619880607788   -2.038018849590    2.016467361838
              H     -6.290141309021   -4.805868729826    0.087227129810
              H     -5.124684584265    0.008821634148   -2.911068186840
              H     -3.094345347612   -2.871625988578   -5.745912552427
              H     -3.812402520988   -5.533876067182   -3.657508139602
              H    -10.116451676678   -2.873975204941    1.513168246984
              H    -10.051934361145   -1.902849263708   -1.653873704759
              H     -8.126917227618    2.132916661740   -0.461599186457
              H    -10.832484773797    4.081704680360    2.882606560416
              H    -15.032825867089    2.389007411365    2.798900915662
              H    -13.931819327401   -0.497053794637    1.261258993234
              H      1.457397377250    2.034005987574    2.764171663836
              H     -0.129391963837    4.363200582273    4.477502244931
              H     -1.066032994919    6.783005432711    0.758777769042
              H      2.149249298262    6.088880877279    0.884274184178
              H     -1.775904429649    3.852835934549   -2.658968118954
              H      0.789973112632    5.763424252990   -3.402453042668
              H      1.624105371462    1.459535202758   -4.689431534122
              H      0.918137673727    0.291173164523   -1.688693385570
              H      4.645644338020   -1.534317085426   -2.556586578516
              H      7.850586771014    1.167547616761    1.336876189126
              H      3.486891590774   -1.745074556021    1.903189821023
              H      7.605069023682   -4.404383204717   -0.021044752040
              H     11.439237612947   -4.655822108408    2.680272537748
              H     10.881872913501   -1.565204126441    3.723533335910
              H      6.938767447016   -3.224848557152    5.031598037270
              H      8.660053646313   -3.511054020333   -4.287569676837
              H     11.255415037021   -0.823638992168   -6.739942318860
              H      9.034102236399    2.083788325096   -3.174807698080
              H      6.281577898058    2.306618492252   -6.414255682425
$End
$SCF_Energy
   &GeometryIndex 7
   &ListStatus       OUT
   &SCF_ENERGY [&Type "Double"]      -1.4665861505314956e+03
$End
$SCF_Nuc_Gradient
   &GeometryIndex 7
   &ListStatus       OUT
   &NATOMS [&Type "Integer"] 61
   &ROOT [&Type "Integer"] 0
   &GRADNORM [&Type "Double"]       3.4673321502134732e-03
   &GRAD [&Type "ArrayOfDoubles", &Dim (183,1)] 
                                                         0

0                                      3.9145931477690965e-05
1                                     -2.5016352239504158e-05
2                                     -4.3801148211386476e-04
3                                     -1.6088961078519759e-05
4                                      2.2883983911370365e-05
5                                      9.1949353010667423e-04
6                                      1.0710981123285279e-04
7                                     -2.2575772551292062e-04
8                                      2.7923591282008609e-05
9                                     -1.1796164558619537e-04
10                                     2.6017912102660468e-05
11                                    -1.3648592621429145e-04
12                                     1.0833937498944124e-04
13                                     1.6258581365402591e-04
14                                     6.3093290986837580e-04
15                                    -1.3182514053688976e-05
16                                     2.9433932029920840e-04
17                                    -5.8055062635231636e-05
18                                     9.1741953850643654e-05
19                                    -3.6945155756884507e-04
20                                     1.4022774931787829e-04
21                                     2.9090219664240635e-05
22                                    -1.6721517570061906e-04
23                                    -5.7278236873514743e-06
24                                     5.8249272488986037e-05
25                                    -2.8397382328293475e-05
26                                     1.4136095269901006e-05
27                                     6.8564469866139177e-05
28                                     3.2674595325410394e-05
29                                    -8.0319651484472843e-05
30                                    -1.4252164455941241e-05
31                                     1.7310464405895232e-05
32                                     4.0801508567833711e-05
33                                    -3.1419473756955085e-05
34                                    -3.2495004217425461e-05
35                                    -3.4213860399923135e-05
36                                    -1.4844659783486147e-04
37                                    -2.9528623967323142e-05
38                                     1.1707542338523780e-04
39                                     6.5713496098851465e-05
40                                    -7.0101850550230438e-05
41                                     1.6989480376050636e-04
42                                    -1.3211206057928138e-04
43                                    -3.6312744696509469e-04
44                                     2.1638257262002192e-04
45                                    -8.4799873159124850e-05
46                                    -4.8807739206679912e-05
47                                    -3.0180318776329429e-05
48                                     3.4151473173316127e-05
49                                    -2.8194643466949998e-04
50                                    -1.8185350100896613e-05
51                                     4.0055445224096431e-04
52                                     2.5161293626663195e-04
53                                    -1.3778809315834195e-04
54                                    -3.3238323547291060e-04
55                                    -7.4297152147906331e-05
56                                     5.6288987557495673e-04
57                                     1.8931347041117874e-04
58                                     3.1723627186508452e-05
59                                    -5.0828349773257564e-04
60                                    -2.0397964966334392e-04
61                                     1.6514646002363520e-04
62                                     2.4456103465642087e-04
63                                    -9.7367144084259394e-05
64                                    -4.1560734730361482e-04
65                                    -3.1495932265812598e-04
66                                     1.4129702547904799e-04
67                                     6.5718443699680495e-05
68                                    -3.9503686764127965e-05
69                                    -7.5449693299756149e-05
70                                    -1.0953953288250773e-04
71                                     9.9062010825434754e-05
72                                     1.1882361624060422e-04
73                                     4.1730481159696353e-04
74                                     9.6621700585330927e-05
75                                    -1.1327571987962415e-04
76                                     1.1152929432345360e-04
77                                     9.5776068073760712e-05
78                                     2.2450320680889035e-04
79                                     7.3209342262736676e-05
80                                    -4.9411532121457213e-05
81                                    -1.0361367674605049e-04
82                                    -2.7027113889932508e-04
83                                    -2.0338229463234825e-04
84                                    -4.8211763568395405e-05
85                                    -1.3499633473153250e-04
86                                    -1.9205258057652941e-05
87                                    -3.3510180265849954e-04
88                                     1.1536457286664970e-04
89                                     6.8742163698232162e-05
90                                     1.0955757980823932e-05
91                                     4.0194144309779745e-04
92                                    -2.4113033877961598e-03
93                                    -1.0104977238256652e-04
94                                    -6.5885316512748204e-05
95                                     9.8031700938294719e-04
96                                    -3.7565370195391523e-05
97                                    -2.7680374993011014e-05
98                                     4.6533630155665140e-05
99                                    -1.9746153304689429e-06
100                                   -6.2984043323055516e-06
101                                   -3.7748646330104663e-05
102                                    5.4917896066708494e-05
103                                    2.7495653336973014e-04
104                                    9.6639457281888497e-05
105                                   -5.7661150990040433e-06
106                                    3.6396363602975157e-05
107                                   -7.2086967023543558e-05
108                                    3.8283434323105325e-05
109                                   -2.8902590021750996e-05
110                                   -1.5706519485014780e-05
111                                    1.6519003945170141e-05
112                                    7.2339422201306292e-06
113                                    2.2613827524331498e-05
114                                   -5.8082344523646690e-05
115                                    2.3489149025834877e-06
116                                   -4.4812521120540794e-05
117                                    3.1083853364033409e-05
118                                   -1.4947179844071457e-05
119                                   -4.5472962919568261e-06
120                                    6.8414299168040316e-06
121                                   -2.7149842884099940e-05
122                                   -1.4094702436295847e-05
123                                    1.7208907583388111e-06
124                                    4.9027037330340306e-05
125                                    2.6203992221418559e-05
126                                    1.2782756702467424e-04
127                                   -1.2650062013896957e-05
128                                   -1.5816490434872321e-04
129                                    1.0394678928182799e-04
130                                    5.0107311075464622e-05
131                                    1.9526082575715975e-05
132                                    9.1001317976235896e-05
133                                    7.8700371287432347e-05
134                                   -4.6578423342324982e-05
135                                   -1.6816079752679514e-05
136                                    2.7180965967765758e-05
137                                    7.9256931707849532e-05
138                                   -1.1157433472241962e-05
139                                    1.0093001366397181e-04
140                                    3.0429139834531327e-06
141                                    3.0383078563955834e-05
142                                    5.7638382847002845e-05
143                                    3.8209850282022728e-05
144                                   -3.4225824948008743e-04
145                                   -1.3701759168660566e-04
146                                   -4.5528588174192919e-05
147                                    5.2262773460043377e-06
148                                   -1.6720749282939096e-05
149                                   -5.6228616750253479e-05
150                                   -4.9407945868384928e-05
151                                   -3.1657764291814772e-05
152                                    1.6998966247916414e-04
153                                   -1.2756458119156378e-05
154                                    1.9274249852152536e-05
155                                   -3.8684268739430649e-05
156                                    1.5614258789664603e-04
157                                    3.1129352251024756e-04
158                                    1.6209537217237724e-04
159                                   -4.5297721680714886e-05
160                                    2.0726646161151052e-05
161                                   -2.4824574147430667e-06
162                                   -7.4611364994758844e-05
163                                   -2.8560791371923244e-05
164                                   -8.6656920421979144e-05
165                                    5.1209742660596191e-05
166                                   -3.4999718796946411e-05
167                                   -2.0842690796385455e-05
168                                   -6.9381678101443356e-05
169                                   -2.3342892052546915e-04
170                                   -1.7716348445029340e-04
171                                    3.4282767550131155e-05
172                                   -4.5228606853520148e-05
173                                    7.3711210216931278e-05
174                                    8.6897009166087003e-06
175                                    1.7826564287837243e-04
176                                    2.1633008906984941e-04
177                                   -4.2652785300134610e-05
178                                    8.5628800965409368e-06
179                                    1.5494995450504589e-05
180                                    2.9079402958043232e-04
181                                   -5.4321051467631776e-05
182                                   -8.8142500050292227e-05
$End
$Geometry
   &GeometryIndex 8
   &ListStatus       OUT
   &NATOMS [&Type "Integer"] 61
   &NCORELESSECP [&Type "Integer"] 0
   &NGHOSTATOMS [&Type "Integer"] 0
   &CartesianCoordinates [&Type "Coordinates", &Dim(61,4), &Units "Bohr"] 
              O     -5.163731722319    5.057141967546    3.370016838501
              C     -4.770635722651    2.868748827765    3.030742500204
              C     -6.688418230072    0.748344114820    3.096308250878
              H     -7.458581424328    0.664587739546    4.992104567821
              C     -5.169504218404   -1.630197560338    2.418080937565
              C     -6.376145933202   -2.741862882432   -0.031779393310
              C     -5.131854836921   -1.933371316122   -2.467732000746
              C     -4.028772456450   -3.488106430432   -4.072741416499
              C     -9.111979206740   -1.748439706595    0.163417265158
              C     -8.849214979324    0.974235411563    1.129270390309
              C    -11.179001337413    2.230225440107    2.177973891492
              C    -13.495931763140    1.312710086970    2.166813382450
              H     -5.239433587470   -3.045401618774    3.894255258946
              N     -2.418759420167    1.852434908212    2.513496422702
              C     -0.093189125428    3.348861552108    2.642931666813
              C      0.286700730144    5.243446353976    0.493394612539
              C      0.178715086837    4.208684701361   -2.210008756018
              C      1.734792375137    1.847614118302   -2.718151906761
              O      4.252955594785    2.232720383890   -1.959578201820
              C      5.788923559965    0.073123844078   -1.933004879540
              C      6.809338539264   -0.482905964143    0.707383380774
              O      4.917882837598   -0.909760085389    2.515967770248
              C      8.666977573599   -2.710971672890    0.569239605793
              C      9.969835178186   -3.274417019820    3.077897886447
              O      8.334717769925   -4.331365926182    4.853582491813
              O     10.590126142210   -2.142710170352   -1.171758774012
              C      9.769758093698   -1.800586451657   -3.632458397987
              O     11.895440239901   -1.410199501553   -5.080940138240
              C      8.001013495987    0.462787079236   -3.726317899182
              O      7.198514587611    0.743289800596   -6.236429682835
              C     -2.457021058941   -0.732483658014    2.237180947960
              O     -0.638860242613   -2.039956857694    1.930637452362
              H     -6.328194577884   -4.785336706735    0.050894242926
              H     -5.209594849070    0.051043496360   -2.931603504914
              H     -3.215415036198   -2.818457067924   -5.810050261991
              H     -3.896073635970   -5.486780783049   -3.719845390667
              H    -10.138681144841   -2.871087368719    1.542341376027
              H    -10.117141588473   -1.873464445223   -1.616567713564
              H     -8.186955488280    2.156652173043   -0.417181148098
              H    -10.844432230886    4.072868089461    2.980450099976
              H    -15.041808105232    2.371302267070    2.952899938963
              H    -13.960861316167   -0.501860986345    1.378107394811
              H      1.449300214131    2.026616243846    2.718841099435
              H     -0.131801831464    4.374034216270    4.412467683011
              H     -1.089766114948    6.749703149310    0.665965125585
              H      2.131377701437    6.079945331712    0.810026538342
              H     -1.763585505902    3.778552343098   -2.725438980959
              H      0.789044507609    5.703867224934   -3.477448080368
              H      1.669827617483    1.404756332686   -4.725285486104
              H      0.948570618352    0.245120703076   -1.722532710949
              H      4.707602122804   -1.550241026618   -2.587741016187
              H      7.836124034720    1.164356131658    1.360093252336
              H      3.489569433979   -1.785768638190    1.862101823075
              H      7.652556996420   -4.405358217789   -0.019236733315
              H     11.452733707811   -4.635704291494    2.732349807665
              H     10.853034083738   -1.555724401206    3.783013138835
              H      6.916935019459   -3.248356757886    5.045381492832
              H      8.764063184774   -3.484629740657   -4.271723592109
              H     11.370397574119   -0.777177340455   -6.677016025394
              H      9.072776498713    2.107962143673   -3.128209841337
              H      6.348861627594    2.312658892313   -6.401009185550
$End
$SCF_Energy
   &GeometryIndex 8
   &ListStatus       OUT
   &SCF_ENERGY [&Type "Double"]      -1.4665862025470801e+03
$End
$SCF_Nuc_Gradient
   &GeometryIndex 8
   &ListStatus       OUT
   &NATOMS [&Type "Integer"] 61
   &ROOT [&Type "Integer"] 0
   &GRADNORM [&Type "Double"]       3.3253728451916940e-03
   &GRAD [&Type "ArrayOfDoubles", &Dim (183,1)] 
                                                         0

0                                     -3.1590324883978838e-05
1                                     -6.6617831726034638e-04
2                                     -3.4601917535859172e-04
3                                      1.6053395220794187e-04
4                                      1.0775595298788687e-03
5                                      6.8655917330628924e-04
6                                     -4.5704270759117094e-06
7                                     -1.1674947006490299e-04
8                                      7.4766159963962631e-05
9                                     -5.9144034662672595e-05
10                                     2.0558147757254730e-05
11                                    -8.3854290725327019e-05
12                                    -2.8855871480715223e-05
13                                    -7.1746394731952989e-05
14                                    -2.7772720748953095e-04
15                                    -9.5833204340145528e-05
16                                     1.1006595171680900e-04
17                                     1.0025259102347528e-04
18                                     3.7220039554064499e-04
19                                    -2.9313857946078326e-04
20                                     2.5794973636417140e-05
21                                     1.3027875555526869e-04
22                                     4.2353174235287838e-05
23                                     8.4827546938726073e-05
24                                    -1.4855037085670375e-04
25                                    -1.3213616936802453e-04
26                                     2.1027198672030067e-05
27                                     9.9054982384494394e-05
28                                     1.9763691919072457e-04
29                                    -7.7858530823871064e-05
30                                    -3.5023026930347534e-04
31                                     3.4596296017319617e-05
32                                     7.9924299157263512e-05
33                                     3.2753732107337896e-04
34                                     1.4676523421952581e-04
35                                    -1.0178167742624922e-05
36                                     5.6715777128957257e-05
37                                     4.2909518379374845e-05
38                                    -2.4124369552680491e-05
39                                    -3.6349469774066279e-04
40                                     1.9910303907622051e-04
41                                    -5.2035065720446028e-04
42                                     3.8203574578510313e-05
43                                    -5.8078783234982723e-04
44                                     2.6737857636205398e-04
45                                    -1.5476203366487917e-04
46                                     3.1407859738408206e-04
47                                     2.5853140538734110e-04
48                                    -1.1252763522795473e-04
49                                    -2.1440138473316495e-04
50                                    -1.4215359130420602e-04
51                                     8.9565661209545233e-04
52                                     3.9378147504098848e-04
53                                    -2.2646576316720513e-04
54                                    -3.7336184730607513e-04
55                                    -4.0298749500067288e-04
56                                     2.0684014821492624e-04
57                                    -7.4581412578655915e-05
58                                     1.6969221881346641e-04
59                                    -4.0817877576215800e-04
60                                    -1.3838557182599409e-04
61                                     2.5883354330602515e-04
62                                     4.2846120680195554e-04
63                                     1.7370289587237409e-04
64                                    -1.9513143838278957e-04
65                                    -3.9267071387172336e-04
66                                     3.5143405226456537e-04
67                                     9.6727477988389765e-06
68                                    -2.5273641787779133e-04
69                                    -1.4671106502550657e-04
70                                    -3.1670041825027084e-04
71                                     4.2733962785401758e-04
72                                     4.2490144668327900e-04
73                                     3.6534124385489974e-04
74                                    -2.6076907541749961e-04
75                                    -6.3413549498037014e-04
76                                     1.0606059442785920e-04
77                                     2.1723649025418013e-05
78                                     8.2372254272300438e-04
79                                    -1.0341972640703911e-04
80                                     8.3918095948209981e-05
81                                    -3.9628142462078131e-04
82                                    -3.1982063271307482e-04
83                                     2.6679294065612424e-04
84                                     1.1116530940213920e-07
85                                     9.6319590936304322e-06
86                                    -1.9226245777481665e-04
87                                    -7.3502239018807813e-05
88                                    -2.3291953254034325e-04
89                                     2.6467660359941192e-04
90                                     9.7975108451464621e-04
91                                    -1.4799788412789283e-04
92                                     3.3832279917422881e-04
93                                    -3.3824156343698064e-04
94                                     1.7796011950466095e-04
95                                    -2.8998727117324208e-04
96                                    -2.2382423813249730e-05
97                                     1.3275324024064616e-05
98                                     4.4820608724155386e-05
99                                     5.7159564261777263e-06
100                                    1.4110205714423785e-04
101                                   -1.1362727333663614e-04
102                                   -1.1244255895315192e-04
103                                    9.1478463022376388e-06
104                                    6.7382104452562430e-05
105                                    5.0176393983303313e-05
106                                   -4.5507104312392244e-05
107                                   -1.4036126356298251e-04
108                                   -4.4611530308102942e-05
109                                   -1.8933920666874826e-05
110                                   -3.0516741611918974e-05
111                                   -2.1884201576227724e-05
112                                   -1.4393226922204683e-05
113                                    2.8769226701363948e-05
114                                   -1.0324635269354232e-04
115                                   -2.9648311332231003e-05
116                                    4.3327616279675851e-05
117                                    6.9397075205895886e-05
118                                   -2.3569281458080127e-05
119                                   -1.7277666129356106e-05
120                                   -4.5502479232517601e-05
121                                   -3.3278050143525917e-05
122                                   -5.9474367186673760e-06
123                                   -1.2157823080016783e-04
124                                   -7.2610734633826723e-05
125                                   -6.8464628415476625e-06
126                                   -1.0323612521379033e-04
127                                    6.1306074012890122e-05
128                                   -4.6858933999027741e-05
129                                    1.1705391611560589e-04
130                                    5.9191964861149415e-05
131                                   -9.5782845015435214e-05
132                                   -2.6961134846459345e-05
133                                    2.3218586662210328e-05
134                                   -1.2522165544548436e-04
135                                    5.4411931094122679e-06
136                                   -9.4787820183128702e-05
137                                    6.7193371537266344e-05
138                                   -1.8598932922664346e-05
139                                    7.3869038134416476e-05
140                                   -2.1261055502819204e-06
141                                    4.6357107855055091e-05
142                                    2.8011276214101599e-06
143                                    6.4079919392057150e-05
144                                   -1.7085311705966610e-04
145                                    3.9016370835476266e-05
146                                    9.8962690305626211e-05
147                                   -3.7321279007151986e-04
148                                   -5.0696580259668167e-04
149                                    2.1346995800897162e-04
150                                   -5.2591995205464315e-05
151                                    3.8577302562181615e-05
152                                    8.9068797317626291e-05
153                                   -7.8854776264236648e-05
154                                    1.2253868950651281e-06
155                                   -3.3188360644142989e-05
156                                   -6.1957387628375216e-05
157                                    3.5830409819581632e-05
158                                    1.1946940299445430e-04
159                                   -1.9045641539428004e-06
160                                    8.5024714611137142e-06
161                                    2.1889618735615457e-05
162                                   -4.8625114751565945e-05
163                                   -1.5733373082582602e-05
164                                   -7.9707800679007512e-05
165                                    8.3402426565903909e-05
166                                    7.6241367708007601e-07
167                                   -2.4604527209870497e-05
168                                   -2.7188183257109699e-04
169                                   -9.2046610441709475e-05
170                                    8.7436345069802357e-05
171                                    5.5282120052346784e-05
172                                   -2.1499064351004904e-05
173                                    2.4939893649822409e-05
174                                   -7.0170224829468886e-05
175                                    2.7238916525407220e-04
176                                   -2.3274516970062109e-04
177                                   -4.3055443179618180e-05
178                                   -9.4877639282842097e-06
179                                    9.3517955455091339e-06
180                                    5.1679950491934079e-05
181                                    3.1576049286297092e-04
182                                   -1.5714965680757587e-04
$End
$Geometry
   &GeometryIndex 9
   &ListStatus       OUT
   &NATOMS [&Type "Integer"] 61
   &NCORELESSECP [&Type "Integer"] 0
   &NGHOSTATOMS [&Type "Integer"] 0
   &CartesianCoordinates [&Type "Coordinates", &Dim(61,4), &Units "Bohr"] 
              O     -5.154843468555    5.053547435029    3.363025379079
              C     -4.770051940833    2.865632008554    3.006171389955
              C     -6.687761278910    0.747069999933    3.100666359060
              H     -7.426054303926    0.662529470070    5.009427784427
              C     -5.181177313177   -1.631648596295    2.398204669646
              C     -6.419047038400   -2.733098760819   -0.040251261283
              C     -5.213087951882   -1.911722513930   -2.490893783068
              C     -4.133361758132   -3.461803287909   -4.116268651603
              C     -9.152698403837   -1.744342932647    0.198513268646
              C     -8.878430002375    0.975371023392    1.168240182673
              C    -11.193336310886    2.225248880150    2.255332942035
              C    -13.508637674172    1.303445053900    2.278817855035
              H     -5.237905947340   -3.051760810743    3.870359681101
              N     -2.423567672672    1.846276893166    2.471473147378
              C     -0.094729919461    3.339423520688    2.589741249377
              C      0.283620155699    5.223629100700    0.431213210921
              C      0.192789011027    4.173711280605   -2.266748018529
              C      1.771227695449    1.824083684651   -2.759224103317
              O      4.284458715251    2.230311443807   -1.990818254912
              C      5.831919404259    0.078578403317   -1.945357326698
              C      6.817317014003   -0.482131218240    0.706767888959
              O      4.902415852383   -0.916405394435    2.489940989931
              C      8.681333673631   -2.705156211083    0.586444556918
              C      9.945280429633   -3.278646047521    3.112201996601
              O      8.285574530034   -4.359271543409    4.851598171395
              O     10.630294174132   -2.122327196949   -1.121785398616
              C      9.845986616865   -1.769102071957   -3.593333488748
              O     11.994316481210   -1.360570678442   -5.004435394747
              C      8.068049271534    0.485920977309   -3.704373251707
              O      7.300560491082    0.769985554079   -6.224912892189
              C     -2.469520206616   -0.738610172837    2.191695963902
              O     -0.654895060906   -2.049207376486    1.873779358131
              H     -6.366962994760   -4.776889496745    0.031767581852
              H     -5.300161855920    0.074036557116   -2.946257287031
              H     -3.346016608951   -2.790672628248   -5.865311636801
              H     -3.993588626522   -5.460887412719   -3.767483368812
              H    -10.157521667612   -2.872760651013    1.588866051545
              H    -10.183933393801   -1.865019792688   -1.566946592422
              H     -8.240253049098    2.163113023494   -0.384491106741
              H    -10.849789840190    4.067187612001    3.056016949072
              H    -15.043927504783    2.357912538068    3.091075099782
              H    -13.982395354063   -0.510515933400    1.493874182182
              H      1.445842935846    2.015014801578    2.671648444341
              H     -0.130831244158    4.373121425641    4.354482935362
              H     -1.103127964537    6.722042902978    0.590766999520
              H      2.121793375826    6.073753898597    0.749735202620
              H     -1.743777811117    3.721477443561   -2.784826387450
              H      0.791896002479    5.667710031345   -3.541071022304
              H      1.721560437003    1.375340722961   -4.765633100733
              H      0.993122456844    0.219572949033   -1.762134275881
              H      4.769863662675   -1.548490519242   -2.622680363699
              H      7.832535708745    1.165311464916    1.377473425317
              H      3.487745702103   -1.799766319118    1.814969251063
              H      7.680840650387   -4.399002888939   -0.027217122082
              H     11.442568829870   -4.628361962476    2.783071630278
              H     10.804561000695   -1.559569872854    3.845429674354
              H      6.867635794324   -3.275601511703    5.040082165512
              H      8.858652188958   -3.454196564407   -4.258303512347
              H     11.491942786963   -0.737593397072   -6.611750253680
              H      9.122478485517    2.134702782653   -3.085106102172
              H      6.426330690260    2.325781354948   -6.391424264257
$End
$SCF_Energy
   &GeometryIndex 9
   &ListStatus       OUT
   &SCF_ENERGY [&Type "Double"]      -1.4665862303161161e+03
$End
$SCF_Nuc_Gradient
   &GeometryIndex 9
   &ListStatus       OUT
   &NATOMS [&Type "Integer"] 61
   &ROOT [&Type "Integer"] 0
   &GRADNORM [&Type "Double"]       2.4994910836878370e-03
   &GRAD [&Type "ArrayOfDoubles", &Dim (183,1)] 
                                                         0

0                                      6.6218201446588409e-06
1                                     -4.2465620396114900e-05
2                                      6.0416742992863703e-04
3                                     -2.8710069452353437e-04
4                                      3.7134845950248518e-04
5                                     -1.6274677234915380e-03
6                                      1.2967447162726131e-04
7                                     -1.4690853459775610e-04
8                                      4.9864632709283041e-04
9                                     -1.0331980637934279e-04
10                                    -1.3364156275091910e-04
11                                     5.0453178625176065e-05
12                                     1.5382141924646930e-06
13                                     3.8759942562194283e-05
14                                    -5.3869119550964406e-05
15                                     4.0937413352537533e-05
16                                     1.2627361826145211e-04
17                                     3.0368234566369168e-05
18                                     8.2705454733655870e-05
19                                    -8.3908863520498755e-05
20                                    -2.6858313158184544e-05
21                                    -8.0792732367829245e-05
22                                     8.0319074811541213e-05
23                                     1.7414138473448304e-04
24                                    -5.4511868530227048e-07
25                                    -2.5374037883052480e-05
26                                     1.3445603083805935e-04
27                                     1.3852656422930210e-04
28                                     1.6467046412627084e-04
29                                    -6.7287648857217164e-06
30                                    -1.4091345925892895e-04
31                                    -4.0305289801700894e-05
32                                     2.6190099638001563e-05
33                                     2.6180554267440925e-04
34                                     7.7877350194599515e-05
35                                    -1.6996014333248155e-05
36                                     2.8535797159334741e-05
37                                     9.9073780379654863e-07
38                                     6.2108320513232229e-06
39                                    -1.4938944033282553e-04
40                                     2.8037639796174574e-04
41                                     2.1997965309150658e-04
42                                     9.4659544073394386e-05
43                                    -4.1780157569348830e-04
44                                     1.5528641193318649e-04
45                                    -1.5095224544137142e-04
46                                     3.1666954666142999e-04
47                                     2.3761557087631502e-04
48                                    -9.5661274383096462e-05
49                                    -1.7645167626589853e-04
50                                    -4.4064243655439483e-05
51                                     3.9883465423340425e-04
52                                     1.3044572867215720e-04
53                                    -1.0839205769386240e-04
54                                    -1.5166357793816587e-04
55                                    -1.8346489567022672e-04
56                                     1.8892337827214334e-04
57                                     8.3085299993790329e-05
58                                     1.0373808788877170e-04
59                                    -1.9517282718162221e-04
60                                     3.9308271828630836e-05
61                                     3.3116626417140083e-05
62                                     1.0123914185822258e-04
63                                     2.4920859874022483e-04
64                                     7.3866926822985235e-05
65                                     1.0485440307661520e-04
66                                     1.4272905460188667e-04
67                                     4.5649411189230271e-05
68                                    -5.1397950669607173e-05
69                                    -7.3328109073678149e-05
70                                    -1.5226852244865086e-04
71                                     1.8183842691588126e-04
72                                     3.3244463476478359e-04
73                                     5.3769367699629811e-05
74                                    -1.4332987312215550e-04
75                                    -1.9608961648032164e-04
76                                     4.8728068840375727e-05
77                                     1.0683974699876586e-04
78                                     2.5591822333570491e-04
79                                     4.3336842929009300e-05
80                                     4.6063206982083216e-07
81                                    -5.1981749358276375e-05
82                                    -2.3403977288305455e-04
83                                     2.1759630065609770e-04
84                                    -2.6810409087585363e-05
85                                    -8.7113839436096796e-05
86                                    -1.2266941843641632e-04
87                                    -1.8925868928043599e-05
88                                    -2.7559047454861485e-04
89                                     1.4861743006022721e-04
90                                     1.2992871942252293e-04
91                                    -5.8260790805064744e-05
92                                    -3.7323000408484575e-05
93                                     1.6956557667313632e-04
94                                    -7.5522781401105021e-05
95                                    -8.4410762228426250e-05
96                                    -2.0348367116618249e-05
97                                    -2.7973850791340737e-07
98                                     3.6335819100424827e-05
99                                     8.3223969384871310e-06
100                                    9.2820612426436355e-05
101                                   -4.9938116672976207e-05
102                                   -2.7339699245398918e-05
103                                   -9.0561445740267033e-05
104                                   -7.4717228065068753e-05
105                                    8.3868777577544851e-05
106                                   -8.9275900668539521e-05
107                                   -7.2547241969034282e-05
108                                   -4.7714591306480258e-05
109                                   -4.5359832919089627e-05
110                                   -3.2529482743015592e-05
111                                   -3.4904754541820182e-05
112                                    1.0248280354341333e-06
113                                   -1.2379623078651036e-05
114                                    1.1321275120268481e-05
115                                    6.4666297232562897e-06
116                                    1.4650370216529041e-05
117                                    6.5723545169663056e-05
118                                    3.0184305432001679e-05
119                                   -3.0264688368752957e-06
120                                   -7.6621535004761654e-05
121                                    5.2219707575851260e-06
122                                    1.6409902450664759e-05
123                                   -1.0618773698167772e-04
124                                   -9.4856571539736478e-05
125                                   -2.2762610840221242e-05
126                                   -5.9027347827367294e-05
127                                   -1.1497541248850496e-05
128                                    1.1562712782575701e-05
129                                    1.3473725729151731e-04
130                                    7.0333574732295290e-05
131                                   -1.8157516391781314e-05
132                                   -5.8521036531367088e-05
133                                   -3.3046956191995491e-05
134                                   -9.5396189666197007e-05
135                                    2.6805670146679006e-05
136                                   -6.3368075791991885e-05
137                                    1.4038165410568126e-05
138                                   -1.6674222745649558e-05
139                                    5.2545231566059059e-05
140                                    2.4907636561710689e-05
141                                    4.0218627722632405e-05
142                                   -1.6956744426366299e-06
143                                    1.8402535673089915e-06
144                                   -1.7010784943205515e-05
145                                    1.0186778059018131e-04
146                                    1.1546077866242399e-05
147                                   -1.7030753523261666e-04
148                                   -2.5137928149199240e-04
149                                    8.5974603897920332e-05
150                                   -5.4853402050802913e-05
151                                   -1.6039751834284743e-05
152                                    3.7648634449993779e-05
153                                   -7.8890309866963548e-06
154                                    7.2717149429912809e-05
155                                   -4.7461144228932994e-05
156                                   -3.4363313670215945e-04
157                                   -1.4672862813647214e-04
158                                   -1.7553060733765946e-04
159                                   -4.5891249949470136e-05
160                                   -1.2489429280115871e-05
161                                   -1.7983833740631283e-05
162                                    1.7325193562456320e-05
163                                   -5.7879181116327061e-05
164                                   -5.4323113084397967e-05
165                                    4.5306135556533178e-05
166                                    6.6025258636415174e-05
167                                   -2.8269741635167378e-05
168                                   -3.0861955188132839e-04
169                                    5.3754637917791115e-05
170                                    1.1298907709456074e-04
171                                    7.8345382834577038e-06
172                                   -7.0699072744595526e-05
173                                    1.7462809389634515e-05
174                                   -7.9167269949720342e-05
175                                    2.1967460569838337e-04
176                                   -2.6072022595791111e-04
177                                   -6.0635660865671070e-06
178                                    3.3556528383549278e-05
179                                    5.0014008568410873e-05
180                                   -1.9242347517156588e-05
181                                    3.2214556522625060e-04
182                                   -1.3884148597020918e-04
$End
$Geometry
   &GeometryIndex 10
   &ListStatus       OUT
   &NATOMS [&Type "Integer"] 61
   &NCORELESSECP [&Type "Integer"] 0
   &NGHOSTATOMS [&Type "Integer"] 0
   &CartesianCoordinates [&Type "Coordinates", &Dim(61,4), &Units "Bohr"] 
              O     -5.150694748648    5.043801230970    3.368588834015
              C     -4.768809989740    2.854760715488    3.015006879888
              C     -6.689623404715    0.739307700778    3.113301065646
              H     -7.408869387409    0.645920060440    5.028820908486
              C     -5.191830911742   -1.637250261875    2.385030422178
              C     -6.443732625735   -2.713554705769   -0.057599350155
              C     -5.258823085930   -1.858835449351   -2.507336296969
              C     -4.186748474457   -3.387831470606   -4.157384859131
              C     -9.176844434791   -1.732113067231    0.212001309648
              C     -8.897847063943    0.979791965011    1.202131598185
              C    -11.205100694402    2.217693232762    2.319075651839
              C    -13.518678023545    1.291818299196    2.357043462655
              H     -5.245586503645   -3.070009354389    3.844972329828
              N     -2.428045060932    1.835791547382    2.456054921167
              C     -0.098201706262    3.330598539157    2.553231645981
              C      0.272046060011    5.197374170247    0.377836452241
              C      0.188916081106    4.123983781272   -2.311225024537
              C      1.786817738534    1.783268056217   -2.785154894341
              O      4.299136588181    2.215646791463   -2.024743167592
              C      5.859489717706    0.073260030341   -1.956828830247
              C      6.824445489442   -0.478356890314    0.704538344217
              O      4.897505916093   -0.912025153781    2.475542043165
              C      8.695875405786   -2.695775659794    0.602808944286
              C      9.934762623112   -3.266687901594    3.141298669504
              O      8.261330294266   -4.364206139340    4.857262431028
              O     10.660430375495   -2.105169699262   -1.085515758899
              C      9.899770520012   -1.753014005192   -3.564786277311
              O     12.062387415797   -1.331001941651   -4.950608336721
              C      8.110216685064    0.491649034362   -3.694649691616
              O      7.364733540933    0.766720893135   -6.222417911337
              C     -2.479397062639   -0.748586388740    2.172885478685
              O     -0.668106443906   -2.060558140412    1.842985866818
              H     -6.386361214963   -4.757820882706   -0.010737376003
              H     -5.353954142810    0.131373522404   -2.938023612748
              H     -3.411416081992   -2.697396891803   -5.904331099082
              H     -4.039606707240   -5.389663644992   -3.829786300838
              H    -10.168242844814   -2.874054177042    1.600741949503
              H    -10.222228764817   -1.839419030260   -1.545893232368
              H     -8.274293101322    2.181135078859   -0.346104433523
              H    -10.857838689215    4.054231782981    3.130059633079
              H    -15.047898575445    2.337701682927    3.190887402255
              H    -13.996379772537   -0.516655092252    1.563157415399
              H      1.443029427334    2.007465541808    2.642458512366
              H     -0.130678086994    4.378653438324    4.309414652491
              H     -1.123660920661    6.688728791572    0.524633187475
              H      2.104757972040    6.061683009202    0.689017995611
              H     -1.743595249964    3.648677768965   -2.823348283151
              H      0.772646374133    5.612016853704   -3.599512729327
              H      1.740015336643    1.316007007508   -4.787535561538
              H      1.023930494905    0.183540498946   -1.772076933122
              H      4.815131582316   -1.561411385691   -2.642973932450
              H      7.830529065564    1.172817434027    1.379257488804
              H      3.494355748170   -1.807568185598    1.794651022183
              H      7.707896715466   -4.392618314067   -0.022072844225
              H     11.445358754577   -4.604751214915    2.827474896126
              H     10.772052095577   -1.543803952862    3.890000194051
              H      6.844486472227   -3.280546929921    5.044883628540
              H      8.929452059009   -3.442594892697   -4.242492108437
              H     11.574520142300   -0.728393676398   -6.568938615963
              H      9.148703181738    2.147599569376   -3.068100704668
              H      6.461483958777    2.304366945591   -6.393039654902
$End
$SCF_Energy
   &GeometryIndex 10
   &ListStatus       OUT
   &SCF_ENERGY [&Type "Double"]      -1.4665862513954567e+03
$End
$SCF_Nuc_Gradient
   &GeometryIndex 10
   &ListStatus       OUT
   &NATOMS [&Type "Integer"] 61
   &ROOT [&Type "Integer"] 0
   &GRADNORM [&Type "Double"]       1.5405100125173115e-03
   &GRAD [&Type "ArrayOfDoubles", &Dim (183,1)] 
                                                         0

0                                     -6.5701891507785604e-05
1                                      2.8806503728162625e-05
2                                     -6.4061254603231532e-05
3                                      9.6821682369352402e-05
4                                     -2.3897101666570109e-04
5                                      3.2717520950553691e-04
6                                     -9.6685557092968111e-05
7                                      6.4174201990674362e-05
8                                     -1.2938644755031148e-04
9                                      7.7702776678290064e-05
10                                     1.5253264816106338e-05
11                                     2.2419884448510174e-05
12                                    -6.4574938479111665e-05
13                                     7.1777274516016121e-05
14                                    -2.5002594376677401e-04
15                                     8.6571863731954579e-05
16                                    -7.3248851822693695e-05
17                                     3.8416342810876358e-05
18                                    -9.2185735701022509e-05
19                                     1.5768096070167825e-04
20                                    -2.1811473570987339e-04
21                                    -2.4978037198342129e-04
22                                     1.1134171331761422e-04
23                                     2.0894436922169746e-04
24                                    -2.5417384326598125e-05
25                                    -3.3913714703182052e-06
26                                     5.1833494109976286e-05
27                                     6.0674635120605558e-05
28                                    -1.0009693375501172e-04
29                                     1.3253230239929081e-05
30                                    -9.9023557528332695e-05
31                                     5.3618047788361878e-05
32                                     7.6816994171169384e-06
33                                     5.8817339535721658e-05
34                                    -3.6521522087884506e-05
35                                    -1.6416909926597612e-05
36                                     1.0616096060866997e-04
37                                     3.3667503227086115e-05
38                                     4.8077675612212545e-05
39                                    -1.7283912477150665e-04
40                                     2.2984040210438650e-04
41                                    -2.6576871454686568e-04
42                                     2.2369755785645040e-04
43                                    -1.4504546069460389e-04
44                                     1.6198972623060470e-05
45                                    -3.0627342963551740e-05
46                                     3.8886443527985648e-04
47                                     2.1665108816204537e-04
48                                    -6.5561089347521140e-05
49                                     1.4108628165310222e-05
50                                    -5.7139364260105907e-06
51                                    -7.0647696100989421e-05
52                                    -3.3516182238368941e-04
53                                    -2.5152879068457423e-05
54                                    -1.3938795616486033e-04
55                                    -6.1673883392288076e-05
56                                     1.3436532337962603e-04
57                                     1.2065285716156282e-04
58                                     2.3562450950365132e-06
59                                    -6.5714203025812878e-05
60                                     1.4052862810376432e-04
61                                    -7.8655728637855304e-05
62                                    -7.7833611911160006e-05
63                                    -1.0862437682490622e-04
64                                    -2.6255403650976561e-05
65                                     1.5070118433868629e-04
66                                    -6.7352830653177875e-05
67                                    -2.1081090325281160e-05
68                                     7.4478477674611021e-05
69                                     2.6506414051663540e-05
70                                    -4.7358708429534602e-05
71                                     1.0089905771692997e-04
72                                    -1.2617339750775614e-04
73                                     1.7473378354004865e-04
74                                    -7.9341113631059557e-05
75                                     8.7170088509225252e-05
76                                     1.6672390708905027e-05
77                                     3.8268327155144277e-05
78                                    -1.1387499712789406e-04
79                                     5.5646437847833852e-05
80                                    -1.5512408853624038e-04
81                                    -3.9675161787044999e-06
82                                     2.6831704602159334e-05
83                                    -2.6137006659077144e-04
84                                    -1.4126171213268979e-05
85                                    -1.8840762690708335e-05
86                                    -7.1312273414392280e-05
87                                    -2.1912274308188984e-04
88                                     2.0119762181280976e-04
89                                     3.9167763787872900e-05
90                                    -5.5837231732525083e-05
91                                    -2.2425284467608719e-04
92                                     4.8775351501895159e-04
93                                     2.4028844915591208e-05
94                                     1.3339685094138076e-04
95                                    -1.6747110073556115e-04
96                                    -1.2756890888199202e-05
97                                     2.9145938384544934e-05
98                                     3.8395365375420987e-06
99                                     5.4399019807971349e-05
100                                   -5.6748422435859425e-05
101                                    3.4286163193897323e-05
102                                    6.9865469134899882e-05
103                                   -1.6696376261515766e-04
104                                   -8.3613435127638525e-05
105                                    7.8881027011812321e-05
106                                    5.3708862877144270e-05
107                                   -2.8788191759887560e-05
108                                   -8.8653638243840760e-06
109                                   -2.8525497032028113e-05
110                                   -7.5216576209236052e-05
111                                   -1.8344349844490182e-05
112                                   -2.2111219958542705e-05
113                                    1.1201654813497441e-05
114                                    9.2674235472989253e-05
115                                    5.3403724820100251e-06
116                                   -4.2060456761916498e-05
117                                    1.3145814370129488e-05
118                                   -2.9892707328116330e-05
119                                   -1.8923408716897683e-05
120                                    7.8837465249392835e-06
121                                   -4.7946993107395031e-05
122                                   -2.0592792860707476e-05
123                                   -4.5490186044272463e-05
124                                    8.5836554474028048e-05
125                                    4.2830259885384692e-05
126                                   -8.2907204428828152e-05
127                                   -6.0855882901833525e-06
128                                    1.6405712843114983e-05
129                                    7.1435756474058643e-05
130                                    2.1705629210444499e-05
131                                    2.5649282277662167e-05
132                                   -3.0634316045663468e-05
133                                   -1.1176625406683627e-04
134                                   -3.1110388636623743e-05
135                                   -1.3361025884783828e-05
136                                   -1.9883626733552262e-05
137                                   -7.9254699859809818e-05
138                                   -1.8339849795268037e-05
139                                    1.7127086990309515e-06
140                                    3.2657116254775076e-05
141                                   -1.4478948725971108e-05
142                                   -3.3090534943269745e-05
143                                   -4.1149610961355165e-05
144                                    1.2708443579823037e-04
145                                    8.1382122907980303e-05
146                                   -3.8791990970565848e-05
147                                    1.1945748896335928e-04
148                                    1.8745355852445300e-04
149                                   -7.8896572524023156e-05
150                                    1.5976160114838933e-05
151                                    1.6432527430332300e-05
152                                    1.8555315363766312e-05
153                                   -1.7582083359890532e-05
154                                    2.6337043589563791e-05
155                                   -7.1316108295693681e-05
156                                   -1.7572431700862978e-05
157                                    8.4096944136469176e-05
158                                   -3.9226025477123727e-05
159                                   -2.0374383639776283e-05
160                                    4.5649978706485683e-05
161                                   -1.5783535474156452e-05
162                                   -2.8120340569870450e-05
163                                   -6.0760273603577275e-06
164                                    3.3126942345584887e-05
165                                   -3.3565612038266579e-05
166                                    8.1804482450209548e-06
167                                   -5.4284940193660702e-05
168                                    2.0304173100971212e-04
169                                   -1.7670129902036535e-04
170                                    1.6466227386491283e-05
171                                    4.6449726208930286e-05
172                                   -1.4007342956645630e-06
173                                    4.8183633362341993e-05
174                                    4.0262345137209721e-05
175                                   -6.2691862155350719e-05
176                                    3.0642484803955483e-04
177                                   -3.0631698559879794e-05
178                                   -1.9165874419968532e-05
179                                    2.4903379411966853e-05
180                                    2.2464595019622280e-04
181                                   -2.2734487600661879e-04
182                                   -1.8999663515817389e-05
$End
$Geometry
   &GeometryIndex 11
   &ListStatus       OUT
   &NATOMS [&Type "Integer"] 61
   &NCORELESSECP [&Type "Integer"] 0
   &NGHOSTATOMS [&Type "Integer"] 0
   &CartesianCoordinates [&Type "Coordinates", &Dim(61,4), &Units "Bohr"] 
              O     -5.149959703946    5.046786011944    3.357275653791
              C     -4.770744925702    2.856627202862    3.008856721748
              C     -6.693624684369    0.743082546684    3.114491814874
              H     -7.409091923975    0.653408894886    5.031574337020
              C     -5.199168122269   -1.636024520382    2.387108503788
              C     -6.451164188497   -2.709171116529   -0.056561539608
              C     -5.265940177816   -1.848279757749   -2.504031424161
              C     -4.190199846626   -3.371527770949   -4.157151613831
              C     -9.184537677290   -1.728800257811    0.215745601617
              C     -8.906213304428    0.982674861403    1.207865280161
              C    -11.212472500623    2.217082584875    2.330675757592
              C    -13.524889745704    1.288502918711    2.372877341266
              H     -5.256046713587   -3.069227800372    3.846391004950
              N     -2.430959568143    1.833511526938    2.453043746906
              C     -0.100707613623    3.327777929076    2.546791278878
              C      0.272297545777    5.188427690812    0.366484179761
              C      0.190043656811    4.110540897383   -2.320470285009
              C      1.789594078135    1.770517062443   -2.789383089530
              O      4.302778227580    2.209877500286   -2.035804877461
              C      5.866806046206    0.070650011496   -1.963330457061
              C      6.824651187508   -0.481221661555    0.700608825498
              O      4.893861403594   -0.919946101253    2.465707282378
              C      8.700928269720   -2.694927494825    0.602154101939
              C      9.932714150466   -3.266224713102    3.144037565299
              O      8.255630083624   -4.369105838681    4.853113100634
              O     10.669478682535   -2.098742598682   -1.079325467712
              C      9.916611489012   -1.744757017422   -3.560432094469
              O     12.082808065125   -1.315550400338   -4.938249405534
              C      8.122385460487    0.496020905328   -3.693314644702
              O      7.384076304223    0.772383598780   -6.222952585589
              C     -2.485171727820   -0.751341582564    2.174776407145
              O     -0.675610636427   -2.067007788432    1.851195357487
              H     -6.392422888430   -4.753518626116   -0.013622051105
              H     -5.364258292163    0.142682866393   -2.930648976379
              H     -3.415321212670   -2.674856763911   -5.901647971509
              H     -4.041322109445   -5.374175076115   -3.835078082975
              H    -10.174209047466   -2.871965203825    1.604763033769
              H    -10.231330373574   -1.835294608814   -1.541319762956
              H     -8.287887612756    2.186190623965   -0.340508647833
              H    -10.865731481871    4.053541123371    3.142113510486
              H    -15.053568530482    2.332145527947    3.210568702035
              H    -14.001928795480   -0.520171814169    1.578805555804
              H      1.440394783738    2.004599771122    2.641907305161
              H     -0.135281908462    4.381280170836    4.299500138915
              H     -1.122193742031    6.681494861020    0.509454393563
              H      2.105370283269    6.052318837043    0.677078830808
              H     -1.741935001794    3.632578267920   -2.831902478824
              H      0.772623563020    5.596780789185   -3.611304531267
              H      1.738994661228    1.295514282492   -4.789804751857
              H      1.030745914543    0.173550105518   -1.768313342409
              H      4.828305015936   -1.565651483413   -2.654544796551
              H      7.825587801981    1.171035210986    1.380163875176
              H      3.495778927641   -1.820737081668    1.781953794776
              H      7.718580918610   -4.393352911520   -0.027291334535
              H     11.447034238210   -4.600809443317    2.833518262154
              H     10.764308449495   -1.542838593938    3.897909073086
              H      6.838056423099   -3.286028866151    5.040433176845
              H      8.952234938166   -3.435310783290   -4.244293391424
              H     11.599045918817   -0.717294202726   -6.559770141358
              H      9.155066141771    2.153698491245   -3.061762622332
              H      6.470221484235    2.304289280579   -6.392285731191
$End
$SCF_Energy
   &GeometryIndex 11
   &ListStatus       OUT
   &SCF_ENERGY [&Type "Double"]      -1.4665862590568140e+03
$End
$SCF_Nuc_Gradient
   &GeometryIndex 11
   &ListStatus       OUT
   &NATOMS [&Type "Integer"] 61
   &ROOT [&Type "Integer"] 0
   &GRADNORM [&Type "Double"]       8.9199278618997736e-04
   &GRAD [&Type "ArrayOfDoubles", &Dim (183,1)] 
                                                         0

0                                     -4.5725568469379141e-06
1                                     -1.3421477136432713e-04
2                                     -3.4854528479399960e-05
3                                      6.1233015733463958e-05
4                                      5.5207115332578383e-05
5                                      1.8763990260506347e-04
6                                     -5.8704887039517928e-05
7                                      7.1251087733870122e-05
8                                     -1.3198363507091471e-05
9                                      2.3495533375772482e-05
10                                     4.6889905875868720e-06
11                                    -1.0022015223043468e-05
12                                    -1.0488269632702441e-04
13                                    -2.9623445091608858e-05
14                                    -1.8189595940543146e-04
15                                     8.3914349284341938e-05
16                                    -1.2870777782936216e-04
17                                     3.9711139117160066e-05
18                                    -3.6548676654035717e-06
19                                     1.3158283427472384e-04
20                                    -1.3156832157079634e-04
21                                    -1.0968169128955374e-04
22                                     1.1877891589939793e-04
23                                     9.8651418394268831e-05
24                                    -4.8434341361147659e-05
25                                     1.7598956075115524e-05
26                                     2.5732333792216622e-05
27                                    -3.6202038300459094e-06
28                                    -4.8003457738143851e-05
29                                     2.6682196320404472e-05
30                                    -7.5408356689288247e-05
31                                     8.0130680849777036e-05
32                                     3.0274949590625155e-06
33                                     6.4996550591445157e-05
34                                    -1.4656718969385807e-05
35                                    -1.1553389359209021e-05
36                                     8.1959641895501534e-05
37                                     2.0574269169237880e-05
38                                     2.3558890362984641e-05
39                                    -1.1002537750925967e-04
40                                     8.5335192606450505e-05
41                                    -7.6196539375850136e-05
42                                     1.4428657060117089e-04
43                                    -2.2195953324199991e-06
44                                     3.1476443883571292e-05
45                                     1.4333635057206529e-05
46                                     1.7540899082391093e-04
47                                     1.1184988303658550e-04
48                                     4.9344451103827680e-05
49                                     6.8408501424421786e-05
50                                    -2.4788631989736132e-05
51                                    -7.9649554902250230e-05
52                                    -2.4544425740025133e-04
53                                    -1.5543983789800819e-04
54                                    -5.0707282219342176e-05
55                                    -7.5300127431177089e-05
56                                     1.7324647919370051e-04
57                                    -1.2224344749789395e-05
58                                     2.0565289213791971e-06
59                                    -8.7543646638987838e-05
60                                     4.6827385679515388e-05
61                                     2.3723953385790253e-05
62                                     7.7157013165241040e-06
63                                    -8.1356957626788073e-05
64                                    -1.0535260839206195e-04
65                                     3.9879203161063970e-05
66                                    -2.7151634533595370e-05
67                                    -3.5549612865559688e-05
68                                     1.1849222490201150e-05
69                                     1.6612952330685715e-05
70                                    -3.8176519357335792e-05
71                                     7.9926882480485517e-05
72                                    -7.2904398518147673e-05
73                                     7.8268558183935966e-05
74                                    -8.1552808129714549e-05
75                                    -1.8444714537935170e-05
76                                     1.9995707723374778e-05
77                                    -2.2216872728186843e-05
78                                     2.8955046931677941e-05
79                                    -3.8257149093112730e-06
80                                    -5.7005667619236533e-05
81                                    -4.4749141629552014e-05
82                                     4.7754686658407763e-06
83                                    -8.7767115325654288e-05
84                                     2.5013734466283744e-05
85                                     2.3352981927404759e-07
86                                    -4.0702325614816459e-05
87                                    -1.0682511458348642e-04
88                                     7.6311011007579310e-05
89                                     4.4930525088915374e-05
90                                     5.2602579312832631e-05
91                                    -1.2829012093407144e-04
92                                     1.5477304522626412e-04
93                                    -5.8289501069452854e-05
94                                     7.3408650219874971e-05
95                                     1.7238431492483386e-05
96                                     1.2981668824019188e-05
97                                     2.1320933829116484e-05
98                                    -4.5092247610012404e-06
99                                     2.4020727861340241e-05
100                                   -4.1202374942983511e-05
101                                    2.6448760793051918e-05
102                                    2.7864359622320478e-05
103                                   -1.4539941650526522e-04
104                                   -2.6943598734341379e-05
105                                    2.7515391363308606e-05
106                                    2.9026260516928915e-05
107                                   -3.0260057058500989e-05
108                                   -2.1718364906497811e-05
109                                   -4.0689036975294357e-06
110                                   -3.8753124746548906e-05
111                                   -1.8921576021568853e-06
112                                   -2.0912328208222419e-05
113                                    1.9231276180420309e-05
114                                    4.7221298339894524e-05
115                                   -2.6878584469258726e-05
116                                   -1.0097935580155593e-05
117                                    4.9729646117643855e-06
118                                   -2.8678297635309491e-05
119                                   -1.1202485520112049e-05
120                                    7.8150014184430461e-06
121                                   -3.3283151186669357e-05
122                                   -1.2826331079462960e-05
123                                   -3.6414230160097816e-05
124                                    4.2476578233419104e-05
125                                    2.4714912052470339e-05
126                                   -4.1021467136026502e-05
127                                    1.6947514378529149e-05
128                                    2.9916139011376686e-05
129                                    4.4067398152769499e-06
130                                   -1.8669370848378719e-05
131                                   -8.7653752949279351e-06
132                                   -4.9027436783255496e-05
133                                   -6.9249645090252443e-05
134                                   -1.6352068079927840e-05
135                                   -8.8416478236652551e-06
136                                   -7.2325249824700677e-06
137                                   -6.8894146795672739e-05
138                                    2.1525203885985889e-06
139                                   -1.2857166271362797e-05
140                                    2.1827289784948078e-05
141                                   -3.6794173365217731e-05
142                                   -2.1448811249769051e-05
143                                   -2.7042580301284147e-05
144                                    7.5594808248924394e-05
145                                    8.2455754967014627e-05
146                                   -1.3034678007173284e-05
147                                    8.0562831458852457e-05
148                                    1.2650934951707882e-04
149                                   -3.0366326275732547e-05
150                                    8.5316662152834510e-06
151                                    1.9360140760760203e-05
152                                    2.4635275967632708e-05
153                                   -2.4638702118551237e-05
154                                    1.6745027400233425e-06
155                                   -3.1174435795922051e-05
156                                    5.6627501777484213e-05
157                                    1.1254591248821555e-04
158                                   -2.7596194694279319e-05
159                                    3.1111434455333153e-06
160                                    3.0187428031069885e-05
161                                    2.4798037188134003e-06
162                                   -2.2330574265261305e-05
163                                    1.9380215246833643e-05
164                                    2.7274352726647244e-05
165                                   -2.0508103209859740e-05
166                                   -6.0817047931038815e-06
167                                   -3.1000869321395896e-05
168                                    1.2205848233826089e-04
169                                   -7.6259621454521920e-05
170                                    3.7287740944247361e-05
171                                    3.4425087954481626e-05
172                                    1.1266337944348948e-05
173                                    2.5378549860288757e-05
174                                    1.0052461224652198e-05
175                                   -2.1187442561299008e-05
176                                    1.1559298837671150e-04
177                                   -2.6477519542211780e-05
178                                   -1.5097460043023148e-05
179                                    7.2971513453978787e-07
180                                    1.1746186511452095e-04
181                                   -8.3018325051753550e-05
182                                   -2.8280531380708851e-05
$End
$Geometry
   &GeometryIndex 12
   &ListStatus       OUT
   &NATOMS [&Type "Integer"] 61
   &NCORELESSECP [&Type "Integer"] 0
   &NGHOSTATOMS [&Type "Integer"] 0
   &CartesianCoordinates [&Type "Coordinates", &Dim(61,4), &Units "Bohr"] 
              O     -5.148969364421    5.049505235537    3.341599801964
              C     -4.772634713828    2.857732084263    2.999713696647
              C     -6.697453355917    0.746276014044    3.114097347767
              H     -7.406686428917    0.659744785054    5.033673588625
              C     -5.207249689001   -1.634959983465    2.385309939578
              C     -6.460845116626   -2.702005568743   -0.060082889074
              C     -5.277649740019   -1.831146510641   -2.504739214149
              C     -4.196639793637   -3.344693577929   -4.163527477863
              C     -9.194225389986   -1.724052324734    0.217949060453
              C     -8.916974661921    0.985834786635    1.215119677130
              C    -11.221717318241    2.212857147602    2.348753740312
              C    -13.532175735484    1.279477321288    2.396615202395
              H     -5.267752555948   -3.070000498171    3.842549334918
              N     -2.433866473949    1.830084843101    2.447522151621
              C     -0.103005382452    3.322971590655    2.539512414989
              C      0.275119134798    5.177650880749    0.355245211851
              C      0.192302211577    4.094761918037   -2.328930985984
              C      1.792316979344    1.754496835399   -2.790639273857
              O      4.308490744550    2.203256953740   -2.052374238658
              C      5.876002174155    0.067019260384   -1.971395782705
              C      6.826164222581   -0.481610839399    0.695840248415
              O      4.891224049786   -0.922721015143    2.455553204608
              C      8.707316118294   -2.691677936861    0.604020489525
              C      9.931234767274   -3.260004229456    3.150257498179
              O      8.249886983813   -4.366289448499    4.853376438340
              O     10.680392314259   -2.092179228314   -1.070866459806
              C      9.935552489924   -1.739188201428   -3.554425304175
              O     12.105981486900   -1.304358810850   -4.924010577396
              C      8.136566865691    0.497299873845   -3.693549244272
              O      7.405469991719    0.771527025699   -6.225453061585
              C     -2.491647409095   -0.754858702831    2.172171547341
              O     -0.684048997392   -2.074212803036    1.852339275836
              H     -6.400227186300   -4.746524121044   -0.023943719677
              H     -5.382315000277    0.160950541007   -2.924987061018
              H     -3.424092629121   -2.637064737405   -5.904612519921
              H     -4.042409038387   -5.348343444606   -3.849747696368
              H    -10.180337661588   -2.870505875795    1.606854937226
              H    -10.243832322883   -1.827969733660   -1.537622593678
              H     -8.307295179127    2.194487567722   -0.332490915935
              H    -10.876265326223    4.048548103247    3.162729100792
              H    -15.060240504769    2.318427123058    3.241407941919
              H    -14.007552406027   -0.528706888786    1.600145654366
              H      1.437380931181    1.998967605515    2.640555219614
              H     -0.139826972400    4.381337039820    4.289199868806
              H     -1.115681063769    6.674702932927    0.494660294039
              H      2.109814112388    6.038379174699    0.665794256037
              H     -1.739514900547    3.615018333658   -2.839148088479
              H      0.774814871418    5.578130277805   -3.623114266762
              H      1.732550640314    1.265526414644   -4.787467306468
              H      1.040503089310    0.163065113841   -1.755047683472
              H      4.843586928745   -1.571927006144   -2.665778199916
              H      7.822016395501    1.172611950027    1.378138716039
              H      3.499854725384   -1.833760581260    1.771486337259
              H      7.730804151692   -4.392596845966   -0.028044648863
              H     11.449571003522   -4.591415786391    2.845245998674
              H     10.756602726607   -1.535073229010    3.907564535589
              H      6.830775028549   -3.284127478623    5.036978928211
              H      8.977267313421   -3.431548249998   -4.242757324282
              H     11.627019173652   -0.714022698857   -6.550176227794
              H      9.163121765984    2.157748304348   -3.059047606967
              H      6.476548983022    2.294859792606   -6.394163873796
$End
$SCF_Energy
   &GeometryIndex 12
   &ListStatus       OUT
   &SCF_ENERGY [&Type "Double"]      -1.4665862651531452e+03
$End
$SCF_Nuc_Gradient
   &GeometryIndex 12
   &ListStatus       OUT
   &NATOMS [&Type "Integer"] 61
   &ROOT [&Type "Integer"] 0
   &GRADNORM [&Type "Double"]       6.0868324195714415e-04
   &GRAD [&Type "ArrayOfDoubles", &Dim (183,1)] 
                                                         0

0                                      2.2194231114269769e-05
1                                     -2.1910070913122581e-05
2                                      1.0621840436542129e-05
3                                      1.6615104866168906e-05
4                                      6.4238325617083092e-05
5                                      1.4826858603989024e-05
6                                      3.7876613746767873e-05
7                                      2.1056123646445712e-05
8                                      6.7898634623878018e-05
9                                     -4.4541402665299046e-05
10                                    -8.5649924423947255e-06
11                                    -3.0046133982608580e-05
12                                    -9.0082546345016112e-05
13                                    -6.0305141390770700e-05
14                                    -2.1770402148235668e-05
15                                     1.0609158517027595e-05
16                                    -6.0897386951364041e-05
17                                     2.4336653098422367e-05
18                                     3.0803644071042413e-05
19                                     2.4127052786204750e-05
20                                     3.2423516107549233e-05
21                                     2.1358880239796818e-05
22                                     6.6090661837492348e-05
23                                    -4.2250643092600626e-05
24                                    -1.4070625592665920e-05
25                                     3.7545489440127255e-05
26                                    -2.7903925064354240e-05
27                                    -6.3160775450654683e-05
28                                    -9.0998655593033106e-06
29                                     3.5666885197738196e-05
30                                     4.1520083983170863e-05
31                                     4.3285267105730441e-05
32                                    -9.9398227761948732e-06
33                                     1.1636031498341026e-05
34                                    -1.5267986019917856e-05
35                                    -2.9037400088860466e-06
36                                     2.4677429787955951e-05
37                                     4.6276354650487406e-06
38                                     6.8569023161657583e-06
39                                     3.9004592768066004e-05
40                                    -7.7349292732620256e-05
41                                     7.4418490774164070e-05
42                                    -2.2999550687519132e-05
43                                     1.4501049281179235e-04
44                                    -4.5178817767554946e-05
45                                     4.4713030639298434e-05
46                                    -1.4078771011227786e-04
47                                    -3.7391624727822759e-05
48                                     1.2493622007347938e-04
49                                     7.6159943783515871e-05
50                                     1.4165442667302131e-05
51                                    -7.7613648578944705e-05
52                                    -7.4851234028727731e-06
53                                    -2.1235129915009310e-04
54                                     1.7698463048443358e-05
55                                    -2.8637441385370721e-05
56                                     1.9077022259583742e-04
57                                    -4.7022409993768832e-05
58                                    -1.9556757526295598e-05
59                                    -9.2571781896033656e-05
60                                    -6.9758018607091188e-05
61                                     1.0679871040331079e-04
62                                     4.7092376816326720e-05
63                                     6.9521448517129159e-05
64                                    -9.0209187790346590e-05
65                                    -2.9962413101713992e-05
66                                    -4.4243536834187580e-06
67                                    -1.8287536922234615e-05
68                                    -1.6582798458231185e-05
69                                    -7.5982776417404807e-06
70                                     1.5463007291494080e-05
71                                    -1.8932258903703314e-05
72                                    -9.9142586140743560e-06
73                                    -7.4360027538133977e-05
74                                    -1.9705892841059836e-05
75                                    -1.0329879955861543e-05
76                                     8.8175767247733461e-06
77                                    -4.6411580405525399e-05
78                                     4.8923692739677449e-05
79                                    -2.5455668042795310e-05
80                                     5.6777264309637587e-05
81                                     4.0020743234947531e-06
82                                     2.9205251781405650e-06
83                                     5.2420158573873721e-05
84                                     3.5493898156435666e-05
85                                    -2.6579336939794307e-05
86                                     3.4315693282493953e-05
87                                    -5.7593784541509763e-06
88                                    -4.6223516036558721e-05
89                                     9.9885797766319229e-07
90                                     3.0741933061406712e-05
91                                     5.6174052151192200e-05
92                                    -1.5907630374378812e-04
93                                    -5.3083701736511557e-06
94                                    -2.6447629490888858e-05
95                                     9.1196573142493520e-05
96                                     2.2719240452329093e-05
97                                     6.6967983158860989e-08
98                                    -1.8009030037777207e-05
99                                    -1.2180885970436428e-05
100                                   -6.2088175107888333e-06
101                                    1.7721906153234102e-05
102                                    3.0107582369431896e-06
103                                   -4.4468974893074886e-05
104                                    6.8943293074497092e-06
105                                   -2.5181016345243723e-05
106                                   -1.5385675681045541e-05
107                                   -4.7757409099569159e-07
108                                   -9.3129854379370158e-06
109                                    1.0162427101612082e-05
110                                    1.7323766988042166e-05
111                                    5.2015438978258999e-06
112                                   -5.6172622833194907e-06
113                                    8.6233072860153470e-07
114                                   -6.8283365473043034e-06
115                                   -2.8338706790975721e-05
116                                   -3.5302165555251008e-06
117                                   -4.5348958750170143e-06
118                                    1.5697725190833012e-06
119                                    2.2520357969568749e-06
120                                   -5.0401309330538879e-06
121                                    6.3911568215502257e-06
122                                    1.0726548804740332e-06
123                                   -7.3002551381762260e-07
124                                   -1.5536085549605616e-05
125                                   -5.5452806364542084e-06
126                                    2.8109792700625746e-05
127                                   -5.6074359449098665e-06
128                                    1.6196561775538854e-05
129                                   -4.9141358203996788e-05
130                                   -2.4744813055477266e-05
131                                   -1.6753881686426553e-05
132                                   -3.7233499446287510e-05
133                                    1.5465523208746390e-06
134                                    4.8733882217488755e-06
135                                    5.8363334343169981e-07
136                                    1.2225084137895692e-05
137                                   -2.1362434462490754e-05
138                                    5.4776354749819234e-06
139                                   -2.4361649032245136e-05
140                                   -5.2676958262054541e-07
141                                   -4.5126138386697434e-05
142                                    1.6149156475186999e-05
143                                    3.2727067651450170e-06
144                                    8.1449634331542953e-06
145                                    3.5987874160481326e-05
146                                    1.4918880973269211e-05
147                                    1.0080088510555640e-06
148                                   -9.7935284548711365e-06
149                                    7.4388040574469017e-05
150                                   -3.5361079131490669e-06
151                                   -9.7638736153982109e-06
152                                    3.3953862103253130e-05
153                                    6.1737108705273158e-06
154                                    1.3238283020911012e-06
155                                    1.6049977649146285e-06
156                                   -2.4450268458764413e-05
157                                    5.0077917013169326e-05
158                                   -1.3242783081679477e-05
159                                    1.3089398727572643e-05
160                                   -6.2038060786306914e-06
161                                    1.5028849023268620e-05
162                                    1.5412695476335614e-05
163                                    1.6947415473644867e-05
164                                    1.0611601228005529e-05
165                                   -1.4535555226125041e-06
166                                   -3.1086102580957231e-09
167                                    6.7709228450674175e-06
168                                   -8.2330913979689058e-06
169                                    4.6266617209411720e-05
170                                    2.5954713583686839e-05
171                                   -9.4090378088829141e-06
172                                    2.3817020924354892e-06
173                                   -1.2563085837857813e-05
174                                   -1.4914301709190170e-05
175                                    8.6090766249213857e-06
176                                   -6.4862668837761817e-05
177                                   -8.3497359071316168e-06
178                                    8.5999027650274229e-06
179                                   -1.1503862780148921e-05
180                                   -3.0190535964536025e-06
181                                    6.2838122655506368e-05
182                                   -2.7130879430403709e-05
$End
$Geometry
   &GeometryIndex 13
   &ListStatus       OUT
   &NATOMS [&Type "Integer"] 61
   &NCORELESSECP [&Type "Integer"] 0
   &NGHOSTATOMS [&Type "Integer"] 0
   &CartesianCoordinates [&Type "Coordinates", &Dim(61,4), &Units "Bohr"] 
              O     -5.149919807650    5.050883542846    3.333032292026
              C     -4.774548165443    2.858360229720    2.995010820771
              C     -6.700189276463    0.747858878994    3.113258048150
              H     -7.405959854799    0.662731283726    5.034216624062
              C     -5.211831606707   -1.634176681368    2.383699866162
              C     -6.465568650898   -2.697640031939   -0.063233829190
              C     -5.283693652506   -1.821602325413   -2.506612293217
              C     -4.198034462422   -3.330037760701   -4.167049587158
              C     -9.199150142474   -1.721563174994    0.217614902236
              C     -8.923141404517    0.987373958295    1.218142687631
              C    -11.227566100314    2.209707935447    2.357660908965
              C    -13.536960589358    1.273789617091    2.407867385740
              H     -5.274955567559   -3.070540424764    3.839480322204
              N     -2.435948442119    1.828523781856    2.445976345108
              C     -0.104334157580    3.320098869446    2.538622769178
              C      0.277508558396    5.172440659150    0.352947518474
              C      0.193563646970    4.087131188131   -2.330166807752
              C      1.793643630661    1.746573830816   -2.789501181828
              O      4.312327311428    2.200329402794   -2.063050236355
              C      5.881139871115    0.065273852092   -1.976745569466
              C      6.827654860524   -0.480828304231    0.692291261487
              O      4.890471870998   -0.921027618451    2.449822991435
              C      8.710440933691   -2.689728763543    0.604873203666
              C      9.931238456415   -3.255201859057    3.153253269985
              O      8.247938464103   -4.360076279749    4.855399891014
              O     10.685458601975   -2.090272656571   -1.067636771610
              C      9.944331278431   -1.738638611464   -3.552508937207
              O     12.116867309418   -1.302732726531   -4.918421300647
              C      8.143949763209    0.496437366289   -3.695575679628
              O      7.416079789663    0.768569048100   -6.228496939066
              C     -2.495379209652   -0.756479054805    2.171987487862
              O     -0.688726196344   -2.077351741694    1.853224484211
              H     -6.403893427100   -4.742214886727   -0.030657338667
              H     -5.393329137993    0.170715118121   -2.924754319345
              H     -3.427147416552   -2.616980931957   -5.906660440888
              H     -4.038226711194   -5.333662838728   -3.856077678890
              H    -10.183421648415   -2.870389652945    1.605830839283
              H    -10.249906402352   -1.823849023691   -1.537366224346
              H     -8.317974663962    2.199422218240   -0.328530774510
              H    -10.882951543662    4.044588536616    3.173856268215
              H    -15.064698107456    2.309780804539    3.256842376998
              H    -14.011533065741   -0.533651766239    1.609284891052
              H      1.435043140266    1.995132363546    2.642426672455
              H     -0.142060849708    4.380334708585    4.287198009192
              H     -1.110491937289    6.672203571541    0.490925683885
              H      2.113590631407    6.030228517016    0.663630091496
              H     -1.738434560182    3.607101511143   -2.839259919732
              H      0.776114573944    5.568982129737   -3.626080669872
              H      1.726810369656    1.249985849415   -4.784299424561
              H      1.046886942777    0.158245212665   -1.745667093446
              H      4.851260521008   -1.574953109290   -2.671962186504
              H      7.821527903209    1.174462726973    1.374773165870
              H      3.503080347295   -1.838793316005    1.766772882015
              H      7.735997725092   -4.391898692186   -0.027125416969
              H     11.450218795057   -4.586614101782    2.851444733766
              H     10.755373487183   -1.529444487497    3.909999428297
              H      6.828635814011   -3.277750709631    5.036262488395
              H      8.988318361218   -3.431825795014   -4.241982924086
              H     11.640446517047   -0.716617201216   -6.546810691326
              H      9.168214017109    2.158086700404   -3.060471549062
              H      6.478963322233    2.286901588758   -6.397087409816
$End
$SCF_Energy
   &GeometryIndex 13
   &ListStatus       OUT
   &SCF_ENERGY [&Type "Double"]      -1.4665862673271031e+03
$End
$SCF_Nuc_Gradient
   &GeometryIndex 13
   &ListStatus       OUT
   &NATOMS [&Type "Integer"] 61
   &ROOT [&Type "Integer"] 0
   &GRADNORM [&Type "Double"]       5.6039781734865352e-04
   &GRAD [&Type "ArrayOfDoubles", &Dim (183,1)] 
                                                         0

0                                      3.0047780702702198e-05
1                                     -2.8367950044128065e-05
2                                      2.3922542725429707e-05
3                                     -2.1749871104148610e-05
4                                      9.0502243807577543e-05
5                                     -6.0286084368588178e-05
6                                      7.3861185423851339e-05
7                                     -1.1963524180202967e-06
8                                      8.0593388292166113e-05
9                                     -5.8267655377530758e-05
10                                    -9.0873906665178694e-06
11                                    -2.8411767443614622e-05
12                                    -4.9681975538007350e-05
13                                    -4.8740015640369450e-05
14                                     2.4144759759203716e-05
15                                    -3.0225478363732350e-05
16                                    -1.3780436648680450e-05
17                                     7.5612724362850159e-06
18                                     3.1815942636015393e-05
19                                    -4.0211527032485428e-05
20                                     4.4075518164543581e-05
21                                     3.6313710806812338e-05
22                                     1.9207117974318066e-05
23                                    -7.3990745763197197e-05
24                                    -3.0251764511213253e-06
25                                     8.4565955602577958e-06
26                                    -4.2382280959873952e-05
27                                    -4.8662441958668978e-05
28                                     1.2034801073035339e-05
29                                     1.6959893144541383e-05
30                                     4.4873546859336422e-05
31                                     2.4915086381582796e-05
32                                    -2.9065287946439256e-06
33                                    -2.2581349000461159e-05
34                                    -9.5753325497494046e-06
35                                     1.6133084033143064e-06
36                                     6.3983739485573565e-06
37                                     4.6225435212932098e-06
38                                    -2.9180961025332408e-07
39                                     6.6372157673022514e-05
40                                    -1.5184401459933383e-04
41                                     7.1223505178075186e-05
42                                    -4.1975933509075247e-05
43                                     1.4019373047347017e-04
44                                    -4.3338173459250839e-05
45                                     2.9287135886735260e-05
46                                    -1.5948108611674172e-04
47                                    -5.7549188417826969e-05
48                                     8.7897884962884199e-05
49                                     5.4571029862060527e-05
50                                    -6.6956217392721840e-07
51                                    -3.6795152121626984e-05
52                                     2.8822035473829999e-05
53                                    -1.3985870101418385e-04
54                                     5.0773460946729188e-06
55                                    -1.7048846535416828e-05
56                                     1.2844514081677971e-04
57                                    -2.1595027666521105e-05
58                                    -1.1544143637465254e-05
59                                    -8.6396549707767889e-05
60                                    -7.9503023276306095e-05
61                                     1.0131106900068687e-04
62                                     4.8780816106486213e-05
63                                     7.5483919572683078e-05
64                                    -8.8849674682478508e-05
65                                    -5.5238305758820161e-05
66                                     1.8201597598022090e-05
67                                    -9.7382835629877817e-06
68                                    -2.7298445797907522e-05
69                                    -1.9964304520669884e-05
70                                     2.3727708304832618e-05
71                                    -2.7828423248443812e-05
72                                    -1.6605537515701485e-05
73                                    -6.8364178799740216e-05
74                                     8.9803762470808124e-07
75                                    -1.3643754005698838e-05
76                                    -3.6533862868282085e-07
77                                    -4.8160663660645753e-05
78                                     4.7514965740624859e-05
79                                    -3.0826297210406750e-05
80                                     6.5932948245972511e-05
81                                    -4.2878808343971286e-06
82                                     2.9039566416422247e-05
83                                     3.9528383870113259e-05
84                                     2.9589696521115094e-05
85                                    -1.8500824600541782e-05
86                                     4.1291856774705593e-05
87                                    -7.0269226748465030e-06
88                                    -2.7861899793091283e-05
89                                    -1.5752933311574679e-05
90                                     5.0217185062706449e-05
91                                     8.6749720316969814e-05
92                                    -1.0810284933615577e-04
93                                    -1.5437113948024717e-05
94                                    -2.7693893578373263e-05
95                                     5.0980808468992223e-05
96                                     1.3360266375217478e-05
97                                    -3.3101154048864601e-06
98                                    -1.5376060321245499e-05
99                                    -8.2175734041900483e-06
100                                    8.6073413667620002e-06
101                                    1.0992758289418703e-05
102                                   -1.0562687354553901e-05
103                                    9.5981229955022229e-06
104                                    1.9840327502684829e-05
105                                   -2.3951077194273029e-05
106                                   -9.2309908801269103e-06
107                                    1.4487540518165476e-05
108                                    6.6345310765214549e-06
109                                    1.2213547633699307e-05
110                                    2.5793848499766625e-05
111                                    9.4838450150902531e-06
112                                    2.8408515903022291e-06
113                                   -7.8228042088568372e-07
114                                   -2.2972905242668595e-05
115                                   -1.1776972983490452e-05
116                                    3.4183106834007049e-07
117                                   -8.9070124294696185e-06
118                                    1.7560794756121823e-06
119                                    2.3680126797209766e-06
120                                    1.0672736880934508e-06
121                                    9.0551064353405764e-06
122                                    2.3465874972039558e-06
123                                    1.5370447742579785e-05
124                                   -1.1680973851291299e-05
125                                   -7.1587972874098682e-06
126                                    2.0961765091698226e-05
127                                    5.2028264780901168e-06
128                                    1.0544457810679475e-05
129                                   -4.5540588003989413e-05
130                                   -8.5768936655128414e-06
131                                   -1.3415927042181863e-05
132                                   -8.8538384730441066e-06
133                                    2.0313659709003673e-05
134                                    2.1166578371367706e-05
135                                   -3.6241186105456791e-06
136                                    1.1631611751994342e-05
137                                    8.0990267103953073e-06
138                                    3.3107258721187804e-06
139                                   -1.0855220236916097e-05
140                                   -1.2950376631959415e-05
141                                   -3.7782787082107916e-05
142                                    2.3281094029492522e-05
143                                    1.3689006924444413e-05
144                                    1.6512079675790048e-06
145                                   -7.1057056867385171e-06
146                                    2.1520028981925066e-05
147                                   -1.5605473882907006e-05
148                                   -1.8214762723900435e-05
149                                    5.5277895345984263e-05
150                                   -6.8860547188798193e-06
151                                   -9.0316423024816572e-06
152                                    3.4846431407054013e-05
153                                    9.9641605313394166e-06
154                                   -6.0256775746836411e-06
155                                    1.4945758173290358e-06
156                                   -3.1736647570390630e-05
157                                    4.9985062624990917e-05
158                                    1.1784262176295357e-05
159                                    1.2500726973563303e-05
160                                   -1.1928688835816104e-05
161                                    1.9966701705342871e-05
162                                    1.7406288488786004e-05
163                                    1.8562364054730551e-05
164                                    6.2230431390752905e-06
165                                    3.5316099005200385e-06
166                                   -7.3716816313407207e-06
167                                    2.0253557615923512e-05
168                                    5.5556550737634325e-07
169                                    4.2501135212980046e-05
170                                    6.7385138520226207e-06
171                                   -1.5553414106861396e-05
172                                    8.1744202828915036e-06
173                                   -2.1658177026040448e-05
174                                   -5.3486801505631121e-06
175                                   -1.4040705085260896e-05
176                                   -4.7104486976756732e-05
177                                   -7.3750549320905634e-06
178                                    5.2175001012955136e-06
179                                   -8.9062324675204252e-06
180                                   -4.8043663349872645e-06
181                                    3.9133539684321761e-05
182                                   -7.9118203837325041e-06
$End
$Geometry
   &GeometryIndex 14
   &ListStatus       OUT
   &NATOMS [&Type "Integer"] 61
   &NCORELESSECP [&Type "Integer"] 0
   &NGHOSTATOMS [&Type "Integer"] 0
   &CartesianCoordinates [&Type "Coordinates", &Dim(61,4), &Units "Bohr"] 
              O     -5.150505773337    5.051682945315    3.326355462368
              C     -4.775957821394    2.858438809571    2.991758142396
              C     -6.702577373145    0.749008006427    3.112536128652
              H     -7.405126146162    0.664893506470    5.034780799524
              C     -5.216048437589   -1.633736533532    2.382112802818
              C     -6.470428355942   -2.694436681569   -0.065684374439
              C     -5.290154930800   -1.815497357466   -2.508726718121
              C     -4.200003532768   -3.320973865360   -4.168923913235
              C     -9.203916868774   -1.719284321394    0.217663782568
              C     -8.928102462131    0.988886536239    1.220544829243
              C    -11.231974151002    2.208176349114    2.364606673651
              C    -13.540855772360    1.271096932491    2.416622060055
              H     -5.281340874833   -3.071166983149    3.836742072169
              N     -2.437695797051    1.826662384619    2.444958083937
              C     -0.104598091000    3.315741664493    2.538784633728
              C      0.280402523346    5.167516520868    0.353032312634
              C      0.194538487461    4.080861465398   -2.329506301825
              C      1.795080955690    1.740633219383   -2.788575792117
              O      4.316259998372    2.198829501678   -2.073827019429
              C      5.885968227279    0.064608807927   -1.982598021782
              C      6.828319016357   -0.479684304670    0.688275360563
              O      4.888177536883   -0.919206143229    2.442971245872
              C      8.712540168052   -2.687444951552    0.605426123830
              C      9.930383586756   -3.249994900261    3.155862525418
              O      8.245063964376   -4.351943504917    4.857910591700
              O     10.689648147379   -2.088110912343   -1.064600573832
              C      9.952296510591   -1.737746441874   -3.550904968740
              O     12.127119655507   -1.301544149462   -4.913162161502
              C      8.151155501684    0.496395918053   -3.697944796578
              O      7.426864969274    0.766755510673   -6.231921002478
              C     -2.498972381088   -0.758377636527    2.171359972834
              O     -0.693190172002   -2.080448065180    1.852379310091
              H     -6.408481682222   -4.739057056047   -0.035263712826
              H     -5.404888155417    0.176502104408   -2.927112972937
              H     -3.431031728493   -2.605091173270   -5.908277743154
              H     -4.034400629537   -5.324131403594   -3.858124670379
              H    -10.186958826444   -2.869746812668    1.605356396411
              H    -10.255783754437   -1.820126941300   -1.536760743812
              H     -8.325963563793    2.203349157639   -0.325418910183
              H    -10.887366660284    4.042285190825    3.182607478413
              H    -15.067951825553    2.305285157461    3.268932988008
              H    -14.015578675687   -0.535543835543    1.616334402122
              H      1.433092567080    1.988867851901    2.643031404451
              H     -0.141440849025    4.376109897541    4.287373464260
              H     -1.104976441899    6.669654448383    0.490601059928
              H      2.117981328082    6.022172205993    0.663676445412
              H     -1.737774929717    3.600513223738   -2.836920765273
              H      0.776571295187    5.561763544596   -3.626767477603
              H      1.721122083669    1.238585972341   -4.781872420358
              H      1.053721652264    0.154235780510   -1.738240180009
              H      4.858337163629   -1.576498793040   -2.679196855425
              H      7.819928832186    1.176667073637    1.371439089553
              H      3.505905824671   -1.845093149596    1.760383857676
              H      7.739965914247   -4.390693998445   -0.026688033509
              H     11.449161358370   -4.582396135897    2.857312552969
              H     10.754394048852   -1.523478568989    3.911003245798
              H      6.825340313414   -3.269563728880    5.035103442498
              H      8.998173948876   -3.431639988667   -4.241237858984
              H     11.653469308447   -0.717419842919   -6.543052649802
              H      9.173528078679    2.158914127416   -3.061947490295
              H      6.482653754323    2.280694840144   -6.400743196782
$End
$SCF_Energy
   &GeometryIndex 14
   &ListStatus       OUT
   &SCF_ENERGY [&Type "Double"]      -1.4665862688865109e+03
$End
$SCF_Nuc_Gradient
   &GeometryIndex 14
   &ListStatus       OUT
   &NATOMS [&Type "Integer"] 61
   &ROOT [&Type "Integer"] 0
   &GRADNORM [&Type "Double"]       3.8098769734794708e-04
   &GRAD [&Type "ArrayOfDoubles", &Dim (183,1)] 
                                                         0

0                                      1.4424020976733232e-05
1                                      2.3434204159400451e-05
2                                      2.6316979155893705e-06
3                                     -4.1130481713391731e-05
4                                      1.1100185743018187e-05
5                                     -2.2872727190037523e-05
6                                      6.1382095765338818e-05
7                                     -1.7631758106873008e-05
8                                      2.4532001450888741e-05
9                                     -3.3324070622509083e-05
10                                    -7.6447547181501818e-08
11                                    -1.0143704161080791e-05
12                                     2.8082095511194893e-06
13                                    -5.2403491856978235e-06
14                                     4.4219162537273426e-05
15                                    -3.6225461009564697e-05
16                                     3.8990557837514928e-05
17                                    -1.4273660318253611e-05
18                                     1.1601773508118640e-05
19                                    -5.7670035892298799e-05
20                                     4.2909065870899710e-05
21                                     2.8817888322096863e-05
22                                    -3.3145604138695717e-05
23                                    -5.4913770942022211e-05
24                                     9.2780592835239872e-06
25                                    -1.5631903072632625e-05
26                                    -2.5309126077344146e-05
27                                    -1.0512274837282121e-05
28                                     1.3498512094312076e-05
29                                    -1.2009403842938582e-05
30                                     2.7720219275773061e-05
31                                    -1.4905333014958444e-05
32                                     6.0950343927501649e-07
33                                    -3.7046389937955837e-05
34                                     2.9439351711957329e-06
35                                     7.0742576157023507e-06
36                                    -1.2539069415895554e-05
37                                    -1.1039543048596556e-06
38                                    -4.7327547783027057e-06
39                                     6.9784879670464761e-05
40                                    -1.3330846686443465e-04
41                                     1.1204759224447969e-05
42                                    -4.6695839775789949e-05
43                                     6.8805144779915395e-05
44                                    -1.8610235121840901e-05
45                                     1.7694343500962439e-06
46                                    -9.0378265775292732e-05
47                                    -5.5330047320945042e-05
48                                     1.3117079212254801e-05
49                                    -3.7365859277826985e-06
50                                    -9.1117109592975254e-06
51                                     2.1330415373554956e-05
52                                     5.5658003538461287e-05
53                                    -2.5949183352302896e-05
54                                    -1.8384074678134965e-05
55                                     8.8560306448215442e-06
56                                     5.3672005779326071e-05
57                                     2.7882461453909713e-05
58                                    -8.0229530068365307e-06
59                                    -5.8312280669436944e-05
60                                    -5.0732514218276847e-05
61                                     6.0587237377340841e-05
62                                     1.7571646143021979e-05
63                                     6.0317900062223373e-05
64                                    -5.7458224807405145e-05
65                                    -1.3676984689681149e-05
66                                     1.8855233841819086e-05
67                                     3.5301421347222472e-06
68                                    -1.2328655861537641e-05
69                                    -2.0732565404468772e-05
70                                     2.5992592523671476e-05
71                                    -3.0577224161554284e-05
72                                    -3.1145613732519450e-06
73                                    -5.3476175198241549e-05
74                                     1.6613898973005803e-05
75                                     9.1087274185497336e-06
76                                    -1.1130459420805039e-05
77                                    -2.1316998504161688e-05
78                                    -2.9836035775332448e-06
79                                    -1.6197369805182049e-05
80                                     4.1193294010977155e-05
81                                     1.8541065387012168e-05
82                                     4.0922775178309223e-05
83                                     2.9938956984665310e-05
84                                     3.2052538223026339e-06
85                                    -1.2449973482250853e-05
86                                     2.8300267974401550e-05
87                                    -1.9173424421481400e-06
88                                    -2.5997556628798435e-05
89                                    -2.4655523120031830e-05
90                                    -1.8811468430968148e-05
91                                     9.2360719512463163e-05
92                                    -1.5375270320916457e-05
93                                     4.2933176509052373e-05
94                                    -3.0766815370952827e-05
95                                    -8.0425121953275891e-06
96                                    -2.6867173112399279e-06
97                                    -6.6817685215880829e-06
98                                    -2.5862485321173634e-06
99                                    -1.5103642903024905e-07
100                                    1.5577659962850987e-05
101                                    1.2498141614969427e-06
102                                   -2.1252664028637014e-05
103                                    4.8698468949837093e-05
104                                    1.1662540310375391e-05
105                                   -1.0842724720461216e-05
106                                   -4.0578011084591026e-06
107                                    2.0203794006412590e-05
108                                    1.5650666906452670e-05
109                                    5.7483056989937609e-06
110                                    2.0971395244373525e-05
111                                    7.8199664459432938e-06
112                                    8.2193938221175600e-06
113                                   -5.0491784833184283e-06
114                                   -2.0213352359799153e-05
115                                    9.9862250673155017e-06
116                                    6.2876664053135300e-07
117                                   -5.7430529525094587e-06
118                                    6.3760729531736615e-06
119                                    3.1292432378648982e-06
120                                    2.3403827187351567e-06
121                                    9.1579695546961659e-06
122                                    3.8250642218073949e-06
123                                    1.9765347846867343e-05
124                                   -8.8087302794193079e-06
125                                   -8.1069208315298624e-06
126                                    1.7678343893656745e-05
127                                   -3.8968496438585021e-06
128                                    3.6383526835770397e-07
129                                   -1.8371176840670245e-05
130                                    1.0158971641693881e-05
131                                   -5.4779154918804807e-06
132                                    1.7694295927128678e-05
133                                    2.2113764068798503e-05
134                                    2.2536644550097407e-05
135                                   -8.9791192969812528e-07
136                                    6.7121702063133171e-06
137                                    2.9457429990387141e-05
138                                   -1.8336383487138619e-06
139                                    6.6481146206998076e-06
140                                   -1.6434648959062770e-05
141                                   -1.0399919968095972e-05
142                                    1.7878231449941495e-05
143                                    1.6416280650410897e-05
144                                   -1.5340056751522724e-06
145                                   -3.9704755487424137e-05
146                                    1.2903212754267201e-05
147                                   -2.0252025334066559e-05
148                                   -1.6122390705142209e-05
149                                    1.3028171746309880e-05
150                                   -1.1857113974222955e-05
151                                   -9.4769456033816368e-06
152                                    2.6625498553922711e-05
153                                    1.5190594437441973e-05
154                                    2.2289982304357636e-06
155                                   -6.4629389036063856e-06
156                                   -6.2634681519568858e-05
157                                    1.9190352199771610e-05
158                                   -1.3961662190808966e-06
159                                    3.7567227035850692e-06
160                                   -1.0901867770307661e-05
161                                    1.6241096049585124e-05
162                                    1.6729349490596235e-05
163                                    9.1713832803819173e-06
164                                   -1.8711856201170107e-06
165                                    6.1324488833669477e-06
166                                   -6.4193396687173276e-06
167                                    2.1998433262115924e-05
168                                   -1.4397700479840125e-05
169                                    3.5810473949293709e-05
170                                   -5.9942801502455012e-06
171                                   -1.6900870793090661e-05
172                                    7.1134893122604126e-06
173                                   -2.0054688844250990e-05
174                                   -5.5744833948878636e-07
175                                   -2.5056793410360712e-05
176                                   -3.6398515658397912e-05
177                                   -2.0837930714279196e-06
178                                    5.4949425400963037e-06
179                                    1.4633220770665645e-06
180                                   -8.8765103729571138e-06
181                                    2.6490462895267797e-05
182                                    4.1994065458350605e-06
$End
$Geometry
   &GeometryIndex 15
   &ListStatus       OUT
   &NATOMS [&Type "Integer"] 61
   &NCORELESSECP [&Type "Integer"] 0
   &NGHOSTATOMS [&Type "Integer"] 0
   &CartesianCoordinates [&Type "Coordinates", &Dim(61,4), &Units "Bohr"] 
              O     -5.151526889636    5.051886053601    3.325210907267
              C     -4.777141625352    2.858466728779    2.991685964943
              C     -6.704404047597    0.749557071456    3.111998967356
              H     -7.406832047590    0.665926619967    5.034330279654
              C     -5.218239999199   -1.633623682327    2.382316192995
              C     -6.471775052963   -2.694003104851   -0.066066599219
              C     -5.290805630957   -1.815569088397   -2.509000742765
              C     -4.197245647568   -3.321352624022   -4.166668730971
              C     -9.205256930719   -1.718503189932    0.216426104036
              C     -8.929430479648    0.989602969831    1.219558714483
              C    -11.233560905455    2.208992951243    2.363119034004
              C    -13.542636534481    1.272417437867    2.414385823822
              H     -5.285003743279   -3.071147296454    3.836793758179
              N     -2.438831229175    1.825924454282    2.446874146232
              C     -0.104786083217    3.313490129227    2.542230217982
              C      0.281821129059    5.166036316970    0.357243433671
              C      0.194412303438    4.079729011412   -2.325475222904
              C      1.794877321509    1.739730067390   -2.786386628050
              O      4.317579549645    2.199128811783   -2.077900088384
              C      5.887152471397    0.064867951148   -1.985214104853
              C      6.829025591714   -0.478845852206    0.686011445852
              O      4.888339686241   -0.917112629331    2.440557500398
              C      8.713149288551   -2.686669414861    0.604326721882
              C      9.931571673113   -3.247815286418    3.154830891861
              O      8.246310755405   -4.346415165344    4.858971315151
              O     10.690232170162   -2.088184473636   -1.065977866959
              C      9.953141877251   -1.738410853220   -3.552512063495
              O     12.128188286461   -1.303340549005   -4.914699488851
              C      8.152591297878    0.496151508025   -3.700302249452
              O      7.428634328351    0.766098861709   -6.234295609037
              C     -2.500811920383   -0.759244063048    2.173310305687
              O     -0.695272921297   -2.081754866062    1.855077196473
              H     -6.410184311973   -4.738617352342   -0.035409347346
              H     -5.407720884030    0.175838897199   -2.929459451061
              H     -3.427708911341   -2.606308768939   -5.906125533633
              H     -4.029018534079   -5.323927212633   -3.853716508805
              H    -10.189076604009   -2.868986415316    1.603516586007
              H    -10.256517880825   -1.819040564259   -1.538389398261
              H     -8.326696742101    2.204171124778   -0.326087943579
              H    -10.888810700262    4.042911531523    3.181462761478
              H    -15.069708887054    2.306809496931    3.266457500865
              H    -14.017710569806   -0.533956580397    1.613750183172
              H      1.431836420139    1.985450157517    2.645921242746
              H     -0.140982769906    4.372950622893    4.291414722308
              H     -1.102363455698    6.669170626688    0.495245117121
              H      2.120244004561    6.018897476870    0.667741041878
              H     -1.738246243450    3.599545975765   -2.831595862753
              H      0.775819496440    5.560614962133   -3.623051063314
              H      1.716782666503    1.236792774118   -4.779345024111
              H      1.056323722806    0.153558802034   -1.733933905693
              H      4.859740890450   -1.576291592506   -2.682022149104
              H      7.820363723762    1.177793107540    1.368773513254
              H      3.508542054111   -1.847657199103    1.759417184966
              H      7.740411063785   -4.390124241550   -0.027026467638
              H     11.448922828846   -4.581948818744    2.856866331066
              H     10.757546675321   -1.521167637372    3.907480696809
              H      6.826850910472   -3.263602721848    5.034892528233
              H      8.998677252015   -3.432322464951   -4.242231275589
              H     11.654948485763   -0.718012368076   -6.544207032515
              H      9.175220355485    2.158548542014   -3.064397738261
              H      6.482169959514    2.278605508366   -6.402862819091
$End
$SCF_Energy
   &GeometryIndex 15
   &ListStatus       OUT
   &SCF_ENERGY [&Type "Double"]      -1.4665862695856249e+03
$End
$Mulliken_Population_Analysis
   &GeometryIndex 15
   &ListStatus       OUT
   &NATOMS [&Type "Integer"] 61
   &ATNO [&Type "ArrayOfIntegers", &Dim (61,1)] 
                                                         0

0                                                        8
1                                                        6
2                                                        6
3                                                        1
4                                                        6
5                                                        6
6                                                        6
7                                                        6
8                                                        6
9                                                        6
10                                                       6
11                                                       6
12                                                       1
13                                                       7
14                                                       6
15                                                       6
16                                                       6
17                                                       6
18                                                       8
19                                                       6
20                                                       6
21                                                       8
22                                                       6
23                                                       6
24                                                       8
25                                                       8
26                                                       6
27                                                       8
28                                                       6
29                                                       8
30                                                       6
31                                                       8
32                                                       1
33                                                       1
34                                                       1
35                                                       1
36                                                       1
37                                                       1
38                                                       1
39                                                       1
40                                                       1
41                                                       1
42                                                       1
43                                                       1
44                                                       1
45                                                       1
46                                                       1
47                                                       1
48                                                       1
49                                                       1
50                                                       1
51                                                       1
52                                                       1
53                                                       1
54                                                       1
55                                                       1
56                                                       1
57                                                       1
58                                                       1
59                                                       1
60                                                       1
   &ATOMICCHARGES [&Type "ArrayOfDoubles", &Dim (61,1)] 
                                                         0

0                                     -5.8158215220846188e-01
1                                      8.2267626030086838e-01
2                                     -3.0888888826362049e-01
3                                      2.4004956618560014e-01
4                                     -3.0299536810459138e-01
5                                     -2.0850199090926491e-01
6                                     -1.4380275621363925e-01
7                                     -3.9026669012231618e-01
8                                     -3.2875909095168510e-01
9                                     -2.1006573332944800e-01
10                                    -1.2198474444109131e-01
11                                    -4.1410745827841566e-01
12                                     2.3715938677414239e-01
13                                    -7.8008421144706031e-01
14                                    -1.6492321924073750e-01
15                                    -3.3092090319674483e-01
16                                    -3.5207472458662625e-01
17                                    -1.3823373759453972e-03
18                                    -7.0617419634565159e-01
19                                     1.2866938456730637e-01
20                                     2.0010640900249665e-01
21                                    -8.4362176511941911e-01
22                                     1.1766687870454362e-01
23                                     3.4609002854277371e-02
24                                    -8.0279702807760422e-01
25                                    -6.9096760747699371e-01
26                                     5.8197117537309850e-01
27                                    -7.9290047045560996e-01
28                                     1.2664700255843453e-01
29                                    -8.2064527092386363e-01
30                                     8.4972422779527168e-01
31                                    -6.2560030650837817e-01
32                                     2.0502805575001637e-01
33                                     1.9098003196424596e-01
34                                     1.8630212320632000e-01
35                                     1.8825416865153177e-01
36                                     1.8248657885153907e-01
37                                     1.9723187126143471e-01
38                                     2.0036230027411861e-01
39                                     2.1458501587851897e-01
40                                     1.8854725514618575e-01
41                                     1.8049271437011605e-01
42                                     2.6117512699355683e-01
43                                     2.0596179764110711e-01
44                                     1.9954579843859377e-01
45                                     1.9064380560730831e-01
46                                     1.6152360594218929e-01
47                                     1.7658218398645587e-01
48                                     1.4923142178476834e-01
49                                     1.8535127167989240e-01
50                                     1.6616539107326400e-01
51                                     1.9111693575845767e-01
52                                     5.0057330678236878e-01
53                                     1.6400846834177707e-01
54                                     1.9152743773289771e-01
55                                     1.5079217209963691e-01
56                                     4.8385095309610404e-01
57                                     1.4162340596978706e-01
58                                     4.7004514271333098e-01
59                                     1.8876582275032217e-01
60                                     4.7101345571555853e-01
$End
$Loewdin_Population_Analysis
   &GeometryIndex 15
   &ListStatus       OUT
   &NATOMS [&Type "Integer"] 61
   &ATNO [&Type "ArrayOfIntegers", &Dim (61,1)] 
                                                         0

0                                                        8
1                                                        6
2                                                        6
3                                                        1
4                                                        6
5                                                        6
6                                                        6
7                                                        6
8                                                        6
9                                                        6
10                                                       6
11                                                       6
12                                                       1
13                                                       7
14                                                       6
15                                                       6
16                                                       6
17                                                       6
18                                                       8
19                                                       6
20                                                       6
21                                                       8
22                                                       6
23                                                       6
24                                                       8
25                                                       8
26                                                       6
27                                                       8
28                                                       6
29                                                       8
30                                                       6
31                                                       8
32                                                       1
33                                                       1
34                                                       1
35                                                       1
36                                                       1
37                                                       1
38                                                       1
39                                                       1
40                                                       1
41                                                       1
42                                                       1
43                                                       1
44                                                       1
45                                                       1
46                                                       1
47                                                       1
48                                                       1
49                                                       1
50                                                       1
51                                                       1
52                                                       1
53                                                       1
54                                                       1
55                                                       1
56                                                       1
57                                                       1
58                                                       1
59                                                       1
60                                                       1
   &ATOMICCHARGES [&Type "ArrayOfDoubles", &Dim (61,1)] 
                                                         0

0                                     -2.8641258016531879e-01
1                                      2.0303092295440184e-01
2                                     -1.4063253229519912e-01
3                                      1.5760304990568064e-01
4                                     -1.3871877161201951e-01
5                                     -1.0644817799352424e-01
6                                     -1.4557607187035959e-01
7                                     -2.6278874990148715e-01
8                                     -2.2034952172713584e-01
9                                     -1.1237061189683484e-01
10                                    -1.2897756616272815e-01
11                                    -2.8362937537402644e-01
12                                     1.5669500944745929e-01
13                                    -1.1740174492071365e-01
14                                    -1.4000108762473928e-01
15                                    -2.3622982290037253e-01
16                                    -2.3897353786118725e-01
17                                    -7.9431049450173319e-02
18                                    -2.9943977826562396e-01
19                                    -9.6626884420789594e-03
20                                    -7.1308015937781022e-03
21                                    -4.4491937588550812e-01
22                                    -1.0698024627083136e-02
23                                    -7.1147135343723633e-02
24                                    -4.6518752405964392e-01
25                                    -2.5933200830761116e-01
26                                     1.2172453173069631e-01
27                                    -4.1805818860137478e-01
28                                    -2.4034300714074419e-02
29                                    -4.5320220800357269e-01
30                                     2.1348471160860782e-01
31                                    -3.1099866461829961e-01
32                                     1.3706998840184115e-01
33                                     1.2943826630090627e-01
34                                     1.3690829168963914e-01
35                                     1.3644143965529665e-01
36                                     1.2809262292335721e-01
37                                     1.3423623600159362e-01
38                                     1.3393456685877903e-01
39                                     1.4491789701421809e-01
40                                     1.3825919842580214e-01
41                                     1.3121409796609151e-01
42                                     1.5945180076902488e-01
43                                     1.4117374171964925e-01
44                                     1.3682360632095358e-01
45                                     1.3707422327284169e-01
46                                     1.2050558139938339e-01
47                                     1.2832207530627404e-01
48                                     1.0481019777492495e-01
49                                     1.1854943208727642e-01
50                                     1.1557976614899856e-01
51                                     1.3040400555480769e-01
52                                     3.3792942804925441e-01
53                                     1.1069276264991901e-01
54                                     1.3307446497594833e-01
55                                     1.0742533666785359e-01
56                                     3.2925702125960721e-01
57                                     9.3855129431527073e-02
58                                     3.4040024862223628e-01
59                                     1.2513478639597164e-01
60                                     3.3823746092770879e-01
$End
$Mayer_Population_Analysis
   &GeometryIndex 15
   &ListStatus       OUT
   &NATOMS [&Type "Integer"] 61 "Total number of atoms"
   &BONDTHRESH [&Type "Double"]       1.0000000000000001e-01  "The threshold for printing"
   &NBONDORDERSPRINT [&Type "Integer"] 63 "The number of bond orders larger than threshold"
   &BONDORDERS [&Type "ArrayOfDoubles", &Dim (63,1)] "The bond orders"
                                                         0

0                                      1.8275473239506164e+00
1                                      9.5210463039587256e-01
2                                      9.6579245486908150e-01
3                                      9.2452076390946847e-01
4                                      9.5381136852187853e-01
5                                      9.4274676971429139e-01
6                                      9.4663019006868665e-01
7                                      9.2998091982598208e-01
8                                      9.5927454529165035e-01
9                                      9.9381159369091587e-01
10                                     9.6820340585925713e-01
11                                     9.5245834306355981e-01
12                                     1.9567520932435760e+00
13                                     9.3851041828589687e-01
14                                     9.5335868440681815e-01
15                                     9.5118012383122219e-01
16                                     9.6908620279851754e-01
17                                     9.4945000391659384e-01
18                                     9.4848493514020904e-01
19                                     1.0106402675205040e+00
20                                     9.3885605574375652e-01
21                                     1.9561107554029147e+00
22                                     9.3560055904772965e-01
23                                     9.5192589332024280e-01
24                                     9.5179749978274564e-01
25                                     7.9472799806070571e-01
26                                     9.9653945673528188e-01
27                                     9.7321983322868511e-01
28                                     9.0884270749131035e-01
29                                     9.4926774087895882e-01
30                                     9.7045135273822392e-01
31                                     9.4484038314383678e-01
32                                     9.4499017959602738e-01
33                                     9.8977595798291773e-01
34                                     9.5023606519379888e-01
35                                     9.5445096259804851e-01
36                                     8.1265950051564850e-01
37                                     9.5174488453456896e-01
38                                     9.2570361846262750e-01
39                                     8.0031419943459348e-01
40                                     9.8268676312050307e-01
41                                     9.6384433452892548e-01
42                                     9.3424558708629923e-01
43                                     8.0611788542834506e-01
44                                     9.3031699655076316e-01
45                                     9.3392101049331000e-01
46                                     6.8642359894122973e-01
47                                     9.8223674422753349e-01
48                                     7.9596200683835661e-01
49                                     9.3446473658583473e-01
50                                     8.7424828604191041e-01
51                                     9.4926395257104701e-01
52                                     9.4617293819936676e-01
53                                     7.0769323609689549e-01
54                                     8.4173623692736022e-01
55                                     8.7600702480631309e-01
56                                     9.4883146889230097e-01
57                                     9.4191838709182396e-01
58                                     7.3309600433635891e-01
59                                     8.2202242663632508e-01
60                                     9.3244714908546833e-01
61                                     7.3699206022428454e-01
62                                     1.7386078231189843e+00
   &COMPONENTS [&Type "ArrayOfIntegers", &Dim (63,4)] "The indices and atomic numbers of the bonding atoms"
                                                         0                           1                           2                           3

0                                                        0                           8                           1                           6
1                                                        1                           6                           2                           6
2                                                        1                           6                          13                           7
3                                                        2                           6                           3                           1
4                                                        2                           6                           4                           6
5                                                        2                           6                           9                           6
6                                                        4                           6                           5                           6
7                                                        4                           6                          12                           1
8                                                        4                           6                          30                           6
9                                                        5                           6                           6                           6
10                                                       5                           6                           8                           6
11                                                       5                           6                          32                           1
12                                                       6                           6                           7                           6
13                                                       6                           6                          33                           1
14                                                       7                           6                          34                           1
15                                                       7                           6                          35                           1
16                                                       8                           6                           9                           6
17                                                       8                           6                          36                           1
18                                                       8                           6                          37                           1
19                                                       9                           6                          10                           6
20                                                       9                           6                          38                           1
21                                                      10                           6                          11                           6
22                                                      10                           6                          39                           1
23                                                      11                           6                          40                           1
24                                                      11                           6                          41                           1
25                                                      13                           7                          14                           6
26                                                      13                           7                          30                           6
27                                                      14                           6                          15                           6
28                                                      14                           6                          42                           1
29                                                      14                           6                          43                           1
30                                                      15                           6                          16                           6
31                                                      15                           6                          44                           1
32                                                      15                           6                          45                           1
33                                                      16                           6                          17                           6
34                                                      16                           6                          46                           1
35                                                      16                           6                          47                           1
36                                                      17                           6                          18                           8
37                                                      17                           6                          48                           1
38                                                      17                           6                          49                           1
39                                                      18                           8                          19                           6
40                                                      19                           6                          20                           6
41                                                      19                           6                          28                           6
42                                                      19                           6                          50                           1
43                                                      20                           6                          21                           8
44                                                      20                           6                          22                           6
45                                                      20                           6                          51                           1
46                                                      21                           8                          52                           1
47                                                      22                           6                          23                           6
48                                                      22                           6                          25                           8
49                                                      22                           6                          53                           1
50                                                      23                           6                          24                           8
51                                                      23                           6                          54                           1
52                                                      23                           6                          55                           1
53                                                      24                           8                          56                           1
54                                                      25                           8                          26                           6
55                                                      26                           6                          27                           8
56                                                      26                           6                          28                           6
57                                                      26                           6                          57                           1
58                                                      27                           8                          58                           1
59                                                      28                           6                          29                           8
60                                                      28                           6                          59                           1
61                                                      29                           8                          60                           1
62                                                      30                           6                          31                           8
   &ATNO [&Type "ArrayOfIntegers", &Dim (61,1)] "Atomic number of the elements"
                                                         0

0                                                        8
1                                                        6
2                                                        6
3                                                        1
4                                                        6
5                                                        6
6                                                        6
7                                                        6
8                                                        6
9                                                        6
10                                                       6
11                                                       6
12                                                       1
13                                                       7
14                                                       6
15                                                       6
16                                                       6
17                                                       6
18                                                       8
19                                                       6
20                                                       6
21                                                       8
22                                                       6
23                                                       6
24                                                       8
25                                                       8
26                                                       6
27                                                       8
28                                                       6
29                                                       8
30                                                       6
31                                                       8
32                                                       1
33                                                       1
34                                                       1
35                                                       1
36                                                       1
37                                                       1
38                                                       1
39                                                       1
40                                                       1
41                                                       1
42                                                       1
43                                                       1
44                                                       1
45                                                       1
46                                                       1
47                                                       1
48                                                       1
49                                                       1
50                                                       1
51                                                       1
52                                                       1
53                                                       1
54                                                       1
55                                                       1
56                                                       1
57                                                       1
58                                                       1
59                                                       1
60                                                       1
   &NA [&Type "ArrayOfDoubles", &Dim (61,1)] "Mulliken gross atomic population"
                                                         0

0                                      8.5815821522084867e+00
1                                      5.1773237396991201e+00
2                                      6.3088888882636178e+00
3                                      7.5995043381439942e-01
4                                      6.3029953681045701e+00
5                                      6.2085019909092596e+00
6                                      6.1438027562136339e+00
7                                      6.3902666901222993e+00
8                                      6.3287590909517082e+00
9                                      6.2100657333294427e+00
10                                     6.1219847444410931e+00
11                                     6.4141074582784077e+00
12                                     7.6284061322585828e-01
13                                     7.7800842114470798e+00
14                                     6.1649232192407428e+00
15                                     6.3309209031967528e+00
16                                     6.3520747245866414e+00
17                                     6.0013823373759543e+00
18                                     8.7061741963456623e+00
19                                     5.8713306154327176e+00
20                                     5.7998935909974909e+00
21                                     8.8436217651194031e+00
22                                     5.8823331212954546e+00
23                                     5.9653909971457288e+00
24                                     8.8027970280775989e+00
25                                     8.6909676074770061e+00
26                                     5.4180288246268962e+00
27                                     8.7929004704556224e+00
28                                     5.8733529974415752e+00
29                                     8.8206452709238690e+00
30                                     5.1502757722047336e+00
31                                     8.6256003065083728e+00
32                                     7.9497194424998463e-01
33                                     8.0901996803575360e-01
34                                     8.1369787679367933e-01
35                                     8.1174583134846767e-01
36                                     8.1751342114845937e-01
37                                     8.0276812873856507e-01
38                                     7.9963769972588117e-01
39                                     7.8541498412148048e-01
40                                     8.1145274485381480e-01
41                                     8.1950728562988329e-01
42                                     7.3882487300644206e-01
43                                     7.9403820235889344e-01
44                                     8.0045420156140501e-01
45                                     8.0935619439269180e-01
46                                     8.3847639405781071e-01
47                                     8.2341781601354525e-01
48                                     8.5076857821523222e-01
49                                     8.1464872832010859e-01
50                                     8.3383460892673500e-01
51                                     8.0888306424154310e-01
52                                     4.9942669321763117e-01
53                                     8.3599153165822315e-01
54                                     8.0847256226710262e-01
55                                     8.4920782790036309e-01
56                                     5.1614904690389629e-01
57                                     8.5837659403021183e-01
58                                     5.2995485728666913e-01
59                                     8.1123417724967706e-01
60                                     5.2898654428444092e-01
   &ZA [&Type "ArrayOfDoubles", &Dim (61,1)] "Total nuclear charge"
                                                         0

0                                      8.0000000000000000e+00
1                                      6.0000000000000000e+00
2                                      6.0000000000000000e+00
3                                      1.0000000000000000e+00
4                                      6.0000000000000000e+00
5                                      6.0000000000000000e+00
6                                      6.0000000000000000e+00
7                                      6.0000000000000000e+00
8                                      6.0000000000000000e+00
9                                      6.0000000000000000e+00
10                                     6.0000000000000000e+00
11                                     6.0000000000000000e+00
12                                     1.0000000000000000e+00
13                                     7.0000000000000000e+00
14                                     6.0000000000000000e+00
15                                     6.0000000000000000e+00
16                                     6.0000000000000000e+00
17                                     6.0000000000000000e+00
18                                     8.0000000000000000e+00
19                                     6.0000000000000000e+00
20                                     6.0000000000000000e+00
21                                     8.0000000000000000e+00
22                                     6.0000000000000000e+00
23                                     6.0000000000000000e+00
24                                     8.0000000000000000e+00
25                                     8.0000000000000000e+00
26                                     6.0000000000000000e+00
27                                     8.0000000000000000e+00
28                                     6.0000000000000000e+00
29                                     8.0000000000000000e+00
30                                     6.0000000000000000e+00
31                                     8.0000000000000000e+00
32                                     1.0000000000000000e+00
33                                     1.0000000000000000e+00
34                                     1.0000000000000000e+00
35                                     1.0000000000000000e+00
36                                     1.0000000000000000e+00
37                                     1.0000000000000000e+00
38                                     1.0000000000000000e+00
39                                     1.0000000000000000e+00
40                                     1.0000000000000000e+00
41                                     1.0000000000000000e+00
42                                     1.0000000000000000e+00
43                                     1.0000000000000000e+00
44                                     1.0000000000000000e+00
45                                     1.0000000000000000e+00
46                                     1.0000000000000000e+00
47                                     1.0000000000000000e+00
48                                     1.0000000000000000e+00
49                                     1.0000000000000000e+00
50                                     1.0000000000000000e+00
51                                     1.0000000000000000e+00
52                                     1.0000000000000000e+00
53                                     1.0000000000000000e+00
54                                     1.0000000000000000e+00
55                                     1.0000000000000000e+00
56                                     1.0000000000000000e+00
57                                     1.0000000000000000e+00
58                                     1.0000000000000000e+00
59                                     1.0000000000000000e+00
60                                     1.0000000000000000e+00
   &QA [&Type "ArrayOfDoubles", &Dim (61,1)] "Mulliken gross atomic charge"
                                                         0

0                                     -5.8158215220848675e-01
1                                      8.2267626030087992e-01
2                                     -3.0888888826361782e-01
3                                      2.4004956618560058e-01
4                                     -3.0299536810457006e-01
5                                     -2.0850199090925958e-01
6                                     -1.4380275621363392e-01
7                                     -3.9026669012229931e-01
8                                     -3.2875909095170819e-01
9                                     -2.1006573332944267e-01
10                                    -1.2198474444109308e-01
11                                    -4.1410745827840767e-01
12                                     2.3715938677414172e-01
13                                    -7.8008421144707984e-01
14                                    -1.6492321924074282e-01
15                                    -3.3092090319675282e-01
16                                    -3.5207472458664135e-01
17                                    -1.3823373759542790e-03
18                                    -7.0617419634566225e-01
19                                     1.2866938456728239e-01
20                                     2.0010640900250909e-01
21                                    -8.4362176511940312e-01
22                                     1.1766687870454540e-01
23                                     3.4609002854271154e-02
24                                    -8.0279702807759890e-01
25                                    -6.9096760747700614e-01
26                                     5.8197117537310383e-01
27                                    -7.9290047045562240e-01
28                                     1.2664700255842476e-01
29                                    -8.2064527092386896e-01
30                                     8.4972422779526635e-01
31                                    -6.2560030650837284e-01
32                                     2.0502805575001537e-01
33                                     1.9098003196424640e-01
34                                     1.8630212320632067e-01
35                                     1.8825416865153233e-01
36                                     1.8248657885154063e-01
37                                     1.9723187126143493e-01
38                                     2.0036230027411883e-01
39                                     2.1458501587851952e-01
40                                     1.8854725514618520e-01
41                                     1.8049271437011671e-01
42                                     2.6117512699355794e-01
43                                     2.0596179764110656e-01
44                                     1.9954579843859499e-01
45                                     1.9064380560730820e-01
46                                     1.6152360594218929e-01
47                                     1.7658218398645475e-01
48                                     1.4923142178476778e-01
49                                     1.8535127167989141e-01
50                                     1.6616539107326500e-01
51                                     1.9111693575845690e-01
52                                     5.0057330678236878e-01
53                                     1.6400846834177685e-01
54                                     1.9152743773289738e-01
55                                     1.5079217209963691e-01
56                                     4.8385095309610371e-01
57                                     1.4162340596978817e-01
58                                     4.7004514271333087e-01
59                                     1.8876582275032294e-01
60                                     4.7101345571555908e-01
   &VA [&Type "ArrayOfDoubles", &Dim (61,1)] "Mayer's total valence"
                                                         0

0                                      1.9183664120078312e+00
1                                      3.7092889962442910e+00
2                                      3.6538899215548506e+00
3                                      9.1224437346837006e-01
4                                      3.6850685637565741e+00
5                                      3.7862061781298659e+00
6                                      3.8042876262711531e+00
7                                      3.8827718249734406e+00
8                                      3.7277382234915546e+00
9                                      3.7804649185108481e+00
10                                     3.8229540067641494e+00
11                                     3.8669763856071122e+00
12                                     9.1108008570430110e-01
13                                     2.7562884360243669e+00
14                                     3.6061983677285907e+00
15                                     3.7476754581025582e+00
16                                     3.7890397515090029e+00
17                                     3.6512104859229848e+00
18                                     1.6242547547041484e+00
19                                     3.6482478872663515e+00
20                                     3.5962716841184794e+00
21                                     1.5868841923146007e+00
22                                     3.6027106592291389e+00
23                                     3.7178710357878963e+00
24                                     1.5938020414840044e+00
25                                     1.6534798735654699e+00
26                                     3.5864555803050280e+00
27                                     1.6284997546312134e+00
28                                     3.6367046794036022e+00
29                                     1.5843534609967804e+00
30                                     3.6711768865083343e+00
31                                     1.8727264155265118e+00
32                                     9.2106391514879693e-01
33                                     9.2949638123719380e-01
34                                     9.3435951878317669e-01
35                                     9.3371955174364762e-01
36                                     9.2544555157765196e-01
37                                     9.2609194363195535e-01
38                                     9.1442254921193167e-01
39                                     9.2308996135849541e-01
40                                     9.3399404212577630e-01
41                                     9.3399858287282778e-01
42                                     9.1440530757862670e-01
43                                     9.1995895123827087e-01
44                                     9.2162959757545038e-01
45                                     9.2147768892912196e-01
46                                     9.2743776608626616e-01
47                                     9.2370157919919893e-01
48                                     9.2803428446949821e-01
49                                     9.2853003911301746e-01
50                                     9.3293197140944306e-01
51                                     9.2419537572189370e-01
52                                     7.2879350349343053e-01
53                                     9.2887200406162196e-01
54                                     9.2464019403035924e-01
55                                     9.2694541430865296e-01
56                                     7.4744137035770786e-01
57                                     9.3047919905397647e-01
58                                     7.5621615872249359e-01
59                                     9.2506169005052552e-01
60                                     7.5176322242166194e-01
   &BVA [&Type "ArrayOfDoubles", &Dim (61,1)] "Mayer's bonded valence"
                                                         0

0                                      1.9183664120078210e+00
1                                      3.7092889962443114e+00
2                                      3.6538899215548337e+00
3                                      9.1224437346837040e-01
4                                      3.6850685637565928e+00
5                                      3.7862061781298229e+00
6                                      3.8042876262711354e+00
7                                      3.8827718249734695e+00
8                                      3.7277382234914520e+00
9                                      3.7804649185108383e+00
10                                     3.8229540067641041e+00
11                                     3.8669763856070851e+00
12                                     9.1108008570429977e-01
13                                     2.7562884360242950e+00
14                                     3.6061983677285565e+00
15                                     3.7476754581025236e+00
16                                     3.7890397515089251e+00
17                                     3.6512104859229395e+00
18                                     1.6242547547041346e+00
19                                     3.6482478872663067e+00
20                                     3.5962716841184497e+00
21                                     1.5868841923145829e+00
22                                     3.6027106592291283e+00
23                                     3.7178710357878981e+00
24                                     1.5938020414840608e+00
25                                     1.6534798735654324e+00
26                                     3.5864555803050022e+00
27                                     1.6284997546311792e+00
28                                     3.6367046794036004e+00
29                                     1.5843534609967691e+00
30                                     3.6711768865083365e+00
31                                     1.8727264155265309e+00
32                                     9.2106391514879060e-01
33                                     9.2949638123719114e-01
34                                     9.3435951878318080e-01
35                                     9.3371955174364940e-01
36                                     9.2544555157765240e-01
37                                     9.2609194363194614e-01
38                                     9.1442254921192867e-01
39                                     9.2308996135848409e-01
40                                     9.3399404212576542e-01
41                                     9.3399858287282667e-01
42                                     9.1440530757862692e-01
43                                     9.1995895123826887e-01
44                                     9.2162959757545493e-01
45                                     9.2147768892911741e-01
46                                     9.2743776608626383e-01
47                                     9.2370157919919493e-01
48                                     9.2803428446948744e-01
49                                     9.2853003911301002e-01
50                                     9.3293197140945072e-01
51                                     9.2419537572188193e-01
52                                     7.2879350349343119e-01
53                                     9.2887200406162329e-01
54                                     9.2464019403035869e-01
55                                     9.2694541430865485e-01
56                                     7.4744137035770641e-01
57                                     9.3047919905397003e-01
58                                     7.5621615872249126e-01
59                                     9.2506169005052585e-01
60                                     7.5176322242166682e-01
   &FA [&Type "ArrayOfDoubles", &Dim (61,1)] "Mayer's free valence"
                                                         0

0                                      0.0000000000000000e+00
1                                      0.0000000000000000e+00
2                                      0.0000000000000000e+00
3                                      0.0000000000000000e+00
4                                      0.0000000000000000e+00
5                                      0.0000000000000000e+00
6                                      0.0000000000000000e+00
7                                      0.0000000000000000e+00
8                                      0.0000000000000000e+00
9                                      0.0000000000000000e+00
10                                     0.0000000000000000e+00
11                                     0.0000000000000000e+00
12                                     0.0000000000000000e+00
13                                     0.0000000000000000e+00
14                                     0.0000000000000000e+00
15                                     0.0000000000000000e+00
16                                     0.0000000000000000e+00
17                                     0.0000000000000000e+00
18                                     0.0000000000000000e+00
19                                     0.0000000000000000e+00
20                                     0.0000000000000000e+00
21                                     0.0000000000000000e+00
22                                     0.0000000000000000e+00
23                                     0.0000000000000000e+00
24                                     0.0000000000000000e+00
25                                     0.0000000000000000e+00
26                                     0.0000000000000000e+00
27                                     0.0000000000000000e+00
28                                     0.0000000000000000e+00
29                                     0.0000000000000000e+00
30                                     0.0000000000000000e+00
31                                     0.0000000000000000e+00
32                                     0.0000000000000000e+00
33                                     0.0000000000000000e+00
34                                     0.0000000000000000e+00
35                                     0.0000000000000000e+00
36                                     0.0000000000000000e+00
37                                     0.0000000000000000e+00
38                                     0.0000000000000000e+00
39                                     0.0000000000000000e+00
40                                     0.0000000000000000e+00
41                                     0.0000000000000000e+00
42                                     0.0000000000000000e+00
43                                     0.0000000000000000e+00
44                                     0.0000000000000000e+00
45                                     0.0000000000000000e+00
46                                     0.0000000000000000e+00
47                                     0.0000000000000000e+00
48                                     0.0000000000000000e+00
49                                     0.0000000000000000e+00
50                                     0.0000000000000000e+00
51                                     0.0000000000000000e+00
52                                     0.0000000000000000e+00
53                                     0.0000000000000000e+00
54                                     0.0000000000000000e+00
55                                     0.0000000000000000e+00
56                                     0.0000000000000000e+00
57                                     0.0000000000000000e+00
58                                     0.0000000000000000e+00
59                                     0.0000000000000000e+00
60                                     0.0000000000000000e+00
$End
$SCF_Dipole_Moment
   &GeometryIndex 15
   &ListStatus       OUT
   &METHOD [&Type "String"] "SCF"
   &LEVEL [&Type "String"] "Relaxed density"
   &MULT [&Type "Integer"] 1
   &STATE [&Type "Integer"] -1
   &IRREP [&Type "Integer"] 0
   &NATOMS [&Type "Integer"] 61
   &DODIPOLEATOM [&Type "Boolean"] false
   &DIPOLEELECCONTRIB [&Type "ArrayOfDoubles", &Dim (3,1)] "Electronic contribution"
                                                         0

0                                      1.1784489580940402e+01
1                                     -2.5126196720383775e-01
2                                      4.6743389006918417e+00
   &DIPOLENUCCONTRIB [&Type "ArrayOfDoubles", &Dim (3,1)] "Nuclear contribution"
                                                         0

0                                     -1.4594103774915368e+01
1                                      4.5859768842594972e-01
2                                     -5.6804645946354393e+00
   &DIPOLETOTAL [&Type "ArrayOfDoubles", &Dim (3,1)] "Total"
                                                         0

0                                     -2.8096141939749657e+00
1                                      2.0733572122211197e-01
2                                     -1.0061256939435976e+00
   &DIPOLEMAGNITUDE [&Type "Double", &Units "a.u."]       2.9915228450228781e+00
$End
